Frame,Time (Seconds),RFoot:Rotation:X,RFoot:Rotation:Y,RFoot:Rotation:Z,RFoot:Rotation:W,RFoot:Position:X,RFoot:Position:Y,RFoot:Position:Z,LFoot:Rotation:X,LFoot:Rotation:Y,LFoot:Rotation:Z,LFoot:Rotation:W,LFoot:Position:X,LFoot:Position:Y,LFoot:Position:Z,Waist:Rotation:X,Waist:Rotation:Y,Waist:Rotation:Z,Waist:Rotation:W,Waist:Position:X,Waist:Position:Y,Waist:Position:Z
0,0.000000,-0.002507,-0.012557,0.794667,-0.606911,1.386754,0.255715,0.378829,0.002282,0.005142,-0.878060,0.478518,1.180714,0.274457,0.370644,-0.025907,-0.004167,0.784245,-0.619896,1.255920,0.263397,1.289230
1,0.008333,-0.002560,-0.012170,0.794692,-0.606886,1.386719,0.255729,0.378800,0.002206,0.005015,-0.878060,0.478519,1.180717,0.274461,0.370626,-0.024794,-0.003554,0.783956,-0.620311,1.255432,0.263498,1.289180
2,0.016667,-0.002728,-0.011862,0.794763,-0.606798,1.386701,0.255732,0.378796,0.002085,0.005025,-0.878074,0.478493,1.180717,0.274466,0.370594,-0.024163,-0.003396,0.783643,-0.620732,1.254811,0.263498,1.289236
3,0.025000,-0.002918,-0.011581,0.794819,-0.606729,1.386690,0.255744,0.378789,0.002047,0.004972,-0.878118,0.478414,1.180740,0.274466,0.370586,-0.024225,-0.003383,0.783190,-0.621301,1.254013,0.263458,1.289275
4,0.033333,-0.003067,-0.011435,0.794878,-0.606653,1.386674,0.255758,0.378797,0.001990,0.004983,-0.878134,0.478384,1.180760,0.274467,0.370575,-0.024668,-0.002320,0.782753,-0.621839,1.253196,0.263522,1.289268
5,0.041667,-0.003155,-0.011334,0.794935,-0.606581,1.386670,0.255777,0.378800,0.001885,0.005090,-0.878105,0.478438,1.180747,0.274475,0.370579,-0.024830,-0.002017,0.782597,-0.622030,1.252451,0.263492,1.289182
6,0.050000,-0.003239,-0.011206,0.794982,-0.606521,1.386652,0.255804,0.378801,0.001751,0.005203,-0.878085,0.478473,1.180752,0.274482,0.370575,-0.024657,-0.001208,0.782272,-0.622448,1.252066,0.263624,1.289226
7,0.058333,-0.003450,-0.011031,0.795061,-0.606419,1.386645,0.255817,0.378826,0.001720,0.005250,-0.878098,0.478449,1.180759,0.274494,0.370565,-0.024473,-0.000805,0.782056,-0.622727,1.251679,0.263691,1.289312
8,0.066667,-0.003540,-0.010841,0.795101,-0.606370,1.386629,0.255848,0.378828,0.001677,0.005167,-0.878099,0.478447,1.180767,0.274496,0.370569,-0.024067,-0.000658,0.782084,-0.622708,1.251349,0.263756,1.289253
9,0.075000,-0.003620,-0.010684,0.795157,-0.606298,1.386606,0.255870,0.378825,0.002389,-0.000349,-0.879362,0.476148,1.181179,0.274459,0.370166,-0.023875,-0.000962,0.782228,-0.622534,1.251032,0.263788,1.289214
10,0.083333,-0.003669,-0.010462,0.795187,-0.606262,1.386591,0.255899,0.378818,0.001632,0.004956,-0.878069,0.478506,1.180759,0.274513,0.370542,-0.023521,-0.001120,0.782314,-0.622440,1.250953,0.263932,1.289275
11,0.091667,-0.003836,-0.010122,0.795254,-0.606180,1.386577,0.255917,0.378800,0.001562,0.004972,-0.878057,0.478527,1.180760,0.274520,0.370544,-0.023495,-0.001197,0.782205,-0.622577,1.250987,0.264203,1.289374
12,0.100000,-0.003898,-0.009952,0.795213,-0.606236,1.386561,0.255941,0.378790,0.001571,0.005256,-0.878099,0.478448,1.180774,0.274517,0.370584,-0.023844,-0.001972,0.782288,-0.622458,1.250837,0.264238,1.289376
13,0.108333,-0.003970,-0.009577,0.795258,-0.606183,1.386546,0.255954,0.378767,0.001552,0.005446,-0.878065,0.478507,1.180776,0.274527,0.370591,-0.024568,-0.002390,0.782322,-0.622385,1.250685,0.264313,1.289258
14,0.116667,-0.003925,-0.009378,0.795258,-0.606186,1.386538,0.255983,0.378745,0.001435,0.005411,-0.878053,0.478531,1.180788,0.274532,0.370594,-0.024560,-0.002298,0.782383,-0.622309,1.250497,0.264461,1.289235
15,0.125000,-0.003934,-0.009134,0.795309,-0.606122,1.386531,0.255994,0.378725,0.001297,0.005388,-0.878072,0.478496,1.180799,0.274527,0.370606,-0.024540,-0.002059,0.782397,-0.622293,1.250285,0.264631,1.289214
16,0.133333,-0.003962,-0.008860,0.795352,-0.606071,1.386532,0.256016,0.378699,0.001314,0.005490,-0.878081,0.478479,1.180815,0.274539,0.370602,-0.024744,-0.002270,0.782387,-0.622297,1.250062,0.264766,1.289214
17,0.141667,-0.003878,-0.008688,0.795395,-0.606017,1.386541,0.256033,0.378670,0.001146,0.005700,-0.878048,0.478537,1.180823,0.274547,0.370603,-0.024565,-0.002410,0.782350,-0.622350,1.249859,0.264929,1.289223
18,0.150000,-0.003840,-0.008545,0.795421,-0.605985,1.386541,0.256054,0.378647,0.001162,0.005699,-0.878068,0.478500,1.180849,0.274548,0.370592,-0.024280,-0.002150,0.782293,-0.622433,1.249597,0.265185,1.289237
19,0.158333,-0.003836,-0.008377,0.795457,-0.605940,1.386549,0.256069,0.378620,0.001014,0.005747,-0.878064,0.478508,1.180864,0.274559,0.370592,-0.024568,-0.001716,0.782044,-0.622737,1.249327,0.265401,1.289119
20,0.166667,-0.003793,-0.008193,0.795497,-0.605890,1.386550,0.256081,0.378585,0.000886,0.005922,-0.878063,0.478508,1.180881,0.274557,0.370607,-0.023888,0.003611,0.781827,-0.623027,1.249061,0.265565,1.287828
21,0.175000,-0.003856,-0.007920,0.795533,-0.605846,1.386554,0.256091,0.378570,0.000704,0.006173,-0.878028,0.478569,1.180883,0.274563,0.370606,-0.023684,0.003939,0.781816,-0.623047,1.248937,0.265704,1.287720
22,0.183333,-0.003908,-0.007675,0.795553,-0.605823,1.386552,0.256106,0.378538,0.000695,0.006210,-0.878075,0.478483,1.180911,0.274568,0.370578,-0.023521,0.004200,0.781859,-0.622998,1.248872,0.265846,1.287647
23,0.191667,-0.003853,-0.007499,0.795601,-0.605763,1.386549,0.256129,0.378504,0.000548,0.006341,-0.878059,0.478509,1.180920,0.274569,0.370582,-0.023299,0.004490,0.781906,-0.622945,1.248837,0.265989,1.287603
24,0.200000,-0.003802,-0.007356,0.795629,-0.605728,1.386543,0.256137,0.378474,0.000380,0.006479,-0.878067,0.478493,1.180925,0.274569,0.370588,-0.023461,0.004215,0.781854,-0.623006,1.248697,0.266126,1.287450
25,0.208333,-0.003818,-0.007109,0.795700,-0.605637,1.386555,0.256156,0.378449,0.000367,0.006496,-0.878069,0.478489,1.180947,0.274580,0.370573,-0.023266,0.004486,0.781786,-0.623096,1.248651,0.266270,1.287408
26,0.216667,-0.003793,-0.006963,0.795744,-0.605581,1.386540,0.256163,0.378421,0.000279,0.006611,-0.878076,0.478476,1.180960,0.274582,0.370571,-0.023250,0.004533,0.781725,-0.623174,1.248538,0.266344,1.287342
27,0.225000,-0.003752,-0.006816,0.795799,-0.605511,1.386552,0.256175,0.378393,0.000215,0.006686,-0.878087,0.478454,1.180982,0.274584,0.370559,-0.023075,0.004633,0.781637,-0.623289,1.248481,0.266447,1.287317
28,0.233333,-0.003704,-0.006671,0.795853,-0.605441,1.386552,0.256175,0.378365,0.000060,0.006863,-0.878077,0.478469,1.180981,0.274583,0.370560,-0.023336,0.004426,0.781447,-0.623519,1.248295,0.266467,1.287296
29,0.241667,-0.003672,-0.006631,0.795836,-0.605464,1.386553,0.256189,0.378357,-0.000029,0.006974,-0.878046,0.478525,1.180983,0.274590,0.370568,-0.023193,0.004378,0.781287,-0.623725,1.248147,0.266501,1.287217
30,0.250000,-0.003644,-0.006559,0.795891,-0.605393,1.386569,0.256192,0.378347,-0.000003,0.006957,-0.878114,0.478400,1.181013,0.274594,0.370544,-0.023135,0.004510,0.781133,-0.623920,1.248087,0.266538,1.287194
31,0.258333,-0.003642,-0.006493,0.795938,-0.605332,1.386578,0.256196,0.378335,-0.000081,0.007108,-0.878083,0.478456,1.181014,0.274601,0.370554,-0.023022,0.004719,0.780944,-0.624159,1.248077,0.266576,1.287246
32,0.266667,-0.003569,-0.006529,0.795929,-0.605345,1.386576,0.256199,0.378338,-0.000203,0.007112,-0.878106,0.478413,1.181027,0.274601,0.370538,-0.022986,0.004781,0.780788,-0.624355,1.248032,0.266599,1.287228
33,0.275000,-0.003556,-0.006600,0.795932,-0.605339,1.386592,0.256198,0.378336,-0.000244,0.007253,-0.878096,0.478430,1.181035,0.274600,0.370556,-0.023013,0.004868,0.780628,-0.624553,1.247976,0.266613,1.287242
34,0.283333,-0.003483,-0.006671,0.795952,-0.605313,1.386595,0.256203,0.378340,-0.000399,0.007421,-0.878083,0.478451,1.181030,0.274606,0.370552,-0.022966,0.004954,0.780506,-0.624707,1.247950,0.266635,1.287254
35,0.291667,-0.003424,-0.006760,0.795970,-0.605289,1.386609,0.256203,0.378345,-0.000350,0.007319,-0.878161,0.478309,1.181073,0.274598,0.370541,-0.022993,0.005104,0.780360,-0.624887,1.247929,0.266673,1.287266
36,0.300000,-0.003379,-0.006840,0.795938,-0.605330,1.386607,0.256211,0.378345,-0.000365,0.007346,-0.878169,0.478294,1.181083,0.274590,0.370552,-0.022960,0.005230,0.780255,-0.625018,1.247908,0.266707,1.287270
37,0.308333,-0.003306,-0.007006,0.795949,-0.605314,1.386619,0.256204,0.378357,-0.000470,0.007580,-0.878151,0.478324,1.181084,0.274600,0.370557,-0.022931,0.005288,0.780180,-0.625113,1.247902,0.266760,1.287272
38,0.316667,-0.003317,-0.007027,0.796004,-0.605241,1.386629,0.256202,0.378378,-0.000599,0.007621,-0.878156,0.478312,1.181088,0.274598,0.370559,-0.022839,0.005382,0.780039,-0.625290,1.247837,0.266872,1.287223
39,0.325000,-0.003299,-0.007246,0.795985,-0.605264,1.386646,0.256202,0.378387,-0.000589,0.007662,-0.878179,0.478271,1.181102,0.274599,0.370558,-0.022909,0.005550,0.779913,-0.625444,1.247793,0.266963,1.287253
40,0.333333,-0.003274,-0.007350,0.795951,-0.605307,1.386650,0.256204,0.378395,-0.000630,0.007700,-0.878164,0.478298,1.181104,0.274600,0.370563,-0.022897,0.005635,0.779876,-0.625490,1.247816,0.267053,1.287249
41,0.341667,-0.003286,-0.007477,0.795926,-0.605339,1.386670,0.256192,0.378412,-0.000611,0.007784,-0.878165,0.478294,1.181112,0.274597,0.370579,-0.022813,0.005690,0.779840,-0.625537,1.247815,0.267153,1.287232
42,0.350000,-0.003153,-0.007706,0.795910,-0.605357,1.386673,0.256189,0.378423,-0.000699,0.007839,-0.878168,0.478287,1.181120,0.274592,0.370577,-0.023113,0.005885,0.779650,-0.625761,1.247769,0.267252,1.287301
43,0.358333,-0.003087,-0.007845,0.795875,-0.605402,1.386677,0.256188,0.378432,-0.000807,0.007867,-0.878172,0.478279,1.181127,0.274580,0.370581,-0.023091,0.005978,0.779587,-0.625839,1.247806,0.267353,1.287316
44,0.366667,-0.003084,-0.007979,0.795851,-0.605432,1.386693,0.256183,0.378454,-0.000862,0.007895,-0.878158,0.478304,1.181129,0.274588,0.370577,-0.023047,0.006029,0.779522,-0.625922,1.247848,0.267461,1.287327
45,0.375000,-0.003016,-0.008133,0.795802,-0.605494,1.386700,0.256176,0.378466,-0.000988,0.007984,-0.878178,0.478266,1.181135,0.274588,0.370580,-0.023055,0.006202,0.779435,-0.626029,1.247887,0.267549,1.287344
46,0.383333,-0.002979,-0.008173,0.795766,-0.605542,1.386709,0.256181,0.378469,-0.001042,0.008004,-0.878177,0.478267,1.181153,0.274593,0.370580,-0.022982,0.006260,0.779370,-0.626112,1.247931,0.267651,1.287351
47,0.391667,-0.002960,-0.008208,0.795753,-0.605559,1.386713,0.256181,0.378469,-0.001073,0.008096,-0.878198,0.478228,1.181158,0.274585,0.370579,-0.023021,0.006435,0.779106,-0.626437,1.248042,0.267775,1.287401
48,0.400000,-0.002899,-0.008275,0.795738,-0.605577,1.386721,0.256183,0.378474,-0.001262,0.008169,-0.878203,0.478216,1.181158,0.274587,0.370570,-0.022932,0.006653,0.779022,-0.626542,1.248155,0.267866,1.287401
49,0.408333,-0.002792,-0.008335,0.795686,-0.605646,1.386721,0.256195,0.378462,-0.001253,0.008212,-0.878221,0.478184,1.181173,0.274595,0.370566,-0.022887,0.006808,0.778904,-0.626689,1.248214,0.267946,1.287405
50,0.416667,-0.002731,-0.008306,0.795661,-0.605679,1.386720,0.256206,0.378457,-0.001279,0.008340,-0.878220,0.478183,1.181183,0.274612,0.370546,-0.022836,0.006887,0.778782,-0.626841,1.248277,0.268017,1.287401
51,0.425000,-0.002635,-0.008253,0.795660,-0.605681,1.386715,0.256211,0.378430,-0.001349,0.008278,-0.878246,0.478136,1.181195,0.274609,0.370535,-0.022835,0.006865,0.778676,-0.626973,1.248269,0.268083,1.287376
52,0.433333,-0.002543,-0.008220,0.795600,-0.605761,1.386713,0.256217,0.378421,-0.001576,0.008459,-0.878218,0.478183,1.181198,0.274612,0.370553,-0.023010,0.006831,0.778443,-0.627256,1.248257,0.268162,1.287353
53,0.441667,-0.002478,-0.008146,0.795534,-0.605850,1.386705,0.256221,0.378400,-0.001447,0.008267,-0.878299,0.478039,1.181227,0.274626,0.370517,-0.022813,0.007092,0.778203,-0.627558,1.248416,0.268238,1.287452
54,0.450000,-0.002447,-0.008128,0.795493,-0.605904,1.386707,0.256235,0.378399,-0.001520,0.008319,-0.878279,0.478073,1.181235,0.274640,0.370507,-0.022310,0.003048,0.778172,-0.627647,1.248583,0.268222,1.288259
55,0.458333,-0.002347,-0.008151,0.795419,-0.606001,1.386713,0.256240,0.378385,-0.001689,0.008372,-0.878280,0.478070,1.181232,0.274643,0.370516,-0.021971,0.002369,0.777937,-0.627954,1.248680,0.268237,1.288509
56,0.466667,-0.002265,-0.008167,0.795294,-0.606164,1.386725,0.256218,0.378384,-0.001833,0.008450,-0.878276,0.478076,1.181238,0.274648,0.370511,-0.021945,0.001376,0.777649,-0.628313,1.248829,0.268217,1.288890
57,0.475000,-0.002199,-0.008380,0.795176,-0.606317,1.386735,0.256188,0.378391,-0.001810,0.008431,-0.878294,0.478043,1.181244,0.274649,0.370503,-0.022208,0.001502,0.777124,-0.628954,1.248921,0.268208,1.288980
58,0.483333,-0.002047,-0.008596,0.795049,-0.606480,1.386750,0.256152,0.378387,-0.001873,0.008571,-0.878280,0.478066,1.181247,0.274676,0.370482,-0.021783,0.001775,0.776684,-0.629511,1.249001,0.268274,1.288989
59,0.491667,-0.001883,-0.008834,0.794804,-0.606799,1.386786,0.256129,0.378375,-0.001954,0.008514,-0.878285,0.478058,1.181251,0.274688,0.370475,-0.021894,0.002207,0.776296,-0.629984,1.249072,0.268294,1.288964
60,0.500000,-0.001671,-0.009206,0.794443,-0.607267,1.386817,0.256109,0.378376,-0.002076,0.008505,-0.878301,0.478029,1.181266,0.274694,0.370473,-0.021841,0.002940,0.776002,-0.630345,1.249179,0.268315,1.288903
61,0.508333,-0.001661,-0.009343,0.794100,-0.607714,1.386848,0.256080,0.378379,-0.002030,0.008528,-0.878322,0.477989,1.181272,0.274702,0.370457,-0.021710,0.002699,0.775822,-0.630572,1.249205,0.268371,1.288798
62,0.516667,-0.001467,-0.009560,0.793630,-0.608324,1.386894,0.256052,0.378399,-0.002135,0.008660,-0.878279,0.478065,1.181269,0.274725,0.370448,-0.021567,0.003065,0.775633,-0.630808,1.249308,0.268455,1.288739
63,0.525000,-0.001124,-0.009770,0.792908,-0.609262,1.386957,0.256014,0.378420,-0.002202,0.008596,-0.878310,0.478009,1.181274,0.274735,0.370436,-0.021525,0.003450,0.775557,-0.630901,1.249478,0.268530,1.288686
64,0.533333,-0.000832,-0.009937,0.792014,-0.610421,1.387036,0.255947,0.378444,-0.001709,0.003733,-0.879436,0.476000,1.181621,0.274747,0.370062,-0.021494,0.003788,0.775485,-0.630989,1.249751,0.268634,1.288652
65,0.541667,-0.000526,-0.010081,0.790861,-0.611913,1.387168,0.255873,0.378456,-0.001650,0.003634,-0.879629,0.475644,1.181664,0.274812,0.370026,-0.021523,0.004301,0.775459,-0.631017,1.249990,0.268744,1.288640
66,0.550000,-0.000440,-0.010113,0.789583,-0.613560,1.387360,0.255755,0.378469,-0.001638,0.003705,-0.879488,0.475904,1.181631,0.274794,0.370018,-0.021951,0.004951,0.775299,-0.631193,1.250450,0.269121,1.288647
67,0.558333,0.000396,-0.010489,0.787627,-0.616063,1.387527,0.255646,0.378426,-0.001660,0.003643,-0.879498,0.475885,1.181643,0.274811,0.370012,-0.022611,0.004771,0.775348,-0.631111,1.250625,0.269250,1.288558
68,0.566667,0.001451,-0.010992,0.785374,-0.618922,1.387682,0.255508,0.378350,-0.001715,0.003612,-0.879501,0.475881,1.181643,0.274830,0.370012,-0.023540,0.004470,0.775398,-0.631018,1.250831,0.269397,1.288446
69,0.575000,0.002691,-0.011510,0.782636,-0.622368,1.387783,0.255319,0.378291,-0.001797,0.003460,-0.879466,0.475945,1.181631,0.274867,0.369990,-0.023927,0.003825,0.775434,-0.630963,1.251009,0.269603,1.288369
70,0.583333,0.004354,-0.012608,0.779470,-0.626297,1.387849,0.255045,0.378286,-0.001648,0.003016,-0.879514,0.475861,1.181640,0.274877,0.369972,-0.024327,0.004195,0.775337,-0.631065,1.251309,0.269810,1.288445
71,0.591667,0.005448,-0.012797,0.776249,-0.630273,1.387977,0.254818,0.378231,-0.001504,0.002817,-0.879481,0.475923,1.181616,0.274907,0.369953,-0.024825,0.003808,0.775391,-0.630982,1.251433,0.270019,1.288423
72,0.600000,0.006134,-0.012709,0.772925,-0.634340,1.388103,0.254516,0.378179,-0.001405,0.002544,-0.879417,0.476043,1.181589,0.274928,0.369953,-0.025264,0.003681,0.775297,-0.631080,1.251654,0.270216,1.288429
73,0.608333,0.006355,-0.012607,0.769946,-0.637953,1.388179,0.254187,0.378177,-0.001183,0.001833,-0.879413,0.476056,1.181577,0.274950,0.369940,-0.025476,0.003826,0.775149,-0.631253,1.251978,0.270444,1.288477
74,0.616667,0.006729,-0.012550,0.766783,-0.641749,1.388341,0.253926,0.378131,-0.000795,0.001377,-0.879341,0.476190,1.181526,0.274977,0.369942,-0.025502,0.004303,0.774930,-0.631518,1.252275,0.270666,1.288562
75,0.625000,0.006948,-0.012346,0.763792,-0.645307,1.388441,0.253618,0.378152,-0.000470,0.000889,-0.879248,0.476364,1.181466,0.275012,0.369960,-0.025751,0.004016,0.774644,-0.631861,1.252514,0.270885,1.288532
76,0.633333,0.006804,-0.012088,0.760689,-0.648968,1.388469,0.253271,0.378209,-0.000038,0.000354,-0.879153,0.476540,1.181395,0.275062,0.369970,-0.025958,0.004244,0.774313,-0.632256,1.252907,0.271084,1.288562
77,0.641667,0.006486,-0.011694,0.757514,-0.652682,1.388413,0.252913,0.378281,0.000298,-0.000154,-0.879041,0.476746,1.181311,0.275109,0.370003,-0.026213,0.004198,0.774003,-0.632625,1.253173,0.271232,1.288558
78,0.650000,0.006113,-0.011372,0.754459,-0.656220,1.388354,0.252575,0.378374,0.000720,-0.001049,-0.878954,0.476906,1.181271,0.275157,0.370037,-0.026495,0.003888,0.773654,-0.633042,1.253406,0.271314,1.288569
79,0.658333,0.005887,-0.011118,0.751186,-0.659971,1.388317,0.252249,0.378451,0.001371,-0.001885,-0.878904,0.476994,1.181231,0.275212,0.370055,-0.026612,0.003648,0.773167,-0.633634,1.253763,0.271455,1.288600
80,0.666667,0.015983,-0.014800,0.743698,-0.668161,1.387036,0.251916,0.377953,0.001771,-0.002452,-0.878820,0.477144,1.181175,0.275267,0.370097,-0.026796,0.003917,0.772471,-0.634472,1.254268,0.271639,1.288726
81,0.675000,0.015560,-0.013982,0.740702,-0.671508,1.387171,0.251929,0.377773,0.001975,-0.002553,-0.878650,0.477455,1.181085,0.275319,0.370161,-0.027131,0.003862,0.771924,-0.635124,1.254659,0.271742,1.288825
82,0.683333,0.015007,-0.014258,0.737476,-0.675056,1.386919,0.251529,0.377873,0.002274,-0.003175,-0.878537,0.477659,1.181047,0.275359,0.370196,-0.027247,0.003604,0.771290,-0.635890,1.255150,0.271847,1.288855
83,0.691667,0.017303,-0.015066,0.733371,-0.679441,1.386367,0.251307,0.377847,0.002790,-0.003836,-0.878456,0.477799,1.181000,0.275417,0.370196,-0.027758,0.004026,0.770472,-0.636857,1.255675,0.271994,1.289049
84,0.700000,0.018732,-0.015443,0.728703,-0.684399,1.385582,0.250703,0.377891,0.003301,-0.005179,-0.878446,0.477803,1.181017,0.275451,0.370173,-0.028379,0.003641,0.769861,-0.637570,1.256016,0.272040,1.289116
85,0.708333,0.015185,-0.014288,0.726504,-0.686846,1.385553,0.250187,0.378190,0.003719,-0.006028,-0.878396,0.477881,1.181001,0.275516,0.370160,-0.028285,0.003594,0.769246,-0.638316,1.256551,0.272165,1.289153
86,0.716667,0.015107,-0.014308,0.722522,-0.691034,1.385165,0.249787,0.378270,0.004189,-0.006817,-0.878372,0.477910,1.180999,0.275575,0.370151,-0.028900,0.003370,0.768620,-0.639044,1.256976,0.272189,1.289291
87,0.725000,0.014760,-0.014374,0.718686,-0.695030,1.384744,0.249365,0.378394,0.004318,-0.007224,-0.878317,0.478004,1.180979,0.275616,0.370165,-0.029376,0.003501,0.767981,-0.639789,1.257361,0.272271,1.289395
88,0.733333,0.014807,-0.014846,0.714314,-0.699512,1.384225,0.248880,0.378579,0.004521,-0.007467,-0.878257,0.478109,1.180954,0.275676,0.370162,-0.028651,0.004573,0.767517,-0.640372,1.258022,0.272424,1.289437
89,0.741667,0.014467,-0.014976,0.710067,-0.703826,1.383690,0.248260,0.378819,0.004893,-0.008104,-0.878256,0.478096,1.180952,0.275715,0.370139,-0.029434,0.004149,0.767065,-0.640880,1.258497,0.272483,1.289482
90,0.750000,0.012910,-0.015727,0.706210,-0.707710,1.383175,0.247985,0.378945,0.004905,-0.008402,-0.878228,0.478143,1.180947,0.275734,0.370149,-0.030171,0.004088,0.766638,-0.641357,1.258965,0.272548,1.289646
91,0.758333,0.009145,-0.017381,0.702977,-0.710941,1.382926,0.247730,0.379133,0.004881,-0.008615,-0.878240,0.478118,1.180940,0.275753,0.370151,-0.030165,0.004067,0.766176,-0.641910,1.259550,0.272707,1.289630
92,0.766667,0.009818,-0.016378,0.697523,-0.716308,1.382420,0.247314,0.379086,0.004908,-0.008536,-0.878266,0.478070,1.180939,0.275780,0.370147,-0.030060,0.004362,0.765930,-0.642206,1.260127,0.272824,1.289683
93,0.775000,0.010634,-0.017997,0.690567,-0.722967,1.382149,0.246364,0.379596,0.004774,-0.008425,-0.878275,0.478059,1.180947,0.275797,0.370148,-0.030180,0.004511,0.765613,-0.642578,1.260780,0.272985,1.289722
94,0.783333,0.012309,-0.020433,0.683185,-0.729856,1.382165,0.245719,0.379406,0.004750,-0.008321,-0.878359,0.477905,1.180976,0.275810,0.370123,-0.030627,0.003911,0.765344,-0.642880,1.261323,0.273074,1.289696
95,0.791667,0.011424,-0.019084,0.677105,-0.735550,1.381865,0.245155,0.379374,0.004472,-0.008106,-0.878374,0.477884,1.180980,0.275822,0.370123,-0.030488,0.003845,0.765213,-0.643043,1.261953,0.273120,1.289672
96,0.800000,0.011269,-0.017230,0.671101,-0.741080,1.381422,0.244394,0.379333,0.004309,-0.007986,-0.878361,0.477911,1.181002,0.275797,0.370124,-0.030159,0.003870,0.764958,-0.643362,1.262734,0.273248,1.289614
97,0.808333,0.009103,-0.012311,0.665266,-0.746450,1.381915,0.243848,0.378787,0.004151,-0.007886,-0.878412,0.477821,1.181020,0.275785,0.370091,-0.030637,0.003279,0.764658,-0.643699,1.263340,0.273305,1.289598
98,0.816667,0.005650,-0.008055,0.661454,-0.749921,1.380917,0.242770,0.378947,0.004021,-0.007726,-0.878427,0.477797,1.181031,0.275759,0.370104,-0.030747,0.002928,0.764314,-0.644105,1.264001,0.273353,1.289629
99,0.825000,0.002878,-0.007248,0.657351,-0.753544,1.379785,0.241900,0.379292,0.003523,-0.006115,-0.878247,0.478156,1.180942,0.275777,0.370196,-0.030723,0.002647,0.763816,-0.644698,1.264728,0.273439,1.289611
100,0.833333,0.000139,-0.005894,0.652688,-0.757604,1.379251,0.241157,0.379438,0.003254,-0.005863,-0.878250,0.478154,1.180954,0.275756,0.370207,-0.030737,0.002187,0.763318,-0.645287,1.265381,0.273480,1.289525
101,0.841667,0.002123,-0.002163,0.649411,-0.760431,1.378213,0.241011,0.379474,0.003190,-0.005848,-0.878277,0.478105,1.180970,0.275732,0.370193,-0.031029,0.001663,0.762707,-0.645998,1.266086,0.273428,1.289595
102,0.850000,0.002888,-0.000833,0.644485,-0.764611,1.377417,0.240598,0.379284,0.003096,-0.005768,-0.878297,0.478071,1.180991,0.275706,0.370199,-0.030760,0.000798,0.762123,-0.646701,1.266747,0.273285,1.289519
103,0.858333,0.002121,-0.002019,0.642198,-0.766533,1.377055,0.240059,0.379370,0.003102,-0.005582,-0.878361,0.477955,1.181016,0.275677,0.370188,-0.030693,0.000534,0.761360,-0.647602,1.267358,0.273154,1.289522
104,0.866667,-0.000304,-0.000985,0.638388,-0.769714,1.376382,0.239634,0.379279,0.003012,-0.005385,-0.878394,0.477896,1.181054,0.275639,0.370195,-0.030510,-0.001152,0.760992,-0.648043,1.268502,0.272999,1.289363
105,0.875000,-0.001492,-0.002010,0.635028,-0.772485,1.375914,0.239105,0.379137,0.002796,-0.005003,-0.878390,0.477909,1.181064,0.275594,0.370216,-0.030786,-0.003196,0.760255,-0.648887,1.269501,0.272815,1.289440
106,0.883333,-0.001735,-0.001290,0.636214,-0.771510,1.375965,0.238957,0.378940,0.002553,-0.004682,-0.878427,0.477847,1.181088,0.275564,0.370205,-0.030506,-0.003579,0.759414,-0.649882,1.270285,0.272566,1.289432
107,0.891667,-0.002296,-0.000563,0.636076,-0.771623,1.375857,0.238916,0.378803,0.002455,-0.004307,-0.878502,0.477713,1.181143,0.275499,0.370216,-0.029545,-0.003769,0.758522,-0.650967,1.270795,0.272130,1.289251
108,0.900000,-0.002399,-0.000311,0.635200,-0.772344,1.375721,0.238978,0.378699,0.002108,-0.003806,-0.878504,0.477716,1.181171,0.275451,0.370243,-0.028396,-0.003027,0.757305,-0.652437,1.271222,0.271798,1.289114
109,0.908333,-0.002355,-0.000098,0.634729,-0.772732,1.375748,0.239014,0.378591,0.001715,-0.003202,-0.878498,0.477732,1.181216,0.275399,0.370275,-0.028298,-0.004751,0.756918,-0.652880,1.272320,0.271280,1.289038
110,0.916667,-0.001908,0.000037,0.635107,-0.772422,1.375939,0.239076,0.378415,0.001671,-0.002680,-0.878545,0.477648,1.181284,0.275364,0.370271,-0.027509,-0.005579,0.756228,-0.653706,1.273018,0.270846,1.288903
111,0.925000,-0.001038,-0.000303,0.635758,-0.771888,1.376125,0.239103,0.378285,0.001344,-0.001932,-0.878557,0.477632,1.181324,0.275305,0.370320,-0.026777,-0.006009,0.755778,-0.654253,1.273781,0.270312,1.288901
112,0.933333,0.000255,-0.001167,0.637710,-0.770276,1.376565,0.239181,0.378120,0.001185,-0.001430,-0.878600,0.477554,1.181387,0.275248,0.370336,-0.025795,-0.005953,0.755153,-0.655014,1.274597,0.269805,1.288887
113,0.941667,0.001192,-0.001019,0.637439,-0.770499,1.376642,0.239296,0.377917,0.000733,-0.000619,-0.878625,0.477512,1.181444,0.275190,0.370399,-0.025095,-0.006251,0.754555,-0.655727,1.275254,0.269355,1.288813
114,0.950000,0.001647,-0.000909,0.637013,-0.770850,1.376689,0.239367,0.377824,-0.000296,0.005149,-0.877554,0.479450,1.181147,0.275154,0.370793,-0.025018,-0.006944,0.754227,-0.656100,1.275921,0.268768,1.288870
115,0.958333,0.002202,-0.000851,0.637161,-0.770727,1.376815,0.239450,0.377703,-0.000604,0.005785,-0.877588,0.479379,1.181221,0.275082,0.370842,-0.023763,-0.006704,0.754009,-0.656400,1.276699,0.268226,1.288808
116,0.966667,0.003243,-0.001301,0.639390,-0.768874,1.376941,0.239729,0.377634,-0.000710,0.006487,-0.877626,0.479302,1.181288,0.275007,0.370895,-0.022857,-0.006740,0.753816,-0.656654,1.277381,0.267730,1.288855
117,0.975000,0.004441,-0.000183,0.639801,-0.768528,1.377049,0.240036,0.377404,-0.001067,0.006771,-0.877689,0.479181,1.181349,0.274923,0.370958,-0.022269,-0.007482,0.753738,-0.656755,1.278173,0.267238,1.288877
118,0.983333,0.004520,-0.000014,0.639890,-0.768453,1.377072,0.240008,0.377278,-0.001115,0.007101,-0.877700,0.479156,1.181402,0.274849,0.371025,-0.021640,-0.007914,0.753692,-0.656824,1.278856,0.266761,1.288836
119,0.991667,0.003883,-0.001446,0.639084,-0.769126,1.377197,0.239666,0.377163,-0.001224,0.007804,-0.877784,0.478992,1.181444,0.274788,0.371108,-0.021069,-0.008197,0.753644,-0.656894,1.279644,0.266295,1.288940
120,1.000000,0.003886,-0.001045,0.639066,-0.769142,1.377175,0.239700,0.377044,-0.001446,0.008413,-0.877786,0.478978,1.181475,0.274715,0.371193,-0.020447,-0.008683,0.753731,-0.656807,1.280350,0.265794,1.288879
121,1.008333,0.003811,-0.000470,0.639402,-0.768863,1.377046,0.239775,0.377021,-0.001548,0.008947,-0.877811,0.478920,1.181512,0.274638,0.371284,-0.019615,-0.009149,0.753960,-0.656564,1.281169,0.265339,1.288911
122,1.016667,0.004641,-0.001266,0.638853,-0.769314,1.377204,0.239602,0.377199,-0.001523,0.009334,-0.877819,0.478900,1.181551,0.274583,0.371345,-0.016990,-0.006685,0.753731,-0.656930,1.282119,0.264825,1.288999
123,1.025000,0.004962,-0.001084,0.638845,-0.769319,1.377210,0.239649,0.377102,-0.001573,0.009778,-0.877848,0.478837,1.181594,0.274524,0.371411,-0.018373,-0.009681,0.754243,-0.656267,1.282711,0.264451,1.288947
124,1.033333,0.005909,-0.001286,0.639099,-0.769101,1.377196,0.239989,0.376907,-0.001521,0.010104,-0.877880,0.478771,1.181624,0.274481,0.371483,-0.017671,-0.009673,0.754292,-0.656229,1.283512,0.264078,1.288980
125,1.041667,0.004532,0.000826,0.639784,-0.768541,1.377150,0.240650,0.376316,-0.001790,0.010620,-0.877800,0.478906,1.181626,0.274443,0.371569,-0.017457,-0.009846,0.754441,-0.656062,1.284157,0.263647,1.289025
126,1.050000,0.005145,-0.000164,0.639480,-0.768791,1.377301,0.240515,0.376499,-0.001678,0.010823,-0.877815,0.478874,1.181647,0.274419,0.371637,-0.016969,-0.010607,0.754615,-0.655862,1.284876,0.263163,1.288835
127,1.058333,0.005611,0.000265,0.639836,-0.768491,1.377357,0.240604,0.376365,-0.001718,0.010694,-0.877933,0.478661,1.181717,0.274376,0.371687,-0.016317,-0.010529,0.754698,-0.655785,1.285498,0.262736,1.288753
128,1.066667,0.006029,0.000014,0.640168,-0.768211,1.377419,0.240706,0.376316,-0.001516,0.010558,-0.877921,0.478687,1.181725,0.274372,0.371748,-0.016212,-0.010496,0.754592,-0.655910,1.286188,0.262359,1.288832
129,1.075000,0.006448,-0.000477,0.640568,-0.767874,1.377484,0.240818,0.376292,-0.001271,0.010142,-0.877914,0.478709,1.181739,0.274384,0.371798,-0.014198,-0.008318,0.754184,-0.656457,1.287251,0.261997,1.288943
130,1.083333,0.006722,-0.001082,0.640937,-0.767563,1.377534,0.240943,0.376289,-0.001089,0.009807,-0.877900,0.478743,1.181740,0.274401,0.371832,-0.013802,-0.008440,0.754234,-0.656407,1.287831,0.261536,1.288890
131,1.091667,0.006927,-0.001627,0.641278,-0.767276,1.377567,0.241081,0.376277,-0.000715,0.009486,-0.877915,0.478722,1.181746,0.274419,0.371885,-0.013411,-0.009301,0.754943,-0.655587,1.288484,0.260748,1.288797
132,1.100000,0.007055,-0.002108,0.641515,-0.767075,1.377579,0.241162,0.376285,-0.000615,0.009360,-0.877871,0.478805,1.181741,0.274449,0.371906,-0.014135,-0.012433,0.755530,-0.654843,1.288613,0.260348,1.288344
133,1.108333,0.007047,-0.002281,0.641705,-0.766916,1.377580,0.241230,0.376285,-0.000420,0.009281,-0.877865,0.478818,1.181729,0.274468,0.371940,-0.013407,-0.012212,0.755349,-0.655072,1.289269,0.260022,1.288285
134,1.116667,0.007144,-0.002400,0.641849,-0.766794,1.377563,0.241274,0.376256,-0.000265,0.009074,-0.877869,0.478814,1.181727,0.274485,0.371953,-0.012671,-0.012020,0.755138,-0.655334,1.289912,0.259769,1.288149
135,1.125000,0.007394,0.001040,0.640561,-0.767871,1.377427,0.240864,0.375927,-0.000198,0.009045,-0.877910,0.478740,1.181729,0.274494,0.371947,-0.012416,-0.012189,0.755065,-0.655420,1.290567,0.259458,1.287958
136,1.133333,0.007409,0.001377,0.640551,-0.767879,1.377406,0.240861,0.375882,-0.000273,0.009033,-0.877908,0.478745,1.181727,0.274497,0.371970,-0.012626,-0.012056,0.755290,-0.655158,1.291059,0.258871,1.287968
137,1.141667,0.007300,0.001592,0.640641,-0.767804,1.377380,0.240838,0.375888,-0.000327,0.009146,-0.877901,0.478755,1.181711,0.274501,0.371968,-0.011170,-0.010303,0.754797,-0.655782,1.292226,0.258558,1.288130
138,1.150000,0.007251,0.001685,0.640705,-0.767752,1.377346,0.240841,0.375861,-0.000314,0.009166,-0.877930,0.478702,1.181696,0.274491,0.371963,-0.011768,-0.011927,0.755306,-0.655158,1.292538,0.258153,1.287813
139,1.158333,0.008639,0.002753,0.641150,-0.767362,1.377236,0.240684,0.376176,-0.000394,0.009226,-0.877958,0.478649,1.181696,0.274486,0.371960,-0.011450,-0.012612,0.755361,-0.655088,1.293016,0.257858,1.287551
140,1.166667,0.008929,0.002856,0.641124,-0.767380,1.377243,0.240692,0.376193,-0.000506,0.009534,-0.877966,0.478627,1.181680,0.274486,0.371955,-0.011557,-0.013145,0.755566,-0.654838,1.293566,0.257483,1.287379
141,1.175000,0.009348,0.002986,0.641046,-0.767440,1.377255,0.240689,0.376215,-0.000694,0.009760,-0.877951,0.478650,1.181665,0.274462,0.371968,-0.011375,-0.013015,0.755889,-0.654472,1.294191,0.257059,1.287343
142,1.183333,0.009582,0.002999,0.640978,-0.767494,1.377267,0.240669,0.376244,-0.000731,0.009805,-0.878017,0.478529,1.181682,0.274441,0.371960,-0.011764,-0.013013,0.756359,-0.653922,1.294845,0.256496,1.287390
143,1.191667,0.009802,0.003047,0.640911,-0.767546,1.377270,0.240658,0.376263,-0.000939,0.010087,-0.878036,0.478487,1.181685,0.274423,0.371960,-0.011444,-0.012868,0.756844,-0.653368,1.295442,0.256021,1.287313
144,1.200000,0.009930,0.003006,0.640923,-0.767535,1.377266,0.240649,0.376269,-0.000960,0.010310,-0.878045,0.478466,1.181685,0.274420,0.371963,-0.011244,-0.013220,0.757296,-0.652841,1.296018,0.255581,1.287140
145,1.208333,0.009972,0.003071,0.640993,-0.767476,1.377261,0.240654,0.376264,-0.001028,0.010473,-0.878050,0.478453,1.181687,0.274410,0.371956,-0.011524,-0.013489,0.757718,-0.652340,1.296592,0.255146,1.287073
146,1.216667,0.009918,0.003041,0.641096,-0.767391,1.377235,0.240664,0.376253,-0.001127,0.010596,-0.878056,0.478439,1.181694,0.274399,0.371956,-0.011537,-0.013408,0.758111,-0.651886,1.297180,0.254737,1.287036
147,1.225000,0.009745,0.003171,0.641216,-0.767292,1.377228,0.240685,0.376237,-0.001252,0.010923,-0.878025,0.478488,1.181677,0.274404,0.371960,-0.012068,-0.014666,0.758598,-0.651282,1.297672,0.254205,1.286852
148,1.233333,0.009616,0.003214,0.641341,-0.767189,1.377215,0.240693,0.376222,-0.001282,0.010929,-0.878045,0.478451,1.181673,0.274397,0.371966,-0.012222,-0.014935,0.759212,-0.650558,1.298352,0.253650,1.286796
149,1.241667,0.009589,0.003310,0.641483,-0.767070,1.377188,0.240703,0.376199,-0.001407,0.011003,-0.878056,0.478430,1.181676,0.274385,0.371957,-0.012137,-0.014851,0.759555,-0.650161,1.298962,0.253186,1.286729
150,1.250000,0.009567,0.003316,0.641585,-0.766985,1.377180,0.240722,0.376189,-0.001342,0.011135,-0.878085,0.478373,1.181688,0.274385,0.371960,-0.011949,-0.013914,0.759867,-0.649819,1.299598,0.252658,1.286766
151,1.258333,0.009710,0.003325,0.641709,-0.766880,1.377169,0.240742,0.376180,-0.001387,0.011173,-0.878105,0.478336,1.181697,0.274398,0.371949,-0.011209,-0.013558,0.759679,-0.650061,1.300676,0.252368,1.286799
152,1.266667,0.009740,0.003258,0.641746,-0.766848,1.377171,0.240763,0.376181,-0.001368,0.011108,-0.878108,0.478332,1.181706,0.274399,0.371947,-0.010914,-0.012414,0.759895,-0.649836,1.301380,0.251735,1.286871
153,1.275000,0.009879,0.003243,0.641824,-0.766781,1.377168,0.240783,0.376180,-0.001386,0.011166,-0.878148,0.478257,1.181717,0.274409,0.371928,-0.011827,-0.014235,0.760318,-0.649287,1.301550,0.250911,1.286513
154,1.283333,0.009626,0.003735,0.641736,-0.766856,1.377210,0.240765,0.376133,-0.001327,0.011125,-0.878146,0.478261,1.181711,0.274429,0.371920,-0.012402,-0.014899,0.760419,-0.649143,1.302258,0.250368,1.286358
155,1.291667,0.009821,0.003918,0.641678,-0.766902,1.377265,0.240755,0.376124,-0.001387,0.011119,-0.878152,0.478250,1.181710,0.274435,0.371918,-0.012310,-0.014530,0.760435,-0.649135,1.302881,0.249778,1.286326
156,1.300000,0.009701,0.004036,0.641581,-0.766983,1.377351,0.240764,0.376118,-0.001443,0.011086,-0.878148,0.478259,1.181715,0.274446,0.371914,-0.012347,-0.014820,0.760378,-0.649195,1.303548,0.249171,1.286241
157,1.308333,0.009754,0.004268,0.641468,-0.767076,1.377443,0.240805,0.376067,-0.001334,0.011137,-0.878156,0.478243,1.181708,0.274471,0.371905,-0.011372,-0.013469,0.760030,-0.649649,1.304794,0.248610,1.286362
158,1.316667,0.009848,0.004410,0.641493,-0.767053,1.377495,0.240870,0.376007,-0.001322,0.011079,-0.878197,0.478169,1.181725,0.274483,0.371905,-0.011488,-0.014545,0.759940,-0.649729,1.305339,0.247889,1.286134
159,1.325000,0.009923,0.004455,0.641558,-0.766997,1.377534,0.240926,0.375984,-0.001242,0.010987,-0.878229,0.478112,1.181736,0.274492,0.371905,-0.012044,-0.015851,0.759916,-0.649716,1.305738,0.247216,1.285903
160,1.333333,0.010049,0.004390,0.641590,-0.766969,1.377560,0.240977,0.375971,-0.001221,0.011081,-0.878225,0.478117,1.181745,0.274496,0.371923,-0.012534,-0.015824,0.759908,-0.649717,1.306497,0.246519,1.285830
161,1.341667,0.010328,0.004253,0.641679,-0.766892,1.377562,0.241018,0.375964,-0.001230,0.011146,-0.878267,0.478039,1.181759,0.274490,0.371947,-0.013497,-0.015716,0.761470,-0.647869,1.306445,0.245864,1.285066
162,1.350000,0.010668,0.004031,0.641788,-0.766797,1.377565,0.241069,0.375971,-0.001180,0.011313,-0.878238,0.478088,1.181765,0.274496,0.371976,-0.013122,-0.014212,0.760693,-0.648823,1.307588,0.245485,1.285141
163,1.358333,0.011239,0.003900,0.641908,-0.766690,1.377567,0.241115,0.375962,-0.001120,0.011386,-0.878299,0.477974,1.181784,0.274495,0.372008,-0.014696,-0.016119,0.760214,-0.649306,1.308301,0.244927,1.285128
164,1.366667,0.011076,0.004451,0.642000,-0.766611,1.377537,0.241293,0.375848,-0.001041,0.011388,-0.878361,0.477861,1.181816,0.274485,0.372036,-0.014393,-0.017190,0.760598,-0.648835,1.308654,0.243682,1.284725
165,1.375000,0.012056,0.003051,0.642790,-0.765942,1.377308,0.241474,0.375961,-0.000906,0.011525,-0.878311,0.477950,1.181790,0.274499,0.372091,-0.013819,-0.016266,0.760269,-0.649257,1.309560,0.242998,1.284537
166,1.383333,0.011994,0.002483,0.643272,-0.765540,1.377303,0.241613,0.375946,-0.000718,0.011571,-0.878315,0.477941,1.181795,0.274493,0.372156,-0.013550,-0.014464,0.759116,-0.650654,1.310865,0.242567,1.284899
167,1.391667,0.011981,0.001857,0.643804,-0.765094,1.377316,0.241767,0.375889,-0.000782,0.011838,-0.878327,0.477914,1.181797,0.274458,0.372215,-0.013568,-0.015327,0.759018,-0.650748,1.311561,0.241819,1.284712
168,1.400000,0.012201,0.001027,0.644253,-0.764714,1.377365,0.241912,0.375904,-0.000843,0.012046,-0.878322,0.477916,1.181762,0.274418,0.372318,-0.014098,-0.016374,0.759064,-0.650657,1.312043,0.240966,1.284327
169,1.408333,0.012610,0.000256,0.644572,-0.764439,1.377398,0.242070,0.375897,-0.000915,0.012323,-0.878185,0.478161,1.181704,0.274369,0.372457,-0.014392,-0.016955,0.758817,-0.650924,1.312647,0.240181,1.283906
170,1.416667,0.012795,-0.000376,0.644911,-0.764151,1.377430,0.242189,0.375889,-0.000560,0.011997,-0.878270,0.478014,1.181696,0.274297,0.372558,-0.014422,-0.016882,0.758442,-0.651362,1.313370,0.239390,1.283735
171,1.425000,0.013248,-0.000854,0.645179,-0.763916,1.377463,0.242296,0.375842,-0.000305,0.011737,-0.878331,0.477909,1.181671,0.274210,0.372668,-0.013831,-0.015931,0.757710,-0.652250,1.314445,0.238782,1.283737
172,1.433333,0.013672,-0.001156,0.645433,-0.763693,1.377494,0.242381,0.375783,0.000229,0.011002,-0.878436,0.477733,1.181660,0.274098,0.372804,-0.013688,-0.015715,0.757273,-0.652766,1.315135,0.238095,1.283520
173,1.441667,0.014700,0.002019,0.644329,-0.764605,1.377479,0.242027,0.375449,0.000791,0.011212,-0.878296,0.477985,1.181568,0.273971,0.373066,-0.014267,-0.016063,0.757062,-0.652990,1.315522,0.237168,1.283161
174,1.450000,0.015627,0.002167,0.644348,-0.764570,1.377553,0.242073,0.375398,0.001748,0.011305,-0.878300,0.477974,1.181483,0.273836,0.373352,-0.014676,-0.016998,0.756541,-0.653560,1.316163,0.236575,1.282744
175,1.458333,0.015242,0.002766,0.644852,-0.764150,1.377510,0.242188,0.375224,0.003314,0.012519,-0.878218,0.478085,1.181329,0.273728,0.373701,-0.014685,-0.017646,0.756392,-0.653716,1.316852,0.235874,1.282451
176,1.466667,0.015375,0.002664,0.645219,-0.763839,1.377522,0.242290,0.375141,0.005301,0.012725,-0.878304,0.477904,1.181256,0.273587,0.374067,-0.014481,-0.015597,0.756084,-0.654129,1.317746,0.235374,1.282463
177,1.475000,0.015587,0.002426,0.645584,-0.763526,1.377535,0.242426,0.375093,0.006988,0.012325,-0.878371,0.477769,1.181213,0.273371,0.374476,-0.013959,-0.014341,0.755924,-0.654353,1.318510,0.234847,1.282226
178,1.483333,0.016047,0.002059,0.646047,-0.763126,1.377553,0.242569,0.375022,0.009173,0.012923,-0.878200,0.478031,1.181169,0.273164,0.374987,-0.014122,-0.015080,0.755861,-0.654406,1.319147,0.234312,1.281825
179,1.491667,0.016721,0.001525,0.646255,-0.762936,1.377608,0.242713,0.375012,0.012840,0.015873,-0.878018,0.478192,1.181224,0.272962,0.375914,-0.013877,-0.013399,0.755495,-0.654870,1.319900,0.233854,1.281813
180,1.500000,0.016711,0.000955,0.646739,-0.762527,1.377570,0.242819,0.374908,0.017512,0.020789,-0.877796,0.478262,1.181269,0.272720,0.377087,-0.013436,-0.012273,0.755477,-0.654922,1.320584,0.233359,1.281651
181,1.508333,0.016841,0.000512,0.647057,-0.762256,1.377558,0.242882,0.374851,0.022211,0.025280,-0.877601,0.478209,1.181269,0.272354,0.378319,-0.012660,-0.012112,0.755627,-0.654768,1.321174,0.232923,1.281289
182,1.516667,0.017431,0.000630,0.646973,-0.762314,1.377610,0.242897,0.374813,0.029098,0.029550,-0.877702,0.477409,1.181313,0.271847,0.379780,-0.012184,-0.011062,0.755430,-0.655023,1.321990,0.232502,1.281276
183,1.525000,0.017428,0.000853,0.647012,-0.762280,1.377645,0.242927,0.374741,0.035556,0.034682,-0.877645,0.476731,1.181296,0.271204,0.381285,-0.011140,-0.007968,0.755398,-0.655124,1.322719,0.232282,1.281530
184,1.533333,0.017530,0.001195,0.646943,-0.762336,1.377700,0.242938,0.374651,0.041601,0.040591,-0.877489,0.476062,1.181322,0.270439,0.382897,-0.010275,-0.007604,0.755184,-0.655389,1.323327,0.231847,1.281440
185,1.541667,0.017186,0.001625,0.646893,-0.762385,1.377754,0.242890,0.374597,0.049376,0.046985,-0.877403,0.474889,1.181266,0.269425,0.384828,-0.008341,-0.003182,0.755627,-0.654941,1.323480,0.231453,1.282111
186,1.550000,0.017071,0.002112,0.646894,-0.762386,1.377807,0.242861,0.374518,0.057201,0.053130,-0.877100,0.473921,1.181445,0.268093,0.386945,-0.007575,-0.002499,0.755777,-0.654780,1.323866,0.231034,1.282044
187,1.558333,0.016138,0.002507,0.647214,-0.762133,1.377855,0.242821,0.374503,0.063434,0.060884,-0.877041,0.472301,1.181764,0.266629,0.389135,-0.006723,-0.000282,0.755982,-0.654558,1.324311,0.230842,1.282123
188,1.566667,0.016143,0.002896,0.647254,-0.762098,1.377862,0.242829,0.374411,0.070276,0.069129,-0.877200,0.469896,1.182240,0.264739,0.391545,-0.006154,-0.000377,0.755805,-0.654768,1.324776,0.230318,1.281899
189,1.575000,0.016271,0.003270,0.647154,-0.762179,1.377860,0.242823,0.374356,0.076685,0.077492,-0.877998,0.466084,1.182890,0.262461,0.394052,-0.005275,0.000637,0.755528,-0.655095,1.325117,0.229743,1.281884
190,1.583333,0.016371,0.003498,0.647144,-0.762184,1.377841,0.242819,0.374321,0.083237,0.084970,-0.879083,0.461590,1.183542,0.259663,0.396669,-0.004204,0.002105,0.755331,-0.655327,1.325484,0.228980,1.281978
191,1.591667,0.016303,0.003641,0.647058,-0.762258,1.377807,0.242806,0.374344,0.088588,0.091056,-0.879860,0.457939,1.184357,0.256364,0.399338,-0.002678,0.002891,0.754022,-0.656837,1.326810,0.228345,1.281848
192,1.600000,0.016329,0.003758,0.647142,-0.762186,1.377765,0.242827,0.374343,0.095504,0.092363,-0.880759,0.454545,1.185371,0.251997,0.402074,-0.001979,0.003777,0.753267,-0.657701,1.327200,0.227638,1.281833
193,1.608333,0.016129,0.003776,0.647262,-0.762088,1.377721,0.242855,0.374348,0.097431,0.092569,-0.879718,0.456108,1.186340,0.247255,0.404507,-0.001039,0.003594,0.751778,-0.659405,1.326677,0.226056,1.282255
194,1.616667,0.016339,0.003582,0.647426,-0.761945,1.377711,0.242752,0.374404,0.098427,0.091160,-0.878029,0.459421,1.187327,0.241876,0.406781,0.000119,0.004190,0.751070,-0.660209,1.327120,0.225154,1.282252
195,1.625000,0.015788,0.006665,0.646942,-0.762346,1.377710,0.242412,0.374245,0.100654,0.088573,-0.876658,0.462054,1.188479,0.235670,0.408961,0.001063,0.003924,0.750890,-0.660414,1.327480,0.223982,1.282048
196,1.633333,0.016277,0.006374,0.647100,-0.762205,1.377680,0.242480,0.374245,0.095665,0.088430,-0.873071,0.469868,1.189301,0.229118,0.410515,0.002041,0.003974,0.750203,-0.661192,1.327754,0.223087,1.282023
197,1.641667,0.014411,0.007558,0.647520,-0.761874,1.377573,0.242891,0.373978,0.094098,0.086265,-0.870639,0.475070,1.190264,0.222213,0.412018,0.002771,0.003993,0.749466,-0.662025,1.328269,0.222153,1.281957
198,1.650000,0.014260,0.007584,0.647399,-0.761980,1.377516,0.242905,0.373967,0.093661,0.083679,-0.869077,0.478467,1.191365,0.214829,0.413392,0.003966,0.004177,0.748793,-0.662779,1.328826,0.221037,1.281858
199,1.658333,0.014158,0.007721,0.647297,-0.762067,1.377475,0.242890,0.373966,0.092364,0.079407,-0.867635,0.482052,1.192344,0.207131,0.414304,0.006238,0.006018,0.748884,-0.662645,1.330022,0.219564,1.281780
200,1.666667,0.013363,0.008293,0.646723,-0.762563,1.377361,0.242804,0.373939,0.088725,0.076626,-0.866215,0.485724,1.193055,0.198995,0.415098,0.007824,0.005723,0.747877,-0.663767,1.330405,0.218453,1.281844
201,1.675000,0.013286,0.008491,0.646610,-0.762658,1.377337,0.242741,0.373994,0.085130,0.072527,-0.865178,0.488836,1.193774,0.190457,0.415625,0.008879,0.005787,0.746914,-0.664836,1.330527,0.217296,1.282020
202,1.683333,0.013227,0.008526,0.646446,-0.762797,1.377337,0.242704,0.374065,0.080965,0.068781,-0.864353,0.491536,1.194395,0.181520,0.416014,0.010647,0.006268,0.746152,-0.665661,1.330689,0.215817,1.282273
203,1.691667,0.012938,0.009852,0.646213,-0.762984,1.377377,0.242615,0.374035,0.077030,0.063574,-0.863875,0.493705,1.194778,0.172566,0.416036,0.011712,0.006439,0.745180,-0.666730,1.330693,0.214735,1.282502
204,1.700000,0.013232,0.008724,0.646081,-0.763105,1.377350,0.242665,0.374182,0.073948,0.062864,-0.864327,0.493476,1.194986,0.163438,0.416018,0.012234,0.006155,0.743766,-0.668299,1.330519,0.213518,1.282794
205,1.708333,0.011861,0.008899,0.646468,-0.762797,1.377424,0.242638,0.374327,0.068701,0.058876,-0.864567,0.494306,1.195151,0.153845,0.415703,0.012020,0.006299,0.742373,-0.669850,1.330415,0.212529,1.283196
206,1.716667,0.010465,0.011223,0.647931,-0.761544,1.377598,0.242980,0.373955,0.064094,0.054679,-0.865114,0.494449,1.195189,0.144138,0.415287,0.012542,0.006267,0.741087,-0.671263,1.330255,0.211399,1.283422
207,1.725000,0.011243,0.008499,0.646238,-0.763006,1.377217,0.242372,0.374422,0.059552,0.050296,-0.865716,0.494429,1.195155,0.134215,0.414744,0.014717,0.005655,0.741457,-0.670815,1.330706,0.209479,1.282956
208,1.733333,0.010561,0.008216,0.646293,-0.762972,1.377157,0.242421,0.374397,0.054709,0.046554,-0.866727,0.493584,1.195012,0.124230,0.414098,0.015875,0.006187,0.741521,-0.670713,1.331171,0.207834,1.282719
209,1.741667,0.010341,0.008414,0.646320,-0.762950,1.377120,0.242427,0.374374,0.049696,0.042043,-0.867626,0.492937,1.194722,0.114049,0.413209,0.016337,0.005884,0.740855,-0.671440,1.331093,0.206543,1.282694
210,1.750000,0.010137,0.008980,0.646294,-0.762968,1.377095,0.242407,0.374364,0.045250,0.037764,-0.868528,0.492124,1.194475,0.103790,0.412264,0.015718,0.006004,0.739553,-0.672888,1.330953,0.205483,1.282871
211,1.758333,0.009973,0.009233,0.646272,-0.762986,1.377077,0.242346,0.374375,0.040526,0.033914,-0.869630,0.490868,1.194260,0.093442,0.411332,0.014347,0.006278,0.737854,-0.674779,1.330748,0.204663,1.283073
212,1.766667,0.009666,0.009398,0.646280,-0.762982,1.377053,0.242312,0.374372,0.036249,0.029748,-0.870515,0.489904,1.193985,0.083035,0.410165,0.013953,0.006685,0.736562,-0.676193,1.330375,0.203398,1.283244
213,1.775000,0.009350,0.009251,0.646706,-0.762626,1.376937,0.242412,0.374385,0.032462,0.026335,-0.871219,0.489111,1.193735,0.072684,0.408923,0.013817,0.006806,0.735753,-0.677075,1.329925,0.201914,1.283214
214,1.783333,0.008041,0.010024,0.646535,-0.762777,1.377048,0.242320,0.374246,0.029573,0.023251,-0.871660,0.488665,1.193572,0.062319,0.407437,0.016503,0.007178,0.737051,-0.675598,1.331151,0.199591,1.282267
215,1.791667,0.007475,0.010199,0.646511,-0.762800,1.377010,0.242315,0.374249,0.027061,0.021516,-0.871754,0.488723,1.193429,0.051854,0.405710,0.016105,0.005953,0.736145,-0.676607,1.330728,0.198308,1.282021
216,1.800000,0.007224,0.010435,0.646445,-0.762855,1.376985,0.242359,0.374233,0.026337,0.020245,-0.871599,0.489093,1.193322,0.041491,0.403731,0.015587,0.007006,0.735101,-0.677742,1.330857,0.196738,1.281837
217,1.808333,0.006968,0.010548,0.646504,-0.762806,1.376960,0.242421,0.374234,0.026790,0.019948,-0.870696,0.490686,1.193269,0.031085,0.401360,0.015914,0.007154,0.734432,-0.678458,1.330880,0.194863,1.281379
218,1.816667,0.006738,0.010751,0.646487,-0.762820,1.376942,0.242487,0.374227,0.028574,0.021525,-0.869623,0.492419,1.193251,0.020826,0.398590,0.016265,0.008177,0.733920,-0.678992,1.331159,0.192790,1.280847
219,1.825000,0.006419,0.010903,0.646464,-0.762840,1.376935,0.242557,0.374207,0.032377,0.023721,-0.868546,0.493980,1.193338,0.010826,0.395482,0.015576,0.008929,0.732321,-0.680723,1.331086,0.191079,1.280664
220,1.833333,0.006027,0.011093,0.646435,-0.762864,1.376904,0.242616,0.374205,0.038650,0.021713,-0.866349,0.497469,1.193685,0.000822,0.392027,0.014546,0.009138,0.730511,-0.682685,1.330844,0.189388,1.280462
221,1.841667,0.005847,0.011319,0.646616,-0.762710,1.376878,0.242683,0.374196,0.048313,0.022585,-0.864290,0.500159,1.194012,-0.008840,0.388171,0.015422,0.009913,0.730344,-0.682833,1.331094,0.187118,1.279871
222,1.850000,0.005551,0.012175,0.645745,-0.763436,1.376756,0.242847,0.374129,0.060806,0.023712,-0.862066,0.502575,1.194400,-0.018233,0.384014,0.015041,0.010745,0.729170,-0.684083,1.331188,0.185053,1.279400
223,1.858333,0.006289,0.013546,0.644731,-0.764264,1.376610,0.242930,0.374024,0.075670,0.024361,-0.859463,0.504979,1.194844,-0.027492,0.379843,0.014404,0.010767,0.727818,-0.685535,1.331135,0.183068,1.278861
224,1.866667,0.005961,0.013758,0.644678,-0.764307,1.376548,0.243057,0.374045,0.092100,0.024715,-0.856150,0.507853,1.195344,-0.036664,0.375755,0.013139,0.011380,0.726303,-0.687155,1.331222,0.181138,1.278453
225,1.875000,0.005493,0.013910,0.644687,-0.764300,1.376517,0.243170,0.374073,0.108395,0.026503,-0.852246,0.511101,1.195780,-0.045762,0.371599,0.012660,0.011818,0.725105,-0.688421,1.330978,0.178871,1.277985
226,1.883333,0.004910,0.013898,0.644683,-0.764308,1.376498,0.243270,0.374114,0.126048,0.027205,-0.847424,0.515019,1.196154,-0.054728,0.367664,0.011934,0.011581,0.723768,-0.689843,1.330867,0.176698,1.277307
227,1.891667,0.004460,0.013925,0.644705,-0.764292,1.376473,0.243344,0.374169,0.138154,0.027693,-0.843063,0.519030,1.196374,-0.063383,0.364030,0.011498,0.011710,0.722410,-0.691271,1.330528,0.174411,1.276673
228,1.900000,0.004022,0.013849,0.644641,-0.764349,1.376475,0.243345,0.374215,0.149922,0.027223,-0.838533,0.523111,1.196656,-0.071655,0.361146,0.008716,0.011430,0.719745,-0.694090,1.329517,0.172713,1.276430
229,1.908333,0.003571,0.013530,0.644587,-0.764403,1.376474,0.243301,0.374287,0.165883,0.025607,-0.833425,0.526527,1.197212,-0.079363,0.358341,0.008627,0.011418,0.718880,-0.694987,1.329464,0.170047,1.275501
230,1.916667,0.001691,0.011821,0.646168,-0.763102,1.376701,0.243058,0.374578,0.170915,0.026936,-0.828969,0.531857,1.197475,-0.087193,0.355719,0.008070,0.011732,0.717364,-0.696553,1.329345,0.167671,1.274609
231,1.925000,0.001115,0.011417,0.646063,-0.763198,1.376713,0.242946,0.374662,0.177582,0.026947,-0.824961,0.535890,1.197652,-0.094647,0.353332,0.007919,0.012147,0.715853,-0.698100,1.329422,0.165223,1.273643
232,1.933333,0.000945,0.010926,0.646092,-0.763181,1.376724,0.242891,0.374777,0.186069,0.026943,-0.820758,0.539453,1.197755,-0.101782,0.351299,0.008096,0.011745,0.714910,-0.699071,1.329144,0.162423,1.272314
233,1.941667,0.000971,0.010861,0.645529,-0.763658,1.376686,0.242892,0.374839,0.188292,0.027151,-0.817128,0.544160,1.197737,-0.108747,0.349262,0.007647,0.011651,0.713507,-0.700510,1.329084,0.159875,1.271076
234,1.950000,0.000560,0.009680,0.646018,-0.763260,1.376786,0.242814,0.375023,0.186866,0.027604,-0.813805,0.549582,1.197540,-0.115518,0.347310,0.007848,0.012068,0.712169,-0.701860,1.328867,0.157112,1.269823
235,1.958333,0.000467,0.008683,0.646002,-0.763286,1.376815,0.242729,0.375156,0.185122,0.027634,-0.810747,0.554667,1.197340,-0.121946,0.345460,0.007221,0.011857,0.710664,-0.703394,1.328401,0.154473,1.268436
236,1.966667,0.000520,0.007265,0.646218,-0.763118,1.376766,0.242663,0.375397,0.183693,0.026618,-0.808151,0.558964,1.197154,-0.127977,0.343617,0.007562,0.012477,0.709287,-0.704769,1.328115,0.151739,1.266981
237,1.975000,0.000520,0.006014,0.646322,-0.763041,1.376864,0.242546,0.375571,0.179520,0.026824,-0.805656,0.563889,1.196769,-0.133824,0.341779,0.007059,0.012238,0.707959,-0.706112,1.327649,0.148911,1.265292
238,1.983333,0.000393,0.004494,0.646371,-0.763010,1.376991,0.242369,0.375708,0.173792,0.027665,-0.803568,0.568603,1.196318,-0.139317,0.339844,0.006666,0.012806,0.706432,-0.707633,1.327318,0.146192,1.263495
239,1.991667,0.000529,0.003357,0.645916,-0.763401,1.377089,0.242238,0.375820,0.169139,0.028901,-0.801243,0.573206,1.195819,-0.144567,0.337660,0.006206,0.012830,0.704903,-0.709161,1.327106,0.143496,1.261475
240,2.000000,0.000015,0.000592,0.646750,-0.762702,1.377311,0.242026,0.376103,0.163733,0.030315,-0.799519,0.577097,1.195297,-0.149481,0.335354,0.005799,0.011553,0.702993,-0.711080,1.326836,0.140957,1.258863
241,2.008333,-0.000163,-0.001711,0.647050,-0.762446,1.377489,0.241858,0.376348,0.159804,0.032641,-0.797940,0.580250,1.194662,-0.153987,0.333008,0.005607,0.012164,0.701376,-0.712665,1.326442,0.138058,1.256417
242,2.016667,-0.000247,-0.003755,0.646606,-0.762815,1.377633,0.241762,0.376595,0.157086,0.033526,-0.796550,0.582845,1.194339,-0.158147,0.330227,0.005668,0.012519,0.700742,-0.713282,1.325775,0.134885,1.253663
243,2.025000,0.000718,-0.005668,0.645821,-0.763467,1.377710,0.241688,0.376777,0.152646,0.033183,-0.795696,0.585206,1.193887,-0.161919,0.326981,0.005317,0.013346,0.699653,-0.714338,1.325197,0.131840,1.250805
244,2.033333,0.001252,-0.008416,0.645339,-0.763849,1.377798,0.241545,0.377042,0.150767,0.033974,-0.794342,0.587482,1.193416,-0.165253,0.323471,0.004309,0.014321,0.697932,-0.716008,1.324700,0.129038,1.247924
245,2.041667,-0.001058,-0.014516,0.647607,-0.761836,1.378257,0.241195,0.377728,0.151352,0.036375,-0.793120,0.588838,1.193143,-0.168204,0.319760,0.003205,0.015116,0.696335,-0.717550,1.324106,0.126348,1.244711
246,2.050000,-0.001215,-0.019591,0.648149,-0.761260,1.378546,0.241140,0.378266,0.149424,0.037950,-0.792578,0.589960,1.192908,-0.170875,0.315394,0.001320,0.016377,0.694227,-0.719569,1.323399,0.123836,1.241518
247,2.058333,-0.003763,-0.024608,0.648856,-0.760504,1.379076,0.240877,0.379243,0.149069,0.041481,-0.791279,0.591553,1.192619,-0.173211,0.310831,-0.000448,0.016879,0.691958,-0.721740,1.322956,0.121503,1.237949
248,2.066667,-0.004070,-0.031417,0.648086,-0.760908,1.379119,0.240871,0.380106,0.146657,0.043691,-0.790953,0.592432,1.192590,-0.175330,0.305457,-0.003439,0.018227,0.689836,-0.723728,1.321874,0.118988,1.234367
249,2.075000,-0.004318,-0.039765,0.645889,-0.762383,1.379043,0.240626,0.381028,0.147993,0.048640,-0.788844,0.594523,1.192410,-0.177069,0.300170,-0.005944,0.019258,0.687637,-0.725775,1.320861,0.116471,1.230518
250,2.083333,-0.006229,-0.049310,0.642320,-0.764823,1.379011,0.239770,0.382302,0.149476,0.054301,-0.786780,0.596393,1.192304,-0.178506,0.294545,-0.007588,0.020281,0.685220,-0.728014,1.319746,0.114036,1.226265
251,2.091667,-0.009555,-0.062118,0.639784,-0.765981,1.379000,0.238775,0.383868,0.149810,0.059619,-0.783760,0.599770,1.192317,-0.180110,0.288458,-0.009088,0.019884,0.682983,-0.730107,1.319071,0.111674,1.221652
252,2.100000,-0.012288,-0.073984,0.638055,-0.766330,1.378376,0.238098,0.385552,0.152003,0.065602,-0.780803,0.602443,1.192586,-0.181027,0.282042,-0.010625,0.020553,0.680586,-0.732302,1.318046,0.109388,1.216906
253,2.108333,-0.015554,-0.087826,0.635052,-0.767303,1.377894,0.236815,0.387261,0.154173,0.072237,-0.777209,0.605771,1.192972,-0.181897,0.275286,-0.012805,0.021292,0.678708,-0.733987,1.316782,0.106952,1.211902
254,2.116667,-0.017528,-0.101711,0.631092,-0.768811,1.377631,0.235744,0.388950,0.155036,0.077727,-0.772981,0.610264,1.193685,-0.182809,0.268195,-0.014946,0.021716,0.676175,-0.736270,1.315971,0.104553,1.206552
255,2.125000,-0.020391,-0.116008,0.627568,-0.769600,1.377567,0.234702,0.390756,0.157278,0.084613,-0.767183,0.616064,1.194429,-0.183494,0.260922,-0.016733,0.022014,0.673714,-0.738475,1.314942,0.101805,1.201012
256,2.133333,-0.023910,-0.129771,0.624208,-0.770034,1.377657,0.233577,0.392599,0.158925,0.091191,-0.760931,0.622424,1.195372,-0.184071,0.253258,-0.017898,0.023136,0.671218,-0.740683,1.313826,0.098969,1.195271
257,2.141667,-0.026968,-0.142160,0.621352,-0.770056,1.377901,0.232690,0.394282,0.160487,0.097768,-0.753824,0.629631,1.196367,-0.184544,0.245151,-0.019216,0.024686,0.668532,-0.743025,1.312472,0.096340,1.189282
258,2.150000,-0.028964,-0.154132,0.618549,-0.769936,1.378327,0.231527,0.395746,0.164685,0.103886,-0.746154,0.636664,1.197554,-0.184707,0.236705,-0.020161,0.027721,0.666088,-0.745085,1.311415,0.093486,1.183182
259,2.158333,-0.031363,-0.165074,0.616412,-0.769288,1.378980,0.230299,0.396989,0.168939,0.109018,-0.738332,0.643771,1.198808,-0.184772,0.227807,-0.021493,0.029692,0.663568,-0.747217,1.310280,0.090527,1.176658
260,2.166667,-0.041731,-0.169311,0.619074,-0.765729,1.380938,0.229123,0.398834,0.175612,0.120367,-0.729284,0.650244,1.199907,-0.184497,0.218636,-0.023260,0.032473,0.661003,-0.749320,1.308854,0.087510,1.169985
261,2.175000,-0.043967,-0.180366,0.618481,-0.763555,1.381903,0.228315,0.400079,0.182904,0.126934,-0.720082,0.657203,1.201010,-0.184188,0.209318,-0.024433,0.034985,0.658843,-0.751069,1.307504,0.084341,1.162805
262,2.183333,-0.045963,-0.191847,0.617920,-0.761090,1.382959,0.227647,0.401365,0.191090,0.135282,-0.710777,0.663310,1.202220,-0.183562,0.199679,-0.026751,0.036946,0.656599,-0.752859,1.306064,0.081179,1.155519
263,2.191667,-0.049363,-0.202488,0.617357,-0.758573,1.384108,0.226746,0.402568,0.202614,0.142268,-0.701572,0.668210,1.203416,-0.182724,0.189923,-0.030695,0.037310,0.654281,-0.754706,1.304518,0.077934,1.147620
264,2.200000,-0.052508,-0.212923,0.616591,-0.756123,1.385174,0.225822,0.403724,0.216345,0.151080,-0.691112,0.672855,1.204333,-0.182007,0.180251,-0.036240,0.034484,0.652679,-0.755981,1.302723,0.074156,1.139186
265,2.208333,-0.056393,-0.222550,0.616080,-0.753483,1.386216,0.224690,0.404908,0.225026,0.159448,-0.680928,0.678437,1.205402,-0.180502,0.169904,-0.034512,0.034762,0.651220,-0.757306,1.301645,0.070729,1.130336
266,2.216667,-0.059378,-0.234013,0.614097,-0.751397,1.386926,0.223641,0.406148,0.233843,0.169134,-0.670400,0.683576,1.206492,-0.179202,0.159424,-0.036620,0.039608,0.647933,-0.759785,1.300220,0.067878,1.122537
267,2.225000,-0.063101,-0.244931,0.612372,-0.749018,1.387549,0.222681,0.407450,0.235947,0.180795,-0.659461,0.690473,1.207744,-0.177205,0.148258,-0.040653,0.039849,0.645383,-0.761735,1.298625,0.064786,1.114001
268,2.233333,-0.067673,-0.255890,0.610157,-0.746759,1.388172,0.221602,0.408720,0.242859,0.191589,-0.649226,0.694852,1.209175,-0.175345,0.137542,-0.042321,0.041225,0.642512,-0.763995,1.297278,0.061325,1.105204
269,2.241667,-0.072232,-0.266017,0.607613,-0.744865,1.388663,0.220571,0.410102,0.243709,0.199720,-0.638106,0.702523,1.210247,-0.173140,0.126291,-0.045528,0.042594,0.639870,-0.765950,1.295507,0.058040,1.096406
270,2.250000,-0.075590,-0.293397,0.599404,-0.740891,1.388588,0.219091,0.410959,0.242840,0.206401,-0.628601,0.709428,1.211614,-0.170724,0.115059,-0.049355,0.045111,0.636439,-0.768423,1.293844,0.055092,1.087864
271,2.258333,-0.077835,-0.305044,0.594390,-0.739993,1.388572,0.218215,0.412276,0.247171,0.214649,-0.623011,0.710415,1.213812,-0.168144,0.104279,-0.054109,0.042510,0.633792,-0.770437,1.292001,0.051816,1.078174
272,2.266667,-0.081365,-0.317865,0.588599,-0.738846,1.388920,0.216532,0.413598,0.237895,0.212687,-0.618363,0.718190,1.215377,-0.164771,0.092990,-0.055949,0.046453,0.631386,-0.772051,1.289737,0.048701,1.068376
273,2.275000,-0.085717,-0.328961,0.584490,-0.736755,1.389444,0.214706,0.415077,0.236278,0.212905,-0.612613,0.723567,1.217185,-0.161262,0.081494,-0.060477,0.044245,0.628873,-0.773889,1.287653,0.045132,1.058215
274,2.283333,-0.087768,-0.335812,0.580715,-0.736409,1.389869,0.213472,0.416595,0.204204,0.190993,-0.617780,0.734963,1.218398,-0.158501,0.072678,-0.063665,0.042425,0.626363,-0.775768,1.285939,0.041958,1.048465
275,2.291667,-0.087245,-0.350795,0.576462,-0.732819,1.390025,0.212007,0.417450,0.179221,0.170004,-0.628875,0.737221,1.219072,-0.153548,0.064280,-0.055436,0.049298,0.625452,-0.776728,1.284594,0.037853,1.036700
276,2.300000,-0.091336,-0.363397,0.575231,-0.727124,1.390978,0.210215,0.418623,0.156912,0.137268,-0.643846,0.736206,1.218789,-0.148529,0.057735,-0.062590,0.048313,0.621316,-0.779561,1.282035,0.034161,1.026603
277,2.308333,-0.091898,-0.386233,0.566932,-0.721781,1.391997,0.207978,0.419395,0.131227,0.092396,-0.663554,0.730711,1.219715,-0.142849,0.052718,-0.058137,0.053251,0.619179,-0.781282,1.281208,0.031664,1.016672
278,2.316667,-0.096628,-0.396560,0.564176,-0.717711,1.392924,0.206159,0.420502,0.111121,0.067062,-0.670301,0.730652,1.219817,-0.137742,0.048787,-0.057382,0.062247,0.617652,-0.781881,1.279263,0.028689,1.006408
279,2.325000,-0.101487,-0.407716,0.561417,-0.712937,1.393764,0.204425,0.421615,0.088635,0.050113,-0.675711,0.730101,1.220134,-0.133687,0.045726,-0.059261,0.063260,0.616117,-0.782871,1.277125,0.025994,0.995134
280,2.333333,-0.107268,-0.415802,0.558903,-0.709387,1.394792,0.202483,0.422746,0.069201,0.043875,-0.679646,0.728950,1.220875,-0.131503,0.042689,-0.062202,0.061045,0.614665,-0.783959,1.275054,0.023247,0.983654
281,2.341667,-0.120006,-0.424758,0.555209,-0.704927,1.396024,0.201236,0.423394,0.052365,0.041905,-0.682009,0.728262,1.221349,-0.131537,0.039961,-0.063670,0.066513,0.613721,-0.784136,1.273192,0.020846,0.972598
282,2.350000,-0.127433,-0.431787,0.552637,-0.701366,1.396865,0.199119,0.424429,0.039704,0.038841,-0.682502,0.728770,1.222084,-0.130550,0.037761,-0.065174,0.072791,0.612691,-0.784260,1.271293,0.018544,0.963393
283,2.358333,-0.135565,-0.440724,0.550250,-0.696139,1.397410,0.196820,0.425462,0.031830,0.034126,-0.683295,0.728650,1.222600,-0.130171,0.036066,-0.065831,0.075352,0.613523,-0.783313,1.269866,0.015430,0.953414
284,2.366667,-0.145358,-0.449486,0.548574,-0.689855,1.397898,0.194631,0.426516,0.025802,0.031200,-0.684483,0.727903,1.223047,-0.129818,0.035088,-0.061955,0.072608,0.615881,-0.782036,1.269134,0.013448,0.944712
285,2.375000,-0.153591,-0.442904,0.551899,-0.689677,1.398474,0.193680,0.429435,0.020715,0.028432,-0.685762,0.726975,1.223565,-0.129722,0.034355,-0.050647,0.053620,0.618070,-0.782656,1.268894,0.012546,0.933697
286,2.383333,-0.161474,-0.450024,0.547179,-0.687022,1.398817,0.191276,0.430376,0.017426,0.026978,-0.687429,0.725541,1.223979,-0.129541,0.033819,-0.044738,0.034649,0.620262,-0.782351,1.268216,0.012961,0.924337
287,2.391667,-0.172323,-0.456499,0.543269,-0.683207,1.398698,0.189543,0.431448,0.015602,0.025743,-0.689544,0.723618,1.224328,-0.129351,0.033500,-0.040606,0.036154,0.623619,-0.779836,1.267337,0.011149,0.918149
288,2.400000,-0.182586,-0.462042,0.538667,-0.680454,1.398465,0.187540,0.432533,0.013292,0.023947,-0.691525,0.721834,1.224575,-0.129403,0.033157,-0.033431,0.027776,0.625424,-0.779073,1.266508,0.010289,0.909878
289,2.408333,-0.191494,-0.466566,0.533394,-0.679071,1.398008,0.185688,0.433745,0.010679,0.021703,-0.693430,0.720118,1.224754,-0.129601,0.032621,-0.029536,0.037809,0.627633,-0.777029,1.265738,0.008397,0.906520
290,2.416667,-0.196825,-0.468320,0.527267,-0.681122,1.397245,0.183995,0.434675,0.007122,0.019815,-0.694975,0.718726,1.224892,-0.129595,0.031970,-0.027853,0.028990,0.629072,-0.776307,1.264776,0.006433,0.899227
291,2.425000,-0.202761,-0.469413,0.521901,-0.682759,1.396401,0.182458,0.435679,0.002478,0.018335,-0.696460,0.717357,1.225129,-0.129507,0.031294,-0.026573,0.028608,0.629981,-0.775629,1.263766,0.004162,0.894228
292,2.433333,-0.208159,-0.470692,0.516630,-0.684261,1.395264,0.180944,0.436798,-0.002689,0.017290,-0.697572,0.716301,1.225449,-0.129292,0.030613,-0.025892,0.037341,0.630559,-0.774810,1.262589,0.001769,0.891962
293,2.441667,-0.212804,-0.469981,0.511903,-0.686868,1.393856,0.179839,0.438015,-0.007306,0.017327,-0.699165,0.714713,1.225909,-0.128889,0.030127,-0.027116,0.035066,0.630646,-0.774803,1.261370,-0.000907,0.887071
294,2.450000,-0.216935,-0.462724,0.508967,-0.692660,1.391656,0.179448,0.440112,-0.010510,0.021131,-0.699768,0.713981,1.226370,-0.128920,0.030021,-0.030046,0.029856,0.630832,-0.774763,1.260428,-0.003874,0.881756
295,2.458333,-0.224959,-0.459080,0.511373,-0.690751,1.389926,0.178814,0.441399,-0.011435,0.021669,-0.701301,0.712444,1.226833,-0.128412,0.029953,-0.027311,0.037883,0.630342,-0.774912,1.259297,-0.006326,0.879823
296,2.466667,-0.231431,-0.458543,0.510215,-0.689825,1.388612,0.177781,0.442402,-0.011411,0.018573,-0.703531,0.710331,1.227192,-0.127709,0.029754,-0.026787,0.043180,0.629913,-0.775001,1.258075,-0.008708,0.878423
297,2.475000,-0.229757,-0.466440,0.496844,-0.694832,1.388617,0.175538,0.443244,-0.012616,0.018708,-0.704212,0.709631,1.227305,-0.127737,0.029596,-0.025662,0.049467,0.629752,-0.774795,1.257101,-0.010816,0.877150
298,2.483333,-0.233707,-0.467927,0.494590,-0.694123,1.388200,0.174284,0.444215,-0.013751,0.019390,-0.704485,0.709321,1.227311,-0.127899,0.029542,-0.025605,0.051109,0.629394,-0.774981,1.256339,-0.012694,0.875891
299,2.491667,-0.238332,-0.469503,0.493412,-0.692322,1.388054,0.173046,0.444916,-0.013834,0.019287,-0.704650,0.709159,1.227312,-0.127948,0.029537,-0.024256,0.053319,0.629434,-0.774843,1.255730,-0.014472,0.875060
300,2.500000,-0.244999,-0.469378,0.491566,-0.691392,1.387725,0.172144,0.446029,-0.013696,0.018878,-0.704738,0.709084,1.227286,-0.127948,0.029474,-0.025174,0.054051,0.629833,-0.774438,1.255345,-0.016505,0.874875
301,2.508333,-0.251964,-0.469252,0.491082,-0.689315,1.387602,0.171095,0.447061,-0.014467,0.022380,-0.703538,0.710158,1.227182,-0.128380,0.029684,-0.025861,0.053324,0.630218,-0.774153,1.254943,-0.018630,0.874640
302,2.516667,-0.256964,-0.471287,0.487080,-0.688920,1.387644,0.169526,0.448257,-0.013813,0.018855,-0.704381,0.709438,1.227136,-0.127861,0.029476,-0.025196,0.055628,0.630434,-0.773837,1.254704,-0.020482,0.875208
303,2.525000,-0.263062,-0.472603,0.484067,-0.687840,1.387610,0.167987,0.449689,-0.013682,0.018344,-0.704161,0.709671,1.227093,-0.127804,0.029510,-0.026939,0.051015,0.630191,-0.774294,1.254484,-0.022743,0.875292
304,2.533333,-0.268453,-0.473293,0.480612,-0.687706,1.387414,0.166251,0.451167,-0.013159,0.017896,-0.704115,0.709738,1.227071,-0.127760,0.029518,-0.027357,0.053553,0.629918,-0.774330,1.254323,-0.024997,0.876976
305,2.541667,-0.273325,-0.473146,0.475029,-0.689764,1.387437,0.164255,0.452446,-0.013123,0.017705,-0.704054,0.709805,1.227047,-0.127719,0.029520,-0.028231,0.054448,0.629139,-0.774869,1.253910,-0.027673,0.878965
306,2.550000,-0.281488,-0.472511,0.473656,-0.687858,1.386602,0.162047,0.454109,-0.013422,0.017821,-0.703984,0.709865,1.227049,-0.127704,0.029508,-0.031585,0.051746,0.628129,-0.775744,1.253574,-0.030197,0.881025
307,2.558333,-0.292711,-0.479004,0.473708,-0.678584,1.385952,0.158704,0.455178,-0.013566,0.017965,-0.704024,0.709819,1.227070,-0.127693,0.029501,-0.033696,0.047073,0.627001,-0.776864,1.253316,-0.032825,0.882426
308,2.566667,-0.301348,-0.468241,0.477948,-0.679342,1.384076,0.157225,0.458190,-0.013615,0.018076,-0.704131,0.709709,1.227093,-0.127686,0.029495,-0.036569,0.045302,0.625769,-0.777833,1.253021,-0.035382,0.884812
309,2.575000,-0.308278,-0.477832,0.470829,-0.674508,1.383877,0.151945,0.459324,-0.013794,0.017996,-0.704132,0.709707,1.227097,-0.127674,0.029489,-0.039444,0.044763,0.624503,-0.778740,1.252746,-0.037828,0.887709
310,2.583333,-0.314563,-0.474928,0.470317,-0.674015,1.382845,0.147952,0.461892,-0.013672,0.017815,-0.704214,0.709632,1.227102,-0.127652,0.029484,-0.037667,0.040739,0.619626,-0.782934,1.252312,-0.037750,0.889211
311,2.591667,-0.317719,-0.473042,0.471332,-0.673151,1.381513,0.143689,0.464874,-0.013198,0.017472,-0.704282,0.709583,1.227106,-0.127616,0.029509,-0.041515,0.040437,0.617680,-0.784292,1.251955,-0.039597,0.892500
312,2.600000,-0.310302,-0.476813,0.461372,-0.680807,1.380804,0.137741,0.467348,-0.012743,0.016994,-0.704287,0.709597,1.227099,-0.127585,0.029532,-0.043891,0.039613,0.615529,-0.785893,1.251956,-0.041001,0.896095
313,2.608333,-0.306208,-0.473657,0.458738,-0.686619,1.379660,0.132312,0.470371,-0.012008,0.016491,-0.704310,0.709599,1.227084,-0.127549,0.029584,-0.046489,0.037712,0.613372,-0.787523,1.251744,-0.042327,0.899562
314,2.616667,-0.298512,-0.466521,0.455809,-0.696770,1.378820,0.126486,0.473200,-0.011259,0.016008,-0.704312,0.709621,1.227066,-0.127521,0.029637,-0.051643,0.036111,0.611956,-0.788377,1.251286,-0.044050,0.903484
315,2.625000,-0.292101,-0.459128,0.451490,-0.707132,1.377786,0.120096,0.475499,-0.010778,0.015594,-0.704221,0.709728,1.227026,-0.127496,0.029682,-0.055090,0.031836,0.610256,-0.789645,1.251106,-0.045544,0.907141
316,2.633333,-0.286576,-0.436977,0.458802,-0.718628,1.377216,0.113534,0.477188,-0.009879,0.014938,-0.704163,0.709812,1.226986,-0.127458,0.029756,-0.057313,0.029884,0.608712,-0.790754,1.251026,-0.047226,0.911221
317,2.641667,-0.281148,-0.421694,0.463504,-0.726839,1.376819,0.105718,0.477722,-0.009183,0.014467,-0.704051,0.709943,1.226914,-0.127433,0.029819,-0.059554,0.024702,0.606149,-0.792733,1.250744,-0.048184,0.915681
318,2.650000,-0.273707,-0.417892,0.464884,-0.730981,1.376117,0.097337,0.477143,-0.008292,0.013764,-0.703868,0.710149,1.226822,-0.127407,0.029902,-0.055938,0.027457,0.603714,-0.794762,1.250961,-0.049459,0.920393
319,2.658333,-0.262416,-0.416449,0.464753,-0.736012,1.376249,0.088538,0.476591,-0.007261,0.012901,-0.703607,0.710436,1.226709,-0.127376,0.029989,-0.057653,0.028696,0.602004,-0.795892,1.250893,-0.050945,0.924350
320,2.666667,-0.236338,-0.397978,0.469252,-0.752037,1.374173,0.082033,0.474283,-0.006267,0.012160,-0.703252,0.710809,1.226545,-0.127349,0.030081,-0.058398,0.029601,0.599682,-0.797556,1.251062,-0.052381,0.929084
321,2.675000,-0.226327,-0.390927,0.470093,-0.758264,1.373143,0.073672,0.471403,-0.006210,0.012237,-0.702129,0.711918,1.226192,-0.127323,0.030165,-0.057536,0.031008,0.597130,-0.799477,1.251139,-0.053386,0.933539
322,2.683333,-0.213740,-0.392996,0.467830,-0.762236,1.371885,0.065654,0.467540,-0.006542,0.012006,-0.701061,0.712970,1.225833,-0.127316,0.030200,-0.059444,0.031808,0.594720,-0.801101,1.250974,-0.054734,0.937941
323,2.691667,-0.201279,-0.386540,0.472696,-0.765919,1.370955,0.056649,0.464270,-0.006634,0.010963,-0.700106,0.713924,1.225529,-0.127299,0.030212,-0.063479,0.035872,0.592465,-0.802290,1.250895,-0.056235,0.942586
324,2.700000,-0.191574,-0.379760,0.472221,-0.772069,1.370625,0.047536,0.459906,-0.006702,0.009778,-0.699124,0.714903,1.225198,-0.127272,0.030200,-0.063671,0.038562,0.589822,-0.804095,1.250942,-0.057336,0.946583
325,2.708333,-0.181424,-0.373453,0.471718,-0.777882,1.370797,0.038423,0.455034,-0.006623,0.009045,-0.697982,0.716028,1.224806,-0.127240,0.030219,-0.064435,0.040429,0.587545,-0.805608,1.251171,-0.058770,0.951104
326,2.716667,-0.173948,-0.363019,0.472300,-0.784150,1.371615,0.029878,0.449149,-0.006312,0.008376,-0.696893,0.717099,1.224395,-0.127209,0.030274,-0.064005,0.040071,0.585620,-0.807061,1.251354,-0.059927,0.953923
327,2.725000,-0.161863,-0.358278,0.467965,-0.791483,1.372994,0.021254,0.442208,-0.005498,0.007827,-0.695992,0.717986,1.223990,-0.127182,0.030359,-0.056234,0.028296,0.578680,-0.813122,1.252686,-0.059344,0.956275
328,2.733333,-0.153087,-0.351121,0.462309,-0.799718,1.374957,0.012204,0.434838,-0.002858,0.010968,-0.694112,0.719778,1.223325,-0.127143,0.030748,-0.057130,0.025474,0.576107,-0.814978,1.252754,-0.060143,0.958670
329,2.741667,-0.134678,-0.347264,0.460296,-0.805852,1.376420,0.002818,0.427970,-0.005096,0.009203,-0.691513,0.722288,1.222539,-0.127078,0.030429,-0.055073,0.016565,0.574413,-0.816543,1.253088,-0.061395,0.959745
330,2.750000,-0.117025,-0.345037,0.454896,-0.812604,1.378918,-0.007096,0.420464,-0.003567,0.010092,-0.690636,0.723123,1.221993,-0.127153,0.030608,-0.057239,0.016270,0.573905,-0.816757,1.253100,-0.063117,0.962083
331,2.758333,-0.112197,-0.331486,0.451880,-0.820569,1.382180,-0.015616,0.411287,-0.002220,0.011128,-0.690102,0.723623,1.221562,-0.127239,0.030782,-0.057558,0.014840,0.573011,-0.817389,1.253242,-0.064584,0.963616
332,2.766667,-0.105492,-0.326323,0.448110,-0.825580,1.385557,-0.023771,0.401858,-0.001295,0.008665,-0.690378,0.723396,1.221438,-0.127412,0.030691,-0.058998,0.014226,0.572779,-0.817460,1.253332,-0.066226,0.964895
333,2.775000,-0.102044,-0.319392,0.444762,-0.830519,1.389348,-0.031401,0.391892,0.000604,0.007557,-0.690249,0.723532,1.221519,-0.127322,0.030847,-0.059116,0.012970,0.572529,-0.817648,1.253608,-0.067795,0.965599
334,2.783333,-0.095573,-0.312915,0.439364,-0.836606,1.393453,-0.038707,0.381576,0.003368,0.007418,-0.689909,0.723851,1.221643,-0.127184,0.031240,-0.060107,0.011020,0.572472,-0.817644,1.253914,-0.069500,0.965971
335,2.791667,-0.092904,-0.308123,0.432544,-0.842221,1.398272,-0.045951,0.370593,0.007412,0.008361,-0.690784,0.722975,1.222037,-0.127294,0.031759,-0.059630,0.010627,0.572033,-0.817991,1.254432,-0.071027,0.966061
336,2.800000,-0.078829,-0.300346,0.421680,-0.851918,1.402351,-0.052135,0.358552,0.006548,0.007170,-0.690858,0.722925,1.222186,-0.127291,0.031543,-0.060080,0.009944,0.571872,-0.818079,1.254993,-0.072848,0.965850
337,2.808333,-0.075474,-0.292552,0.413014,-0.859149,1.407464,-0.058117,0.346867,0.002643,-0.000589,-0.691356,0.722510,1.222256,-0.126744,0.030365,-0.059861,0.007187,0.571254,-0.818556,1.255719,-0.074547,0.965201
338,2.816667,-0.071107,-0.285182,0.405219,-0.865686,1.412637,-0.063871,0.334806,-0.004535,-0.002708,-0.691839,0.722033,1.222577,-0.126339,0.029238,-0.058956,0.007840,0.570510,-0.819134,1.256444,-0.076513,0.964278
339,2.825000,-0.069171,-0.277377,0.396175,-0.872538,1.417928,-0.069310,0.322471,-0.007182,-0.010318,-0.693912,0.719950,1.223358,-0.126005,0.027665,-0.058199,0.009098,0.569609,-0.819803,1.257239,-0.078422,0.963360
340,2.833333,-0.069356,-0.272084,0.386363,-0.878569,1.423739,-0.074337,0.310191,-0.012001,-0.014786,-0.697950,0.715893,1.224268,-0.126081,0.026368,-0.056683,0.009963,0.568391,-0.820744,1.257959,-0.080240,0.962145
341,2.841667,-0.071771,-0.263939,0.377855,-0.884540,1.429650,-0.078923,0.297750,-0.010038,-0.019377,-0.697433,0.716317,1.224328,-0.125692,0.025987,-0.054999,0.010461,0.566566,-0.822113,1.258886,-0.081775,0.960795
342,2.850000,-0.066534,-0.256921,0.368294,-0.891024,1.435495,-0.084141,0.285790,-0.004169,-0.019713,-0.695851,0.717903,1.224095,-0.125238,0.026495,-0.052478,0.010196,0.564637,-0.823606,1.259946,-0.083198,0.958784
343,2.858333,-0.065972,-0.245637,0.361402,-0.897050,1.440672,-0.087974,0.272727,-0.008253,-0.015307,-0.695503,0.718313,1.223887,-0.125148,0.026397,-0.050265,0.010288,0.562092,-0.825482,1.261129,-0.084429,0.957031
344,2.866667,-0.057871,-0.245671,0.350000,-0.902107,1.446549,-0.092840,0.260857,-0.010889,-0.002312,-0.693629,0.720246,1.223214,-0.125214,0.027348,-0.048047,0.009690,0.559650,-0.827278,1.262127,-0.085862,0.954872
345,2.875000,-0.051766,-0.238496,0.337444,-0.909160,1.452344,-0.096842,0.248559,-0.012497,0.003064,-0.690789,0.722942,1.222566,-0.125348,0.028361,-0.043497,0.009941,0.555964,-0.830008,1.263406,-0.087061,0.952839
346,2.883333,-0.060042,-0.223930,0.331772,-0.914428,1.457552,-0.099452,0.235424,-0.011451,0.012105,-0.687325,0.726159,1.221497,-0.125411,0.029451,-0.044939,0.011683,0.553459,-0.831581,1.265207,-0.088336,0.951813
347,2.891667,-0.061805,-0.214347,0.321173,-0.920371,1.463277,-0.101761,0.222531,-0.013357,0.021883,-0.684917,0.728170,1.220529,-0.125400,0.029745,-0.033129,0.007926,0.547920,-0.835837,1.266322,-0.089093,0.948597
348,2.900000,-0.071012,-0.208949,0.310586,-0.924572,1.468436,-0.103818,0.210105,0.002536,0.023040,-0.686212,0.727032,1.220675,-0.125544,0.030934,-0.029550,0.007377,0.543774,-0.838679,1.267694,-0.090274,0.947168
349,2.908333,-0.066976,-0.199576,0.297699,-0.931160,1.474479,-0.106194,0.198368,-0.007705,0.025699,-0.684269,0.728736,1.220185,-0.125581,0.030682,-0.025603,0.005247,0.539663,-0.841475,1.269111,-0.091548,0.945690
350,2.916667,-0.063105,-0.192646,0.283573,-0.937279,1.480647,-0.108510,0.187218,-0.000044,0.018959,-0.689243,0.724282,1.221153,-0.126429,0.031570,-0.021616,0.003388,0.535622,-0.844175,1.270441,-0.092796,0.944108
351,2.925000,-0.059615,-0.187010,0.269748,-0.942714,1.486780,-0.110704,0.176589,0.004882,0.019062,-0.690691,0.722882,1.221639,-0.126643,0.032174,-0.018069,0.000225,0.531683,-0.846751,1.271914,-0.094036,0.942538
352,2.933333,-0.057137,-0.183430,0.255222,-0.947603,1.492859,-0.112371,0.166462,0.018954,0.015219,-0.696055,0.717577,1.223320,-0.127189,0.033510,-0.014713,-0.002578,0.527650,-0.849331,1.273417,-0.095406,0.941108
353,2.941667,-0.061097,-0.176407,0.239869,-0.952686,1.498829,-0.113651,0.156615,0.036390,0.018351,-0.693706,0.719104,1.222951,-0.127014,0.035072,-0.011719,-0.004443,0.523691,-0.851816,1.274817,-0.096770,0.939899
354,2.950000,-0.062530,-0.166344,0.221494,-0.958833,1.504345,-0.114768,0.146694,0.038694,0.019617,-0.695473,0.717241,1.223566,-0.127161,0.035516,-0.008894,-0.007263,0.520066,-0.854049,1.276316,-0.098405,0.938732
355,2.958333,-0.060892,-0.155119,0.204007,-0.964682,1.509308,-0.115528,0.136989,0.039591,0.021442,-0.696899,0.715755,1.223883,-0.127406,0.035891,-0.006128,-0.010077,0.516195,-0.856390,1.278075,-0.099786,0.937544
356,2.966667,-0.070794,-0.152964,0.181933,-0.968757,1.513915,-0.116429,0.128787,0.039944,0.022362,-0.697343,0.715274,1.223956,-0.127574,0.036067,-0.003774,-0.011572,0.512520,-0.858589,1.279810,-0.101429,0.936528
357,2.975000,-0.052206,-0.122233,0.163562,-0.977538,1.517903,-0.116729,0.117349,0.040231,0.023119,-0.697244,0.715330,1.223916,-0.127654,0.036169,-0.001253,-0.014707,0.508898,-0.860700,1.281734,-0.102900,0.935750
358,2.983333,-0.034300,-0.101508,0.149793,-0.982895,1.522274,-0.116901,0.107130,0.040004,0.023616,-0.696395,0.716154,1.223767,-0.127576,0.036232,0.000784,-0.016806,0.505052,-0.862925,1.283774,-0.104375,0.934934
359,2.991667,-0.028092,-0.087378,0.131461,-0.987063,1.526179,-0.117148,0.098512,0.039298,0.023576,-0.695237,0.717318,1.223523,-0.127450,0.036157,-0.000691,-0.017573,0.501046,-0.865242,1.286117,-0.105295,0.934906
360,3.000000,-0.020385,-0.074252,0.116212,-0.990235,1.529646,-0.117209,0.090296,0.037116,0.024827,-0.693613,0.718962,1.223152,-0.127277,0.036046,0.000320,-0.017581,0.497568,-0.867247,1.288436,-0.106848,0.934472
361,3.008333,-0.022745,-0.066737,0.104783,-0.991993,1.532838,-0.116240,0.082831,0.035838,0.024487,-0.692690,0.719928,1.222890,-0.127215,0.035849,0.001296,-0.020254,0.493719,-0.869384,1.290653,-0.108008,0.933898
362,3.016667,-0.018798,-0.055962,0.095255,-0.993701,1.536372,-0.115656,0.076522,0.035045,0.023939,-0.692454,0.720213,1.222755,-0.127250,0.035803,0.001938,-0.021352,0.490477,-0.871191,1.293097,-0.109424,0.933474
363,3.025000,-0.016204,-0.049722,0.086207,-0.994904,1.539761,-0.115116,0.071176,0.030219,0.029518,-0.688313,0.724183,1.221463,-0.127155,0.035941,0.003644,-0.020585,0.487237,-0.873019,1.295493,-0.111231,0.933568
364,3.033333,-0.015929,-0.042266,0.079224,-0.995833,1.542788,-0.113880,0.066250,0.029845,0.029356,-0.688181,0.724330,1.221454,-0.127129,0.035897,0.004069,-0.020280,0.484056,-0.874792,1.298326,-0.112628,0.933363
365,3.041667,-0.013923,-0.035794,0.074782,-0.996460,1.545438,-0.112312,0.061737,0.029805,0.029341,-0.688108,0.724402,1.221456,-0.127116,0.035887,0.005470,-0.020297,0.481577,-0.876152,1.301068,-0.114472,0.933067
366,3.050000,-0.011437,-0.031724,0.069556,-0.997008,1.547600,-0.110774,0.057855,0.029892,0.029459,-0.688022,0.724475,1.221460,-0.127117,0.035915,0.005401,-0.020628,0.479131,-0.877484,1.304188,-0.116033,0.932856
367,3.058333,-0.007718,-0.028876,0.062552,-0.997594,1.548801,-0.109108,0.054158,0.030199,0.029706,-0.688020,0.724454,1.221493,-0.127127,0.035978,0.008855,-0.022383,0.473211,-0.880620,1.306235,-0.117345,0.931635
368,3.066667,-0.004174,-0.026838,0.057253,-0.997990,1.549505,-0.106814,0.050509,0.030362,0.029944,-0.687961,0.724493,1.221507,-0.127143,0.036036,0.005368,-0.009973,0.472209,-0.881414,1.309574,-0.119914,0.934005
369,3.075000,0.000985,-0.026767,0.053260,-0.998221,1.549553,-0.104348,0.046932,0.030356,0.030296,-0.687981,0.724460,1.221547,-0.127143,0.036089,-0.002172,0.004258,0.468710,-0.883339,1.313019,-0.121067,0.936984
370,3.083333,0.008657,-0.024264,0.050596,-0.998387,1.548964,-0.101856,0.043994,0.030476,0.030771,-0.688032,0.724387,1.221587,-0.127151,0.036161,-0.002614,0.004580,0.465332,-0.885120,1.316679,-0.122421,0.936701
371,3.091667,0.015884,-0.017673,0.046298,-0.998645,1.547422,-0.099323,0.042659,0.029647,0.030886,-0.687990,0.724456,1.221607,-0.127116,0.036069,-0.002965,0.005627,0.461946,-0.886885,1.320141,-0.123381,0.936502
372,3.100000,0.017122,-0.013766,0.050783,-0.998468,1.545548,-0.098342,0.041317,0.023375,0.031012,-0.688940,0.723777,1.221971,-0.127019,0.035178,-0.002725,0.004334,0.457902,-0.888988,1.324029,-0.124677,0.935870
373,3.108333,0.014407,-0.005673,0.054835,-0.998375,1.544693,-0.098502,0.039768,0.024019,0.029951,-0.690797,0.722029,1.222525,-0.126886,0.035179,0.000861,0.002384,0.453131,-0.891440,1.327672,-0.125713,0.934992
374,3.116667,0.011924,-0.000745,0.053826,-0.998479,1.544492,-0.100144,0.039473,0.024125,0.029416,-0.692485,0.720429,1.223007,-0.126726,0.035166,0.002940,0.001378,0.448450,-0.893802,1.330917,-0.126478,0.933879
375,3.125000,0.002625,0.006244,0.058263,-0.998278,1.546066,-0.101678,0.038698,0.026888,0.029235,-0.696340,0.716613,1.224185,-0.126582,0.035379,0.003074,-0.001121,0.445003,-0.895523,1.334516,-0.127683,0.933159
376,3.133333,-0.001116,0.006859,0.062367,-0.998029,1.547916,-0.102717,0.038403,0.027503,0.029778,-0.698263,0.714692,1.224802,-0.126640,0.035499,0.003690,-0.004911,0.440541,-0.897711,1.338396,-0.128198,0.932283
377,3.141667,-0.003489,0.002260,0.060560,-0.998156,1.548457,-0.102939,0.038021,0.026472,0.030686,-0.696382,0.716527,1.224362,-0.126687,0.035549,0.004149,-0.004273,0.435988,-0.899933,1.342374,-0.128950,0.931768
378,3.150000,-0.005171,0.000521,0.061614,-0.998087,1.548568,-0.103267,0.037895,0.026680,0.031247,-0.696750,0.716136,1.224505,-0.126749,0.035616,0.000120,-0.005047,0.431981,-0.901868,1.345664,-0.129847,0.931644
379,3.158333,-0.007738,0.000319,0.062187,-0.998034,1.548053,-0.103294,0.038303,0.027279,0.031860,-0.697832,0.715032,1.224869,-0.126771,0.035730,-0.003180,-0.007378,0.427284,-0.904082,1.349280,-0.130436,0.932104
380,3.166667,-0.012555,-0.005525,0.058237,-0.998209,1.547304,-0.103014,0.039242,0.028347,0.032609,-0.697087,0.715683,1.224719,-0.126617,0.035784,-0.004729,-0.007735,0.422680,-0.906234,1.352680,-0.130845,0.932129
381,3.175000,-0.011533,-0.007484,0.055523,-0.998363,1.546887,-0.102362,0.039849,0.029234,0.033121,-0.697062,0.715649,1.224764,-0.126550,0.035843,-0.005304,-0.011099,0.417330,-0.908672,1.355831,-0.130571,0.932777
382,3.183333,-0.008947,-0.008509,0.053477,-0.998493,1.546741,-0.101753,0.039977,0.029758,0.033121,-0.697864,0.714845,1.225005,-0.126615,0.035917,-0.006697,-0.014506,0.414800,-0.909772,1.358701,-0.131566,0.933036
383,3.191667,-0.007257,-0.009313,0.052946,-0.998528,1.546746,-0.101444,0.039905,0.029855,0.033191,-0.698502,0.714215,1.225184,-0.126695,0.035974,-0.007313,-0.016282,0.410618,-0.911633,1.361159,-0.131434,0.933704
384,3.200000,0.002216,-0.004849,0.057291,-0.998343,1.547280,-0.101327,0.038635,0.025795,0.032150,-0.700554,0.712408,1.225682,-0.126877,0.035543,-0.013848,-0.019349,0.404100,-0.914406,1.362565,-0.130517,0.935594
385,3.208333,0.001159,-0.004624,0.057467,-0.998336,1.547355,-0.101497,0.038498,0.021482,0.038361,-0.700676,0.712123,1.225766,-0.126991,0.035856,-0.020491,-0.014864,0.400147,-0.916101,1.366425,-0.130963,0.937951
386,3.216667,-0.000190,-0.003538,0.057824,-0.998321,1.547540,-0.101756,0.038282,0.010281,0.043233,-0.697379,0.715324,1.224754,-0.126981,0.034981,-0.022929,-0.011665,0.394646,-0.918473,1.368747,-0.129858,0.938988
387,3.225000,-0.006267,-0.004411,0.054762,-0.998470,1.547274,-0.102108,0.038626,0.000224,0.039490,-0.698502,0.714517,1.224782,-0.126863,0.033422,-0.024116,-0.014490,0.394852,-0.918314,1.371712,-0.130881,0.939279
388,3.233333,-0.006969,-0.003021,0.055717,-0.998418,1.547579,-0.102283,0.038310,-0.002356,0.039780,-0.698205,0.714788,1.224646,-0.126826,0.033221,-0.026872,-0.015208,0.390635,-0.920028,1.375519,-0.131072,0.938629
389,3.241667,-0.006707,-0.002184,0.056220,-0.998394,1.547769,-0.102354,0.038045,-0.003414,0.040306,-0.697950,0.715003,1.224507,-0.126712,0.033108,-0.026943,-0.015131,0.388855,-0.920781,1.378090,-0.131187,0.938847
390,3.250000,-0.006664,-0.001661,0.057142,-0.998343,1.547926,-0.102436,0.037865,-0.002947,0.038714,-0.698188,0.714861,1.224464,-0.126657,0.033073,-0.027548,-0.016542,0.387758,-0.921201,1.380896,-0.131510,0.939018
391,3.258333,-0.007945,-0.001945,0.057215,-0.998328,1.547909,-0.102574,0.037839,-0.001673,0.037103,-0.697817,0.715313,1.224277,-0.126621,0.033045,-0.028729,-0.018381,0.385970,-0.921881,1.383608,-0.131757,0.939317
392,3.266667,-0.009393,-0.002430,0.056972,-0.998329,1.547859,-0.102640,0.037893,0.000108,0.035614,-0.697243,0.715950,1.224100,-0.126650,0.033151,-0.028136,-0.018760,0.385474,-0.922099,1.386540,-0.132124,0.939185
393,3.275000,-0.010693,-0.002572,0.056883,-0.998320,1.547891,-0.102642,0.037887,0.000787,0.035179,-0.696190,0.716994,1.223787,-0.126771,0.033191,-0.028670,-0.017381,0.384835,-0.922376,1.389381,-0.132326,0.939090
394,3.283333,-0.011497,-0.002992,0.056477,-0.998333,1.547855,-0.102613,0.037838,0.001051,0.034850,-0.695879,0.717313,1.223673,-0.126955,0.033213,-0.028307,-0.016978,0.384532,-0.922522,1.392134,-0.132476,0.939075
395,3.291667,-0.011739,-0.003591,0.055936,-0.998359,1.547799,-0.102781,0.037879,0.001805,0.033583,-0.692495,0.720639,1.222882,-0.127390,0.033171,-0.027470,-0.015737,0.383932,-0.922818,1.394947,-0.132806,0.938624
396,3.300000,-0.013085,-0.003633,0.055830,-0.998348,1.547750,-0.102936,0.037838,0.002721,0.033484,-0.691575,0.721523,1.222563,-0.127492,0.033287,-0.025918,-0.013964,0.383656,-0.923007,1.397714,-0.132818,0.938160
397,3.308333,-0.014456,-0.003395,0.056134,-0.998313,1.547759,-0.103124,0.037790,0.002747,0.037638,-0.693427,0.719538,1.222884,-0.127276,0.033773,-0.025251,-0.013707,0.383349,-0.923157,1.400532,-0.132613,0.937966
398,3.316667,-0.015316,-0.003074,0.056444,-0.998284,1.547754,-0.103266,0.037706,0.002847,0.038452,-0.692930,0.719974,1.222719,-0.127367,0.033900,-0.024905,-0.014209,0.383543,-0.923078,1.403315,-0.132695,0.937784
399,3.325000,-0.015900,-0.003009,0.056493,-0.998272,1.547712,-0.103385,0.037627,0.002919,0.039400,-0.692373,0.720458,1.222559,-0.127464,0.034046,-0.024953,-0.014925,0.383624,-0.923032,1.406243,-0.132937,0.937608
400,3.333333,-0.016300,-0.002725,0.056708,-0.998254,1.547665,-0.103497,0.037545,0.003281,0.040508,-0.692001,0.720752,1.222433,-0.127547,0.034224,-0.024634,-0.015568,0.383548,-0.923061,1.409184,-0.133023,0.937371
401,3.341667,-0.016586,-0.002415,0.057123,-0.998226,1.547622,-0.103561,0.037493,0.003583,0.041505,-0.691718,0.720965,1.222354,-0.127632,0.034407,-0.025287,-0.016921,0.383413,-0.923076,1.412229,-0.133335,0.937236
402,3.350000,-0.016698,-0.002188,0.057478,-0.998205,1.547577,-0.103581,0.037442,0.004101,0.042641,-0.691456,0.721147,1.222310,-0.127693,0.034606,-0.026246,-0.016588,0.383386,-0.923066,1.415118,-0.133509,0.937286
403,3.358333,-0.016495,-0.002139,0.057608,-0.998201,1.547507,-0.103545,0.037407,0.004112,0.043657,-0.691277,0.721258,1.222304,-0.127719,0.034736,-0.026347,-0.018565,0.382765,-0.923283,1.418310,-0.133724,0.937255
404,3.366667,-0.016092,-0.002248,0.057577,-0.998209,1.547412,-0.103499,0.037379,0.004208,0.044601,-0.691003,0.721462,1.222274,-0.127785,0.034896,-0.026996,-0.019100,0.381553,-0.923755,1.421074,-0.133858,0.937087
405,3.375000,-0.015746,-0.002234,0.057854,-0.998198,1.547340,-0.103457,0.037349,0.004304,0.044987,-0.691077,0.721367,1.222310,-0.127946,0.035053,-0.028136,-0.019041,0.380241,-0.924263,1.423971,-0.134078,0.936924
406,3.383333,-0.015562,-0.002190,0.058072,-0.998189,1.547280,-0.103413,0.037327,0.004551,0.045157,-0.691074,0.721358,1.222395,-0.128071,0.035243,-0.031136,-0.019036,0.378590,-0.924845,1.426488,-0.133976,0.937217
407,3.391667,-0.015248,-0.002172,0.058311,-0.998180,1.547227,-0.103377,0.037292,0.004808,0.047404,-0.691178,0.721112,1.222427,-0.128250,0.035506,-0.030352,-0.019761,0.377527,-0.925290,1.429411,-0.134046,0.937049
408,3.400000,-0.015184,-0.002260,0.058379,-0.998176,1.547159,-0.103353,0.037261,0.014915,0.051373,-0.688233,0.723515,1.222231,-0.128033,0.036898,-0.028941,-0.020000,0.376604,-0.925706,1.432175,-0.134147,0.936722
409,3.408333,-0.015101,-0.002285,0.058543,-0.998168,1.547100,-0.103360,0.037230,0.016136,0.053812,-0.688628,0.722936,1.222459,-0.128192,0.037394,-0.028594,-0.017187,0.374638,-0.926571,1.434928,-0.134244,0.936622
410,3.416667,-0.015401,-0.002302,0.058709,-0.998154,1.547058,-0.103388,0.037203,0.017811,0.056613,-0.688992,0.722335,1.222734,-0.128408,0.038026,-0.028226,-0.018930,0.372237,-0.927515,1.437609,-0.134211,0.936478
411,3.425000,-0.015618,-0.002267,0.058949,-0.998136,1.547038,-0.103431,0.037162,0.020366,0.059439,-0.689644,0.721418,1.223121,-0.128656,0.038778,-0.027485,-0.018001,0.370045,-0.928433,1.440344,-0.134249,0.936466
412,3.433333,-0.016022,-0.002369,0.058955,-0.998129,1.546998,-0.103461,0.037137,0.022478,0.063840,-0.690158,0.720487,1.223493,-0.128967,0.039599,-0.026723,-0.018046,0.367237,-0.929568,1.442834,-0.134068,0.936489
413,3.441667,-0.016417,-0.002353,0.058985,-0.998121,1.546987,-0.103498,0.037099,0.023703,0.068680,-0.690492,0.719682,1.223882,-0.129355,0.040383,-0.026004,-0.019262,0.364247,-0.930740,1.445680,-0.134326,0.936193
414,3.450000,-0.016420,-0.002427,0.059034,-0.998118,1.546957,-0.103519,0.037092,0.026324,0.073214,-0.691044,0.718613,1.224447,-0.129578,0.041508,-0.024687,-0.019104,0.361551,-0.931830,1.448311,-0.134290,0.936265
415,3.458333,-0.016681,-0.002461,0.058979,-0.998117,1.546940,-0.103515,0.037058,0.029305,0.077263,-0.691381,0.717749,1.225109,-0.130025,0.042755,-0.023640,-0.018603,0.358189,-0.933164,1.450786,-0.134252,0.936366
416,3.466667,-0.016605,-0.002468,0.059070,-0.998113,1.546938,-0.103514,0.037035,0.031765,0.079664,-0.691947,0.716836,1.225773,-0.130413,0.043770,-0.022148,-0.018703,0.355619,-0.934181,1.453552,-0.134553,0.936135
417,3.475000,-0.016619,-0.002431,0.059103,-0.998111,1.546935,-0.103503,0.037010,0.031783,0.079522,-0.692335,0.716477,1.226536,-0.130657,0.044549,-0.020666,-0.018283,0.352789,-0.935296,1.456073,-0.134462,0.936303
418,3.483333,-0.016459,-0.002482,0.059101,-0.998113,1.546926,-0.103501,0.036998,0.031743,0.086677,-0.691316,0.716632,1.227519,-0.131859,0.046120,-0.020166,-0.018594,0.349468,-0.936547,1.458492,-0.134432,0.936525
419,3.491667,-0.016298,-0.002458,0.059111,-0.998115,1.546929,-0.103487,0.036975,0.033341,0.095209,-0.692752,0.714086,1.228912,-0.132716,0.047920,-0.019255,-0.019184,0.346869,-0.937519,1.460977,-0.134654,0.936435
420,3.500000,-0.016082,-0.002318,0.059088,-0.998121,1.546927,-0.103462,0.036942,0.036853,0.102816,-0.695422,0.710252,1.230608,-0.133610,0.049678,-0.019112,-0.018659,0.343258,-0.938861,1.462931,-0.134576,0.936444
421,3.508333,-0.015818,-0.002254,0.059163,-0.998120,1.546938,-0.103455,0.036909,0.041075,0.109456,-0.696570,0.707900,1.232585,-0.134969,0.051558,-0.018555,-0.019807,0.341056,-0.939651,1.465494,-0.134960,0.936388
422,3.516667,-0.015834,-0.002405,0.058896,-0.998136,1.546916,-0.103434,0.036940,0.045617,0.113944,-0.696393,0.707087,1.235143,-0.136692,0.053519,-0.017805,-0.019449,0.337573,-0.940930,1.467545,-0.135029,0.936451
423,3.525000,-0.015918,-0.002289,0.058923,-0.998133,1.546931,-0.103396,0.036918,0.048960,0.117438,-0.693867,0.708773,1.238122,-0.139065,0.055355,-0.017086,-0.019175,0.334029,-0.942213,1.469503,-0.135165,0.936577
424,3.533333,-0.015963,-0.002386,0.058620,-0.998150,1.546901,-0.103373,0.036935,0.050607,0.120673,-0.689716,0.712158,1.241441,-0.141854,0.057088,-0.016371,-0.019024,0.330361,-0.943521,1.471549,-0.135570,0.936519
425,3.541667,-0.016435,-0.002173,0.058790,-0.998133,1.546872,-0.103306,0.036892,0.050672,0.122876,-0.684252,0.717030,1.244991,-0.145129,0.058652,-0.015590,-0.019533,0.326480,-0.944874,1.473486,-0.135879,0.936491
426,3.550000,-0.015774,-0.002175,0.058288,-0.998173,1.546866,-0.103370,0.036881,0.049948,0.124174,-0.678920,0.721910,1.248724,-0.148526,0.059945,-0.013898,-0.019476,0.322976,-0.946105,1.475479,-0.136418,0.936441
427,3.558333,-0.015474,-0.002123,0.058312,-0.998176,1.546863,-0.103364,0.036857,0.049503,0.122989,-0.673747,0.726972,1.252540,-0.152479,0.060906,-0.013031,-0.018662,0.317799,-0.947885,1.477232,-0.136523,0.936732
428,3.566667,-0.013791,-0.001888,0.058105,-0.998213,1.546840,-0.103454,0.036741,0.048529,0.122070,-0.669257,0.731327,1.256402,-0.156697,0.061716,-0.011880,-0.018883,0.313480,-0.949333,1.479051,-0.137046,0.936687
429,3.575000,-0.013273,-0.002109,0.057464,-0.998257,1.546831,-0.103449,0.036785,0.046585,0.120639,-0.665745,0.734888,1.260421,-0.161251,0.062487,-0.010588,-0.018033,0.307928,-0.951180,1.480567,-0.137455,0.936794
430,3.583333,-0.014187,-0.001788,0.058183,-0.998204,1.546837,-0.103351,0.036746,0.042844,0.123732,-0.661813,0.738146,1.264694,-0.166429,0.063694,-0.009641,-0.017739,0.302447,-0.952952,1.482176,-0.137872,0.936795
431,3.591667,-0.012391,-0.000463,0.061600,-0.998024,1.546887,-0.103276,0.036447,0.039341,0.123416,-0.659582,0.740386,1.268817,-0.171683,0.064280,-0.004567,-0.017152,0.296414,-0.954895,1.483531,-0.138163,0.936406
432,3.600000,-0.015005,-0.003174,0.059608,-0.998104,1.547116,-0.103783,0.036947,0.034101,0.122415,-0.657490,0.742670,1.272964,-0.177277,0.064680,-0.003391,-0.017192,0.291204,-0.956500,1.485089,-0.138749,0.936412
433,3.608333,-0.013892,-0.001626,0.058109,-0.998212,1.546816,-0.103311,0.036701,0.027577,0.120776,-0.655501,0.744964,1.277265,-0.183247,0.065003,-0.001928,-0.017609,0.285873,-0.958104,1.486622,-0.139151,0.936416
434,3.616667,-0.013657,-0.001622,0.058023,-0.998221,1.546798,-0.103284,0.036683,0.020867,0.119312,-0.654154,0.746600,1.281585,-0.189356,0.065222,-0.001677,-0.016823,0.280575,-0.959683,1.487983,-0.139830,0.936596
435,3.625000,-0.013487,-0.001588,0.057962,-0.998226,1.546792,-0.103263,0.036686,0.012419,0.116482,-0.651348,0.749683,1.286015,-0.196375,0.065265,0.001165,-0.018028,0.276360,-0.960884,1.489754,-0.140492,0.936563
436,3.633333,-0.013276,-0.001622,0.057972,-0.998229,1.546778,-0.103242,0.036676,0.006517,0.112167,-0.649998,0.751584,1.290886,-0.203071,0.065379,0.001554,-0.018028,0.270653,-0.962507,1.491131,-0.140706,0.937133
437,3.641667,-0.012990,-0.001523,0.057933,-0.998235,1.546767,-0.103218,0.036656,-0.002492,0.110844,-0.649064,0.752611,1.295555,-0.209567,0.065171,0.003126,-0.018920,0.266178,-0.963733,1.492994,-0.141607,0.937328
438,3.650000,-0.012625,-0.001418,0.057814,-0.998247,1.546757,-0.103202,0.036641,-0.010752,0.108929,-0.648104,0.753645,1.300628,-0.216420,0.064976,0.003100,-0.018871,0.260221,-0.965360,1.494463,-0.142182,0.937880
439,3.658333,-0.012429,-0.001288,0.057747,-0.998253,1.546746,-0.103164,0.036617,-0.018457,0.106887,-0.646625,0.755057,1.305960,-0.223413,0.064756,0.003875,-0.018759,0.254866,-0.966787,1.496136,-0.142726,0.938168
440,3.666667,-0.012084,-0.001109,0.057699,-0.998260,1.546748,-0.103145,0.036599,-0.025755,0.103856,-0.645409,0.756305,1.311655,-0.230338,0.064336,0.004398,-0.018227,0.250349,-0.967974,1.497848,-0.143629,0.938288
441,3.675000,-0.011886,-0.001013,0.057527,-0.998273,1.546736,-0.103130,0.036569,-0.032767,0.100248,-0.642971,0.758594,1.317682,-0.237394,0.063766,0.005380,-0.018724,0.245736,-0.969141,1.499570,-0.144363,0.938433
442,3.683333,-0.011644,-0.000806,0.057421,-0.998282,1.546733,-0.103105,0.036543,-0.038883,0.096679,-0.640251,0.761065,1.324196,-0.244423,0.063251,0.006254,-0.018264,0.240821,-0.970378,1.501260,-0.144985,0.938645
443,3.691667,-0.011514,-0.000718,0.057351,-0.998287,1.546736,-0.103094,0.036525,-0.043863,0.091929,-0.636705,0.764351,1.331140,-0.251467,0.062567,0.007444,-0.016823,0.236222,-0.971525,1.503047,-0.145662,0.938741
444,3.700000,-0.011495,-0.000596,0.057334,-0.998289,1.546739,-0.103077,0.036492,-0.049005,0.085433,-0.629553,0.770690,1.338754,-0.258949,0.061588,0.007422,-0.015304,0.231479,-0.972691,1.504791,-0.146523,0.939026
445,3.708333,-0.011316,-0.000442,0.057217,-0.998298,1.546745,-0.103064,0.036471,-0.050173,0.079059,-0.626597,0.773698,1.346678,-0.265499,0.060809,0.008349,-0.015569,0.225999,-0.973967,1.506487,-0.146914,0.939228
