frame_id,timestamp,gait_type,root_linear_velocity_x,root_linear_velocity_y,root_linear_velocity_z,root_angular_velocity_x,root_angular_velocity_y,root_angular_velocity_z,left_linear_velocity_x,left_linear_velocity_y,left_linear_velocity_z,right_linear_velocity_x,right_linear_velocity_y,right_linear_velocity_z,root_acceleration_x,root_acceleration_y,root_acceleration_z,left_acceleration_x,left_acceleration_y,left_acceleration_z,right_acceleration_x,right_acceleration_y,right_acceleration_z,left_pos_rel_x,left_pos_rel_y,left_pos_rel_z,right_pos_rel_x,right_pos_rel_y,right_pos_rel_z,step_length,step_width,step_height,left_contact_prob,right_contact_prob,support_type,max_foot_height
1,0.008333,step_decsent,0.01020040801636083,-0.10632425297012521,-0.024240969638776488,0.032881655022272215,0.11530801783940338,-0.05671991043910244,-0.006000240009613046,0.013800552022078031,-0.03312132485299393,-0.306492259690381,-0.43705748229929603,-0.0914436577463097,0.0,0.0,0.0,0.0,0.0,0.0,0.0,0.0,0.0,-0.05883500000000019,0.03567100000000001,-0.924757,0.07325599999999977,-0.18185700000000005,-0.905138,0.13209099999999996,0.21752800000000005,0.019619000000000053,0.9393672192552074,0.30380999999999997,single,-0.905138
2,0.016667,step_decsent,0.009479241660659974,-0.10931125509959144,-0.021838252939766673,0.10532785119632411,0.10256244155580875,-0.06344759499843325,-0.0041996640268787185,0.00659947204223989,0.01583873290136791,-0.355291576673865,-0.41624670026397215,-0.15910727141828745,-0.08653304004089948,-0.35841158260933903,0.288302939646006,0.21605183378141676,-0.8640604727427574,5.874736951567295,-5.855449602049915,2.4970940767127288,-8.118984121907577,-0.05894900000000014,0.03663700000000003,-0.924443,0.07021599999999983,-0.184415,-0.906282,0.12916499999999997,0.22105200000000003,0.018160999999999983,0.9705581708611031,0.31839000000000006,single,-0.906282
3,0.025,step_decsent,0.0032401296051574706,-0.11940477619104381,-0.00984039361574781,0.15948298480935394,0.020135875255754856,-0.09375161544174292,0.00024000960039091698,0.011280451218040019,0.004320172806911601,-0.1826473058922385,-0.36001440057602335,-0.0019200768030723776,-0.7487233955961242,-1.2112709818135567,1.4398007109107,0.5327821465582185,0.5617399706948433,-1.3822825026348624,20.71814121944396,6.748145888389391,18.86321788254111,-0.05897399999999986,0.037725999999999926,-0.924325,0.06866700000000003,-0.18642000000000003,-0.906216,0.1276409999999999,0.22414599999999996,0.01810899999999993,0.9798636538283216,0.31891,single,-0.906216
4,0.033333,step_decsent,-0.0028801152045844183,-0.10896435857434536,-0.03144125765030415,0.044079798256593625,0.1685278538937662,-0.043480175228627564,-0.0008400336013282398,0.004800192007685108,0.004440177607104561,-0.2334093363734652,-0.3366134645385884,-0.0822032881315242,-0.7344587555192473,1.2529002300130145,-2.5922073724416586,-0.12961036862104364,-0.7776622117310585,0.014401152069238024,-6.091687325240215,2.80822465347833,-9.634370734243587,-0.058956999999999926,0.038673999999999986,-0.924026,0.06674599999999975,-0.18831700000000007,-0.906639,0.12570299999999968,0.22699100000000005,0.01738700000000004,0.9890122951359464,0.3261299999999999,single,-0.906639
5,0.041667,step_decsent,-0.0011999040076872464,-0.12514998800096183,-0.004799616030722342,0.1820068098175055,-0.05048798831598919,-0.11038988012470925,-0.007079433645312124,0.017518598512116564,-0.007919366450683538,-0.23266138708899575,-0.29073674106070946,-0.12730981521478357,0.20160921489046937,-1.9421201615810497,3.196741255049413,-0.7486681118291195,1.526086693596287,-1.4830266448029874,0.08974673439758167,5.504766436030593,-5.412350261970167,-0.05900599999999989,0.03986299999999998,-0.924052,0.06481700000000012,-0.189697,-0.9076599999999999,0.12382300000000002,0.22956,0.016392000000000073,0.9658542324264484,0.33608000000000005,single,-0.9076599999999999
6,0.05,step_decsent,0.007200288011514338,-0.13908556342253944,-0.016680667226689094,0.13046354765308993,0.07880241618559432,-0.07050021955210842,0.013080523220918603,-0.0026401056042201477,-0.035761430457218246,-0.1802472098883826,-0.27241089643585675,-0.10488419536781468,1.0080633648387836,-1.6723359440270744,-1.425783174843004,2.4192915956115115,-2.4191412596107895,-3.341181328037287,6.2899528621880645,2.1991893225552266,2.6911820289174235,-0.058956999999999926,0.041000000000000036,-0.924211,0.06325500000000028,-0.19080799999999998,-0.908395,0.12221200000000021,0.23180800000000001,0.015816000000000052,0.9363833059627846,0.34184000000000003,single,-0.908395
7,0.058333,step_decsent,-0.005640225609013348,-0.1278051122044861,-0.047041881675260765,-0.01959497421829078,0.28521068318432324,-0.06518045740754419,0.009480379215161434,-0.004920196807880566,-0.0360014400576025,-0.1789271570862992,-0.2258490339613645,-0.15072602904116084,-1.540923271394178,1.353708294498182,-3.64349147348754,-0.4320345620733432,-0.2736218893148228,-0.028802304138276197,0.15841267275692017,5.587647002819184,-5.501240090405155,-0.05883100000000008,0.04202399999999995,-0.924119,0.06181100000000006,-0.19162500000000005,-0.909259,0.12064200000000014,0.233649,0.014859999999999984,0.9374125142763994,0.35139999999999993,single,-0.909259
8,0.066667,step_decsent,-0.014998800096010649,-0.13450923926086375,-0.029277657787379643,0.16800047190721504,0.10630022912694165,-0.11266917571749581,0.015478761699069562,-0.027117830573547927,-0.049076073914086825,-0.16162706983441166,-0.18190544756419025,-0.15802735781137575,-1.1229391033114111,-0.8044308922939352,2.1315363436382433,0.7197483182035189,-2.6635029716423517,-1.5688305563336118,2.0758444026742895,5.2728085429774705,-0.8760893652765676,-0.05857699999999988,0.04291900000000004,-0.924284,0.060589000000000226,-0.19201999999999997,-0.910332,0.1191660000000001,0.234939,0.013951999999999964,0.9030545710553677,0.3769009033627179,single,-0.910332
9,0.075,step_decsent,-0.01068042721708938,-0.14412576503060226,-0.02748109924397395,0.17974966208070906,0.01818865833058598,-0.11502396571423507,0.01632065282612938,-0.027601104044156083,-0.05784231369254814,-0.13116524660986578,-0.15600624024960624,-0.1524060962438499,0.5182254744895322,-1.1540292535387637,0.21559564903464462,0.10103097648623795,-0.0579951362784299,-1.051990853049481,3.6555650095458905,3.10802919891804,0.6745783712379518,-0.05835199999999974,0.043890000000000096,-0.9245369999999999,0.05958500000000022,-0.19211899999999993,-0.911373,0.11793699999999996,0.23600900000000002,0.013163999999999954,0.8897739959795417,0.4441945216541386,single,-0.911373
10,0.083333,step_decsent,0.0002400096004175632,-0.14340573622944258,-0.04596183847352824,0.11275040642759714,0.2304488076338946,-0.03375315624531383,0.010440417616698446,-0.03060122404896256,-0.04020160806432194,-0.17388695547822303,-0.08976359054361818,-0.23124924996999838,1.310504838294364,0.08640691241565789,-2.217777418643259,-0.7056564513897673,-0.36002880172884605,2.116969354161309,-5.126810136608329,7.949435942156247,-9.461556909414185,-0.05826700000000007,0.044830000000000036,-0.924489,0.05813399999999991,-0.19167199999999995,-0.9129170000000001,0.11640099999999998,0.236502,0.011571999999999916,0.9140153998887781,0.38428,single,-0.9129170000000001
11,0.091667,step_decsent,-0.009839212862960826,-0.1442284617230666,-0.06191504679626498,0.03391036996832767,0.32566376998921254,0.03149913249663261,0.006719462442984641,-0.024958003359729555,-0.025317974562035397,-0.11555075593953057,-0.09455243580513696,-0.17614590832733443,-1.209409942809983,-0.09871916170194714,-1.9142318601795953,-0.4464789025334543,0.6771323121229912,1.785893148822481,6.999783961926146,-0.5746154621452823,6.61187204735589,-0.05812900000000032,0.04582400000000009,-0.924184,0.057252999999999776,-0.19125799999999993,-0.9138689999999999,0.1153820000000001,0.23708200000000001,0.010315000000000074,0.9396986055267462,0.5119996635222148,double,-0.9138689999999999
12,0.1,step_decsent,-0.02028081123245957,-0.15264610584422642,-0.031801272050877176,0.27748895057984563,0.06779028227970325,0.012773662589951794,0.005160206408258156,-0.014880595223810498,-0.017760710428417398,-0.04716188647544286,-0.024600984039362842,-0.11520460818432675,-1.253041926016889,-1.0101577008472098,3.613797521347387,-0.18711820889553385,1.2093373498042779,0.9069079723530533,8.206992615395134,8.39450999229258,7.313248547102799,-0.05791700000000022,0.046972000000000014,-0.924067,0.057028999999999996,-0.190191,-0.914564,0.11494600000000021,0.237163,0.009502999999999928,0.9604363143739947,0.693483503855501,double,-0.914564
13,0.108333,step_decsent,-0.009120364814588389,-0.17124684987400315,-0.01344053762150499,0.3366069974587164,-0.016657267798159247,-0.015943871902542556,0.006000240009613051,-0.005280211208453623,-0.015360614424576537,-0.029401176047047995,0.015240609624383577,-0.08316332653306129,1.3393071424302403,-2.232178570716039,2.203376266575327,0.10080806448516691,1.1520921655294472,0.28802304138255885,2.1313705062276345,4.781182486949052,3.8451076024559567,-0.05779100000000015,0.04835500000000004,-0.924083,0.05685999999999991,-0.18863699999999994,-0.915145,0.11465100000000006,0.23699199999999998,0.008938000000000001,0.971140571246156,0.7614291805893005,double,-0.915145
14,0.116667,step_decsent,0.00023998080151613449,-0.17374610031197546,-0.047156227501797016,0.019861354469772975,0.39314533312023014,0.11800816213681523,0.004079673626120648,-0.0021598272138183914,-0.00995920326373886,-0.009959203263745522,0.03347732181425833,-0.07151427885769207,1.1231516218027975,-0.29988606167174264,-4.045559140903767,-0.23044953005668362,0.37441612606614216,0.6481174899013284,2.3328501059878155,2.1882304043526206,1.3977738991323738,-0.057758999999999894,0.04978500000000008,-0.9237730000000001,0.05677500000000002,-0.1869099999999999,-0.915348,0.11453399999999991,0.236695,0.008425000000000016,0.9817050158560634,0.7831037611409816,double,-0.915348
15,0.125,step_decsent,-0.009120364814588389,-0.1718468738749538,-0.02748109924397395,0.23560454240651163,0.11734659489219387,0.06379356750406852,0.0015600624024743456,0.001560062402487669,-0.0019200768030723794,0.014160566422664419,0.034921396855865885,-0.04224168966758651,-1.1232864053887592,0.22791628909416467,2.361109835332183,-0.30236544145521477,0.44640461014113325,0.9647337646305638,2.8944881418948714,0.1732959368303798,3.5128512168613444,-0.05767000000000011,0.05123,-0.92356,0.05696900000000005,-0.185187,-0.915471,0.11463900000000016,0.236417,0.008089000000000013,0.9951253819725239,0.8247645068828249,double,-0.915471
16,0.133333,step_decsent,0.05460218408737476,-0.057962318492741007,-0.3992559702388055,-2.7696360189017932,2.6217775523491818,-0.17444764212668884,-0.0010800432017191559,0.010800432017284822,0.00432017280691243,0.03756150246007265,0.02376095043802128,-0.03660146405856228,7.64701174870552,13.666693313598067,-44.61476911014415,-0.3168253455170406,1.1088887093240303,0.7488599075944802,2.8082246534751247,-1.3393071424270488,0.6768541472487973,-0.05813400000000013,0.05180300000000004,-0.920197,0.05682699999999974,-0.18450599999999995,-0.9124490000000001,0.11496099999999987,0.236309,0.007747999999999977,0.9805292442822606,0.8265582540915627,double,-0.9124490000000001
17,0.141667,step_decsent,0.005879529637598249,-0.19498440124789915,-0.061435085193192844,-0.11092219071718712,0.472749445600812,0.20883450296124237,-0.003479721622277037,0.007559395248384377,0.005999520038397114,-0.05555555555554131,0.08339332853371764,-0.11759059275258027,-5.846250833906483,-16.44133462384911,40.53526338440286,-0.2879383753969147,-0.3888933008039899,0.2015055473343758,-11.17315310962493,7.155312946447865,-9.717918009841394,-0.05821199999999993,0.053491000000000066,-0.919635,0.056315000000000115,-0.18218599999999996,-0.912917,0.11452700000000005,0.23567700000000003,0.006718000000000002,0.9829016602673302,0.6753299004011104,double,-0.912917
18,0.15,step_decsent,0.0024000960038558753,-0.20400816032640373,0.01932077283092255,0.4410736469266696,-0.24604548588592226,0.03725128479300367,-0.004560182407294187,0.00840033601344227,0.009960398415936598,-0.007080283211305551,0.01572062882515206,-0.02868114724588935,-0.4175487379986044,-1.082894405196757,9.691090606518099,-0.12966048062128277,0.10091692848408633,0.475324418281469,5.817265371923163,-8.121048806980143,10.66956024321263,-0.058270000000000044,0.055261000000000005,-0.919713,0.056236000000000175,-0.18035500000000004,-0.913317,0.11450600000000022,0.23561600000000005,0.006395999999999957,0.9769921242149369,0.8802657330256127,double,-0.913317
19,0.158333,step_decsent,0.00660026401057701,-0.20460818432738104,-0.051962078483141286,-0.07426187277055882,0.30287701366113223,0.20065851808647125,-0.005280211208440291,0.006120244809781853,0.011160446417856209,-0.007200288011567625,-0.0028801152046110624,-0.03444137765510648,0.5040403224194325,-0.07200576034769059,-8.554284329060815,-0.08640691241402892,-0.27362188931482234,0.1440115206911808,-0.014401152077532021,-2.2321785707144017,-0.6912552993180274,-0.058369000000000115,0.057016999999999984,-0.919187,0.05612099999999964,-0.178674,-0.9131710000000001,0.11448999999999976,0.23569099999999998,0.00601599999999991,0.9770330194032559,0.8810005832743091,double,-0.9131710000000001
20,0.166667,step_decsent,0.005639548836082095,-0.21910247180225492,0.014758819294454537,0.3211977769823613,-0.14240600540969428,0.16045463673078098,-0.003959683225335938,0.009599232061444677,0.010799136069114437,-0.0105591552675625,-0.025677945764331203,-0.012838972882168932,-0.11527659881148478,-1.739175362955828,8.005867263930377,0.1584506819179688,0.41744507459357094,-0.04335377354712879,-0.40303182817313077,-2.735520825500374,2.5920812062560024,-0.05844899999999997,0.05892300000000006,-0.91922,0.05598599999999987,-0.17706199999999994,-0.913401,0.11443499999999984,0.235985,0.005819000000000019,0.9750308141427989,0.8908281981457681,double,-0.913401
21,0.175,step_decsent,0.01608064322573849,-0.2203288131525205,-0.03072122884915812,-0.03415771026726927,0.21161442328556446,0.20850523609318622,-0.005520220808831226,0.0038401536061347724,0.010200408016320887,-0.01188047521901734,-0.02196087843514277,-0.017880715228609585,1.252981446016611,-0.14716684870581895,-5.457824090197141,-0.18727200089947105,-0.691117059319563,-0.07185024034484004,-0.15856473676405175,0.4460659221394988,-0.605033282904196,-0.05862900000000004,0.06079099999999993,-0.918879,0.05575299999999972,-0.17540900000000004,-0.9132939999999999,0.11438199999999976,0.23619999999999997,0.005585000000000062,0.9796374566915141,0.8929655337648598,double,-0.9132939999999999
22,0.183333,step_decsent,0.014040561622455613,-0.2288491539661575,0.008760350414015322,0.17551624478544947,-0.0763214240660148,0.21120649848252857,-0.005760230409222125,0.00936037441497929,0.009960398415936598,-0.008160326413024707,-0.011280451218053333,-0.019440777631105518,-0.244819585177352,-1.0224817969083129,4.737979030742039,-0.028802304139073382,0.6624529951811488,-0.028802304138280128,0.4464357141476815,1.2817025341520973,-0.1872149768985878,-0.05879400000000001,0.06277599999999994,-0.9188689999999999,0.05556800000000006,-0.17359600000000008,-0.9135289999999999,0.11436200000000007,0.23637200000000003,0.005340000000000011,0.975278978796707,0.9067466806850113,double,-0.9135289999999999
23,0.191667,step_decsent,0.026037916966658692,-0.25041996640269487,0.0005999520038436226,-0.05057034232126163,-0.08272105015567925,0.18129952467381888,-0.0016798656107461574,-0.019678425725934943,0.019678425725941605,-0.0043196544276634255,-0.0032397408207342476,-0.018958483321334086,1.4395674759062955,-2.5882904291501516,-0.97916947566255,0.4896046074485197,-3.484377266728367,1.1660699916012716,0.460843770741694,0.9648080630332466,0.057870687517570366,-0.059025000000000105,0.06469900000000006,-0.91871,0.05531499999999978,-0.17153600000000002,-0.913692,0.11433999999999989,0.23623500000000008,0.005018000000000078,0.9535330814637175,0.9169659699408772,double,-0.913692
24,0.2,step_decsent,0.03180127205085053,-0.2336493459738426,-0.003000120004806521,-0.010686593042967122,0.014965234196842309,0.22550494966644183,-0.0024000960038558753,-0.00888035521421078,0.01128045121804917,-0.0007200288011461039,0.0033601344053795727,-0.015120604824193088,0.6916302753140326,2.0125549536604175,-0.4320259220748998,-0.08643110441734277,1.2958202942186672,-1.0077972528372048,0.43197235407624124,0.7920167078019699,0.4605638422106078,-0.059309999999999974,0.06657200000000008,-0.9185909999999999,0.05504400000000009,-0.16956099999999996,-0.913793,0.11435400000000007,0.23613300000000004,0.004797999999999969,0.9757404228968186,0.9261763657662887,double,-0.913793
25,0.208333,step_decsent,0.024360974438972005,-0.27289091563662593,0.022800912036484332,-0.028040026821519896,-0.10359412512679002,0.26068160576379973,0.0012000480019279415,-0.00540021600864909,0.002400096003840062,0.00444017760708542,0.004680187207489661,-0.010080403216128759,-0.8928714282825566,-4.709176726603076,3.0962476948627047,0.4320345620765421,0.417633410003804,-1.0656852531152203,0.6192495389693432,0.15841267276012136,0.6048483869031971,-0.05950299999999986,0.068801,-0.9187609999999999,0.05487799999999998,-0.16724799999999995,-0.914067,0.11438099999999984,0.23604899999999995,0.004693999999999976,0.9899497223677582,0.9331132752285166,double,-0.914067
26,0.216667,step_decsent,0.04679625629953613,-0.24250059995199635,-0.010919126469876667,-0.11557585045184994,0.00594310349659064,0.18982340056495622,0.023518118550526136,-0.11507079433644483,0.05099592032637405,0.008159347252241296,0.004199664026878715,-0.005639548836092919,2.6920184617907497,3.6465461584628684,-4.0460809342885735,2.6779542294934213,-13.159416646003796,5.831032436109184,0.44626465624620504,-0.05765816901979182,0.5328598968125553,-0.05969700000000011,0.06986300000000001,-0.918245,0.05455599999999983,-0.165192,-0.914023,0.11425299999999994,0.23505500000000001,0.004221999999999948,0.7865952365722796,0.9398281634647352,double,-0.914023
27,0.225,step_decsent,0.03432137285491518,-0.27085083403336885,0.01716068642745759,-0.007436803752242309,-0.09227425594229582,0.2962554593530433,0.004200168006721135,-0.013680547221895885,-0.011160446417857042,0.011400456018235467,-0.0015600624025009894,-0.010200408016320854,-1.4970458951903203,-3.4021641763317496,3.369712336173555,-2.3182467951284034,12.16731634639972,-7.459062371802598,0.38894860986369467,-0.6911948193183367,-0.5473249946271368,-0.05994800000000011,0.07200600000000001,-0.918481,0.054364999999999775,-0.16294799999999998,-0.914251,0.11431299999999989,0.234954,0.004229999999999956,0.9697531292793478,0.9320716457033945,double,-0.914251
28,0.233333,step_decsent,0.051482059282319484,-0.2648505940237558,-0.007560302412100707,-0.2532997866666425,0.12065291202682817,0.32534945729810016,0.0012000480019012912,-0.013200528021114051,-0.016320652826112697,0.009360374414952645,-0.004920196807867239,-0.006000240009599718,2.0593647458783493,0.7200576034577004,-2.966637326240043,-0.36002880173045015,0.057604608278151136,-0.619249538972237,-0.24481958517734553,-0.40323225793426704,0.5040403224194326,-0.06036699999999984,0.07410300000000003,-0.918554,0.054014000000000006,-0.16078199999999998,-0.914238,0.11438099999999984,0.234885,0.0043159999999999865,0.9649580503811033,0.9365759221781602,double,-0.914238
29,0.241667,step_decsent,0.051595872330232,-0.26085913126950017,-0.014758819294454587,-0.19399454873013883,0.11396487258916792,0.24156538946500153,0.0028797696184334125,-0.010559155267575858,-0.018598512119030804,0.009599232061444708,-0.012838972882165645,-0.007079433645308811,0.013656473231643722,0.47893721553343754,-0.8637529256484157,0.20155046994625933,0.31693937527456195,-0.2733212494502174,0.02866062472906934,-0.9501771147466314,-0.12949287685494307,-0.060772999999999966,0.07618900000000006,-0.918586,0.053663999999999934,-0.15871499999999994,-0.914174,0.1144369999999999,0.234904,0.0044119999999999715,0.9640334458581555,0.9266727491129352,double,-0.914174
30,0.25,step_decsent,0.04056162246491914,-0.27733109324372374,0.009120364814588375,-0.05260039270549958,0.02907228048095097,0.42213339566266134,0.0033601344053928958,-0.013200528021127374,-0.018360734429377204,0.009360374415005937,-0.011160446417857874,-0.010080403216128726,-1.324162950355556,-1.9767145054870463,2.8656167177538627,0.05764608027834908,-0.31697740952256254,0.028534464136997412,-0.02866406413521789,0.20143123296625096,-0.3601307537285386,-0.061083,0.07838999999999996,-0.9188149999999999,0.05340400000000001,-0.156497,-0.914334,0.114487,0.23488699999999996,0.004480999999999957,0.961897032339076,0.9256666240245917,double,-0.914334
31,0.258333,step_decsent,0.06012240489617952,-0.27445097803912694,-0.019200768030713834,-0.3044885990293728,0.21576862505634795,0.28933437741044643,0.0019200768030474015,-0.013080523220931959,-0.013800552022080564,0.007440297611878628,-0.011040441617662452,-0.006360254410176122,2.347387787262741,0.34562764965760323,-3.398671888311806,-0.17281382483445312,0.014401152069532627,0.5472437786267432,-0.23041843311260218,0.01440115206953346,0.44643571414287925,-0.06156800000000007,0.08056799999999997,-0.9187700000000001,0.05296499999999993,-0.15430199999999994,-0.914227,0.114533,0.2348699999999999,0.004543000000000075,0.9681478232569625,0.9299787743839107,double,-0.914227
32,0.266667,step_decsent,0.047396208303353116,-0.2859371250300002,0.013798896088310069,0.03939152638855481,-0.03499582699595231,0.29266414116833417,0.0009599232061444676,-0.013558915286767292,-0.01439884809215286,0.009359251259928541,-0.009119270458372443,-0.007439404847612131,-1.5270214294248128,-1.3782273807143313,3.9596429228490364,-0.11520921489116066,-0.05740245570378361,-0.07178978522585748,0.23025601728460662,0.23052209734701312,-0.12948769347684275,-0.061955000000000204,0.08283800000000008,-0.919005,0.05264800000000003,-0.151995,-0.914404,0.11460300000000023,0.23483300000000007,0.004600999999999966,0.966997792047925,0.9289288845726817,double,-0.914404
33,0.275,step_decsent,0.3906156246249577,-0.2952118084723398,-0.8167526701067983,-6.351422779569717,6.578738005556393,-1.1540301921918086,0.0012000480019279335,-0.016440657626311434,-0.013800552022080472,0.0021600864034383048,-0.01056042241689387,-0.00456018240729667,41.18797747769148,-1.1130065333420829,-99.67017475040261,0.028816128139141355,-0.34582291366184215,0.07179840034470014,-0.8639343401524309,-0.17294515282868367,0.3455205136584002,-0.06519999999999992,0.08516100000000004,-0.9123140000000001,0.049411000000000094,-0.14962299999999995,-0.907636,0.11461100000000002,0.234784,0.004678000000000071,0.9641689700543931,0.9337133231885585,double,-0.907636
34,0.283333,step_decsent,0.12096483859355843,-0.29569182767309693,-0.0729629185167472,-0.7262195303147272,0.721810188947783,0.40660227586356185,0.002640105604220154,-0.012600504020163448,-0.015480619224769522,0.0013200528021367235,-0.008520340813637757,-0.0045601824072958675,-32.359388699315964,-0.05760460827518691,89.25834052442734,0.17281382482806004,0.46083686621240805,-0.2016161289678452,-0.10080806447876915,0.2448195851741411,9.628100415687931e-14,-0.06618600000000008,0.08751999999999993,-0.911835,0.04841400000000018,-0.14723000000000008,-0.9070659999999999,0.11460000000000026,0.23475000000000001,0.004769000000000023,0.966442734238242,0.9360538891345797,double,-0.9070659999999999
35,0.291667,step_decsent,-0.007919366450671875,-0.24898008159347818,0.031197504199668553,0.4738027327800355,-0.21752093801140648,0.6031993144110034,0.021598272138237198,0.08783297336213886,-0.01859851211902991,-0.00011999040078471047,-0.007919366450671875,-0.00383969282457454,-15.46486741591435,5.604961132663632,12.498250865900607,2.274798000242024,12.051053201620135,-0.37411721793381136,-0.17279136104168857,0.07211115466353268,0.08645183377985681,-0.06594000000000011,0.09032700000000005,-0.91225,0.04847899999999994,-0.14522099999999993,-0.907358,0.11441900000000005,0.23554799999999998,0.0048920000000000075,0.8460968809243832,0.9364101136428513,double,-0.907358
36,0.3,step_decsent,0.008160326413024733,-0.2511700468018741,0.009240369614783863,0.21394534552836053,-0.021718355194163756,0.532018052484354,-0.0006000240009639708,-0.00540021600864909,0.0018000720028794217,0.0014400576022922126,-0.00648025921036825,-0.008040321612864249,1.9296403292567679,-0.2628063372610024,-2.6349615486481155,-2.663902092787858,-11.18843026170505,2.4479280117495956,0.1872132488991872,0.17269977682750856,-0.504095618419503,-0.06601299999999988,0.09237499999999998,-0.912312,0.048423000000000105,-0.14318199999999992,-0.907502,0.11443599999999998,0.2355569999999999,0.004809999999999981,0.9904602263948723,0.9345223086041508,double,-0.907502
37,0.308333,step_decsent,0.025561022440899778,-0.28033121324852933,-0.0015600624025009842,-0.016059162449827732,0.04511515393467093,0.40789622848854207,-0.0007200288011461016,-0.0006000240009506435,0.002520100804032173,0.0033601344053662383,-0.004440177607112037,-0.00972038881555231,2.0881670500269975,-3.4994799527967246,-1.296103686221625,-0.014401152067938352,0.5760460827671219,0.08640691241482636,0.23041843310620636,0.24481958517415153,-0.2016161289677252,-0.06623199999999985,0.09470600000000007,-0.9122779999999999,0.048238,-0.14088299999999998,-0.90757,0.11446999999999985,0.23558900000000005,0.0047079999999999345,0.9955187494495025,0.9342494915314776,double,-0.90757
38,0.316667,step_decsent,0.010679145668347281,-0.2686585073194149,0.03131749460044015,0.5669751307192434,-0.24291749521887568,0.37110367145837053,-0.0033597312215189806,-0.0026397888169039643,0.010199184065275046,0.0021598272138583707,-0.0064794816414685385,-0.008279337652987762,-1.7856823581176604,1.4006126624807445,3.9449912410536743,-0.316738951328641,-0.2447521977385808,0.9214162780469062,-0.14402534095366865,-0.244696908370112,0.1729123065232248,-0.06634899999999999,0.09692299999999998,-0.912454,0.04816700000000029,-0.138698,-0.9079,0.11451600000000028,0.23562099999999997,0.004553999999999947,0.9815699796168753,0.9365717692393984,double,-0.9079
39,0.325,step_decsent,0.047161886475496,-0.28657146285850665,-0.002880115204611053,0.30136108536501804,0.0725571080938039,0.34245983039791844,-0.018480739229567604,0.09240369614785134,0.09624384975398942,0.002640105604220137,-0.006840273610941258,-0.008880355214209086,4.378104021018668,-2.1496406503170173,-4.103877331699395,-1.8145935447076154,11.405674422747499,10.325772913562224,0.05763571227190257,-0.04329676820745442,-0.07212499234625236,-0.06689600000000029,0.10008099999999998,-0.911628,0.04779599999999995,-0.13636700000000002,-0.90795,0.11469200000000024,0.236448,0.003677999999999959,0.7755076133453507,0.9440265253128031,double,-0.90795
40,0.333333,step_decsent,0.0472818912756518,-0.31705268210728904,-0.00240009600384256,0.04974716617930488,0.07121478776796254,0.13314690301233498,0.002520100804038019,-0.004920196807867256,0.000720028801152768,0.0032401296051574784,-0.008520340813637757,-0.007200288011520185,0.014401152064778948,-3.657892625558918,0.057604608276550354,2.5202016120971646,-11.679334328059383,-11.463317047022308,0.07200576034289488,-0.2016161289687392,0.2016161289678273,-0.06726900000000025,0.10268200000000005,-0.911602,0.04742899999999972,-0.13379600000000003,-0.90799,0.11469799999999997,0.23647800000000008,0.0036120000000000596,0.9907087726314385,0.9445194735144189,double,-0.90799
41,0.341667,step_decsent,0.04187664986800244,-0.2859371250300002,-0.006959443244540729,0.4463574573440207,0.03862106562879446,0.2107293648832217,-0.023398128149741425,0.01823854091671824,0.0028797696184300722,0.0008399328053864003,-0.008039356851443264,-0.007799376049916306,-0.6485770827513021,3.7335681638215537,-0.5470779026515676,-3.1099386793591814,2.7788262208525882,0.25914816621997866,-0.288000575926455,0.05771345838666821,-0.07188481382242862,-0.06781300000000012,0.105217,-0.91152,0.04708699999999988,-0.13147999999999993,-0.9079969999999999,0.1149,0.23669699999999994,0.003523000000000054,0.950322991883743,0.9460493182942249,double,-0.9079969999999999
42,0.35,step_decsent,0.0694827793111322,-0.31681267250689815,-0.003240129605184125,0.21573254659497165,0.10422034683214336,0.1355352907221564,-0.02724108964358308,0.020760830433214826,0.02256090243609758,0.003480139205575043,-0.006360254410186114,-0.009720388815552376,3.312868047897495,-3.705213905783997,0.44633549014239926,-0.4611738262140482,0.30268684945356916,2.3618304113365602,0.3168374415202987,0.20150035296497706,-0.2305307531064532,-0.06861899999999976,0.10802999999999996,-0.911305,0.04653700000000027,-0.12889300000000004,-0.9080509999999999,0.11515600000000004,0.236923,0.00325400000000009,0.9316446506202587,0.9472492930068965,double,-0.9080509999999999
43,0.358333,step_decsent,0.06180247209888888,-0.3062522500900022,-0.008400336013442242,0.21057181568063219,0.13015050574104992,0.34067814428750465,-0.030721228849157914,0.026881075243009846,0.025441017640705985,-0.004800192007711734,-0.002760110404415595,-0.008880355214208253,-0.9216737324184909,1.2673013820827952,-0.6192495389725303,-0.4176334100053787,0.7344587555256203,0.3456276496589936,-0.99367949277412,0.4320345620749435,0.10080806448387364,-0.06938999999999984,0.11080599999999996,-0.9110229999999999,0.04598199999999997,-0.12636400000000003,-0.908055,0.11537199999999981,0.23717,0.0029679999999999707,0.9198329610747139,0.9528779720943621,double,-0.908055
44,0.366667,step_decsent,0.08435325173987515,-0.30789536837052495,-0.009839212862974131,0.0543387374010685,0.0598611760955287,0.1604648839415091,-0.018118550515960175,0.030477561795066863,0.005759539236860977,-0.00827933765297272,0.0013198944084453126,-0.011639068874490014,2.7058770867514097,-0.19715842098905317,-0.1726514098310401,1.5122004239498112,0.4315438627378227,-2.361588481382888,-0.41746408030489357,0.48956141263029795,-0.3310191577011949,-0.07024399999999997,0.113626,-0.910893,0.04520999999999997,-0.12378700000000009,-0.9080699999999999,0.11545399999999995,0.2374130000000001,0.00282300000000002,0.9401312561145342,0.9478629184429883,double,-0.9080699999999999
45,0.375,step_decsent,0.09864394575781596,-0.3117724708988354,0.00480019200768512,0.04399834067984954,0.09662542196668981,0.20211404649974998,-0.03540141605663446,0.04452178087122286,0.04224168966758659,0.0015600624025009946,0.027361094443778537,-0.05616224648986011,1.7149518802281103,-0.46527091423382716,1.7567988564333719,-2.0740268259539576,1.6853737040868875,4.378033173014005,1.1807752376663554,3.1250690070002745,-5.342995033645771,-0.07136099999999979,0.1165949999999999,-0.910581,0.044401000000000135,-0.1209610000000001,-0.908578,0.11576199999999992,0.237556,0.002002999999999977,0.8819156424799437,0.8758165179724217,double,-0.908578
46,0.383333,step_decsent,0.0784831393256184,-0.2996519860794538,-0.018480739229567725,-0.0996411146908484,0.18564847879849147,0.2987099118533418,-0.027481099243973996,0.042481699267980004,0.023640945637825067,-0.004200168006721149,-0.027361094443778537,0.0556822272890916,-2.419393547605617,1.4545163589801555,-2.793823501410405,0.9504760365607204,-0.24481958517255042,-2.2321785707142165,-0.6912552993186316,-6.566925343520606,13.421873728423375,-0.0722440000000002,0.11944600000000005,-0.91023,0.04371199999999975,-0.11869200000000002,-0.90796,0.11595599999999995,0.23813800000000007,0.0022699999999999942,0.9069229724755583,0.8736609182424127,double,-0.90796
47,0.391667,step_decsent,0.10931125509957802,-0.30849532037436855,-0.01751859851211655,-0.17562259389600288,0.11608128034624957,0.16093134327246722,-0.023518118550526136,0.029397648188137684,0.02435805135589172,0.0034797216222770253,0.005519558435337349,-0.013678905687544509,3.69907796663782,-1.061115226171674,0.11544765028211833,0.4755196416424113,-1.5699605327384578,0.08604580250379808,0.9215130344370249,3.9453627164765845,-8.322670143584839,-0.07335100000000017,0.12226199999999998,-0.909881,0.042829999999999924,-0.11607499999999993,-0.9079280000000001,0.11618100000000009,0.2383369999999999,0.0019529999999999825,0.925266430921306,0.9552109835296172,double,-0.9079280000000001
48,0.4,step_decsent,0.09744389775588737,-0.28009120364813844,0.012600504020163363,0.22631197572958162,-0.0025283068849577513,0.2035672202401285,-0.031201248049913102,-0.009240369614783802,0.03228129125164974,0.007680307212296141,0.005280211208440274,-0.03372134885395443,-1.424139846836746,3.4086303523616936,3.6144368813488286,-0.922012420423249,-4.63674760625481,0.9508268205637808,0.5040904344196685,-0.028722816140294587,-2.4051893875446826,-0.0744229999999999,0.12451899999999994,-0.909717,0.042082000000000175,-0.11369700000000005,-0.9083140000000001,0.11650500000000008,0.23821599999999998,0.001402999999999932,0.9236058452758935,0.9276605497031599,double,-0.9083140000000001
49,0.408333,step_decsent,0.09948397935917085,-0.29953198127925834,-0.013080523220931959,-0.1245104474391632,0.18887661671202144,0.2709611201397102,-0.026401056042254834,-0.032641305652218844,0.053762150486020045,0.01644065762631154,0.019920796831873262,-0.05016200648025954,0.24481958517742505,-2.3329866351998017,-3.0818465427931576,0.5760460827623041,-2.808224653478351,2.577806220373258,1.0512841010458926,1.7569405524340604,-1.972957833469957,-0.07547199999999998,0.12674300000000005,-0.90916,0.04139000000000026,-0.111035,-0.9086230000000001,0.11686200000000024,0.23777800000000004,0.0005369999999998987,0.8863137917615466,0.9005945417980836,double,-0.9086230000000001
50,0.416667,step_decsent,0.09815214782819855,-0.2720182385409187,-0.0009599232061444676,0.07495107469028119,0.1610876067853111,0.2829761050988779,-0.014038876889839525,-0.22414206863450672,0.12143028557715359,0.009959203263745522,0.0033597312215056367,-0.01859851211902991,-0.15980699915674323,3.301385017799327,1.4543556533222317,1.4833428308633665,-22.978253297610713,8.119526648804111,-0.7777123065233997,-1.9871688997321344,3.787316338040509,-0.07640700000000011,0.1271420000000001,-0.9081400000000001,0.04065500000000011,-0.10873999999999995,-0.90877,0.11706200000000022,0.23588200000000004,0.0006299999999999084,0.5681870048614749,0.9643949841013679,double,-0.9081400000000001
51,0.425,step_decsent,0.11028441137646904,-0.2750510020400776,0.010920436817466994,-0.00011839717652416117,0.2531260202462035,0.18192017040538203,-0.029761190447621096,0.03132125285010877,0.15576623064922643,0.021120844833761233,0.003600144005757178,-0.01356054242169714,1.4559298629869817,-0.3639461777461757,1.4257002308426125,-1.8867530970576758,30.65682485114798,4.120478227777862,1.3394505664245457,0.028850688137710558,0.6045805469018097,-0.07757400000000025,0.129695,-0.906933,0.039911999999999725,-0.10641800000000001,-0.908974,0.11748599999999998,0.23611300000000002,0.0020409999999999595,0.710177738732646,0.9577395826739905,double,-0.906933
52,0.433333,step_decsent,0.1167646705867832,-0.32077283091323955,0.3801752070082859,3.6422533652663045,-1.2328501371762206,0.11381806916178494,-0.0021600864034383048,-0.06936277451097624,0.145205808232329,0.03060122404897578,0.0003600144005730508,-0.01044041761670424,0.7776622117261663,-5.486838938336945,44.31234491669475,3.3122649759009573,-12.08256658599359,-1.2673013820829684,1.1376910134662797,-0.3888311058663283,0.3744299537972984,-0.07856499999999977,0.13179000000000007,-0.908891,0.03919400000000017,-0.103742,-0.9122290000000001,0.11775899999999995,0.23553200000000007,0.003338000000000063,0.6983923437620014,0.9461079565840853,double,-0.908891
53,0.441667,step_decsent,0.13426925845933507,-0.2566594672426223,0.04187664986800272,0.34109628064648184,0.4375841872506833,0.17473548824433677,-0.036957043436548924,-0.057115430765542916,0.16858651307895423,0.02819774418046395,-0.004799616030709049,-0.003599712023038447,2.1003825141051076,7.692988201418002,-40.592579450478176,-4.175300819907706,1.4695636843572581,2.805460144783459,-0.28839451266040866,-0.6191061232639944,0.8208190057194422,-0.07999200000000006,0.13345300000000004,-0.907835,0.038310000000000066,-0.10164299999999993,-0.912608,0.11830200000000013,0.23509599999999997,0.004773000000000027,0.6492783981580746,0.9519517887499691,double,-0.907835
54,0.45,step_decsent,0.0979239169566692,-0.2269290771630827,0.020160806432264044,-0.026199333386921903,0.46806202409917347,0.24356094808393078,-0.018360734429358823,-0.06804272170886617,0.2541701668066714,0.01944077763110462,-0.000120004800195458,-0.005160206408256473,-4.361615444937684,3.5677895211255812,-2.6060054525067304,2.2316463467166714,-1.3113273662934373,10.270449265296634,-1.050878021043957,0.5615758106940564,-0.1872668168988383,-0.08096099999999984,0.13477700000000004,-0.905885,0.037656000000000134,-0.09975299999999998,-0.912819,0.11861699999999997,0.23453000000000002,0.006933999999999996,0.4910597957712446,0.9664761293076967,single,-0.905885
55,0.458333,step_decsent,0.12012480499220354,-0.22692907716308422,0.016200648025920625,0.11060293195208251,0.6443944550140872,0.2825439400158678,-0.10632425297011215,-0.1543261730469234,0.25021000840033625,0.015840633625320927,-0.003960158406343554,0.0019200768030723824,2.664213132789439,-1.831941268282244e-13,-0.47523801828194273,-10.556044466669091,-10.3544283377004,-0.4752380182809539,-0.43203456207652724,-0.4608368662124212,0.849667972078348,-0.08284799999999981,0.135382,-0.903935,0.0367869999999999,-0.09789500000000007,-0.912938,0.11963499999999971,0.23327700000000007,0.009002999999999983,0.40997000000000006,0.972598903956194,single,-0.903935
56,0.466667,step_decsent,0.10787137029037465,-0.21742260619150877,0.06551475881929997,0.11580939464207259,0.3466446201585879,0.21576379277687643,-0.09731221502281215,-0.10475161987041179,0.33021358291336717,0.007439404847639606,-0.0023998080153478474,-0.004319654427645941,-1.4702945406562133,1.1406852617681111,5.9172199176121065,1.0813580450323967,5.948470503541103,9.599660968686205,-1.0080668079771193,0.18722706875398434,-0.7487078510581134,-0.08455799999999991,0.13632100000000003,-0.901729,0.03595000000000015,-0.09610299999999994,-0.9135200000000001,0.12050800000000006,0.23242399999999996,0.011791000000000107,0.38209,0.9851149555507799,single,-0.901729
57,0.475,step_decsent,0.12492499699991531,-0.20424816992679534,0.020280811232446315,0.11987700210965851,0.7246934270525341,0.30161049234926096,-0.10884435377415018,-0.12300492019681461,0.39913596543861884,0.004680187207502984,-0.003480139205575043,0.0012000480019204473,2.046517065827518,1.580995591589279,-5.428290842056134,-1.3839120066408328,-2.1904836585146845,8.27101674369997,-0.3311193615908591,-0.12964492862440874,0.6623907871794555,-0.0865060000000002,0.13699799999999995,-0.898572,0.03494799999999998,-0.09443000000000001,-0.913679,0.12145400000000017,0.23142799999999997,0.015106999999999982,0.34892999999999996,0.9900758940516918,single,-0.898572
58,0.483333,step_decsent,0.11868474738985725,-0.19332773310932705,0.0424816992679664,0.2609039086963719,0.6010434992035519,0.26252430468311827,-0.15588623544941002,-0.126005040201607,0.42577703108124093,-0.004200168006721121,-0.0012000480019146104,-0.0013200528021125664,-0.7488599076032686,1.3105048382897213,2.6642131327877103,-5.645251611095601,-0.3600288017271536,3.1970557593450106,-1.065685253117013,0.27362188931482334,-0.30242419345169846,-0.08879399999999982,0.137559,-0.895378,0.03392400000000029,-0.09282899999999994,-0.914044,0.1227180000000001,0.23038799999999993,0.01866599999999996,0.31333999999999995,0.9923944344406459,single,-0.895378
59,0.491667,step_decsent,0.11723062155030319,-0.1869450443964419,0.04175665946724438,0.12673603123097027,0.7145635007300972,0.2673186393056097,-0.24802015838733368,-0.13606911447083841,0.5019198464122856,-0.0027597792176753356,-0.002879769618433403,-0.000959923206143635,-0.1744811422551073,0.7658613766360849,-0.08699781626134143,-11.055186337643818,-1.2075923049233754,9.136406927171178,0.17283282805924932,-0.20155046994465933,0.04321209454870783,-0.09183800000000009,0.13798299999999997,-0.891543,0.03292399999999995,-0.09129500000000002,-0.9144,0.12476200000000004,0.22927799999999998,0.022857000000000016,0.27143000000000006,0.9931624186075823,single,-0.891543
60,0.5,step_decsent,0.1250450018000708,-0.1880475219008747,0.0472818912756518,0.09843075776436824,0.7008281345429783,0.2672505338533112,-0.27289091563663925,-0.1604464178567186,0.5703828153126148,-0.0008400336013548883,-0.002280091203647101,-0.00048001920076767927,0.9377631404977366,-0.13230259263564076,0.6630543391824597,-2.984610254326849,-2.9253934220425104,8.215884903435663,0.2303786891060185,0.07196428834589023,0.057590784276485896,-0.09515400000000018,0.13821299999999992,-0.887184,0.031874999999999876,-0.08974700000000002,-0.914798,0.12702900000000006,0.22795999999999994,0.027614000000000027,0.22386,0.995871881387141,single,-0.887184
61,0.508333,step_decsent,0.11292451698068844,-0.15984639385575355,0.07092283691347723,0.4548331589048792,0.5884550910230405,0.16949752232240473,-0.34837393495738217,-0.32269290771630027,0.621864874594982,0.00012000480020878121,-0.004560182407294172,0.0016800672026881154,-1.4545163589802372,3.3842707362439737,2.8370269576173444,-9.058324651475171,-19.470357597453617,6.178094237653538,0.11520921655630212,-0.27362188931321985,0.25922073724418404,-0.09899800000000014,0.13685599999999998,-0.882593,0.030934999999999935,-0.088453,-0.915375,0.12993300000000008,0.22530899999999998,0.03278200000000009,0.17217999999999994,0.9918978242727619,single,-0.882593
62,0.516667,step_decsent,0.10847132229419235,-0.17662586993041005,0.07931365490761057,0.408763088647818,0.6282273665434595,0.20572413868310407,-0.36981041516679225,-0.2537796976241889,0.6365490760739165,-0.003119750419976201,-0.0033597312215056588,-0.0019198464122872829,-0.5343406151303234,-2.0133760588740803,1.0068176138868956,-2.5721718513811136,8.26892369715764,1.7619632204145248,-0.38873952726001926,0.14404261888511158,-0.43195507739085903,-0.10298399999999996,0.13621300000000003,-0.8779490000000001,0.03000500000000006,-0.087009,-0.9160520000000001,0.13298900000000002,0.22322200000000003,0.038103,0.11897000000000002,0.991715736670169,single,-0.8779490000000001
63,0.525,step_decsent,0.43429737189487866,-0.2079683187327466,-0.1234849393975823,-0.31325203163494314,1.3711055258844111,-1.5026105609134885,-0.39121564862594826,-0.3165726629065184,0.663986559462377,-0.006360254410159426,-0.0037201488059526123,-0.0010800432017283122,39.10068997968138,-3.7612443060526126,-24.336804788814597,-2.5687307643292843,-7.535457252169598,3.2926297118037082,-0.38887603386333985,-0.043251840207242535,0.10078041648373541,-0.10986300000000004,0.13530799999999998,-0.871387,0.026333000000000162,-0.08530700000000002,-0.915032,0.1361960000000002,0.220615,0.043644999999999934,0.06354999999999994,0.9875882183414773,single,-0.871387
64,0.533333,step_decsent,0.029041161646475182,-0.16956678267130812,0.14880595223809315,0.6818401570006688,0.37979966716156055,0.5674903517976365,-0.43573742949717664,-0.3052922116884692,0.640225609024366,-0.005880235209430965,-0.0016800672026831415,-0.002040081603263691,-48.632690537430356,4.608368662119144,32.67621404484314,-5.34282741764416,1.353708294497698,-2.8514281096857292,0.05760460827174668,0.24481958517574576,-0.11520921655290865,-0.11373600000000006,0.134177,-0.867292,0.0260419999999999,-0.08390799999999998,-0.916289,0.13977799999999996,0.21808499999999997,0.04899700000000007,0.010030000000000039,0.9892552693958933,single,-0.867292
65,0.541667,step_decsent,0.05351571874246712,-0.16822654187665032,0.1053515718742547,0.6275417707352273,0.6869291990567394,0.3295026912497035,-0.3714902807775335,-0.3328533717302655,0.7994960403167688,-0.006599472042253162,-0.0032397408207342263,-0.0017998560115191995,2.9367119145658447,0.16081603007652917,-5.214108514979375,7.709041123067275,-3.3070746390444095,19.110922881257693,-0.08630151581739763,-0.18714586249712897,0.02882476502813653,-0.11727799999999977,0.13280499999999995,-0.861507,0.025541000000000036,-0.08253299999999997,-0.917182,0.1428189999999998,0.21533799999999992,0.05567500000000003,0.0,0.9873851461579553,single,-0.861507
66,0.55,step_decsent,0.09708388335536762,-0.16152646105843665,0.13236529461177973,0.4645176527137133,0.5336452276490896,0.23347656969060987,-0.4868594743789704,-0.37969518780750405,0.8184327373094881,-0.006960278411096746,-0.0038401536061480703,-0.002400096003840046,5.228388889103602,0.8040418598600303,3.2417763995589723,-13.844857026453433,-5.621242778979759,2.2724945389078592,-0.04329849620107796,-0.07205241634631483,-0.0720316803457151,-0.12214400000000003,0.13098699999999996,-0.85579,0.024674000000000085,-0.08121900000000004,-0.918305,0.14681800000000012,0.212206,0.06251499999999999,0.0,0.9861603713012996,single,-0.85579
67,0.558333,step_decsent,0.04536181447257805,-0.17760710428417742,0.12948517940717041,-0.3322547688531902,1.2571638609183158,0.6291785808722477,-0.6050642025681072,-0.4309372374895048,0.9030361214448666,-0.005040201608076071,-0.0002400096003909192,-0.003000120004799889,-6.2068965417964765,-1.929754377264,-0.3456276496591077,-14.18513478808807,-6.149291933517486,10.152812208733861,0.2304184330998072,0.43203456207334506,-0.07200576034559565,-0.127564,0.128876,-0.849344,0.024253999999999998,-0.07974100000000006,-0.9194089999999999,0.151818,0.20861700000000005,0.07006499999999993,0.0,0.9902159487910266,single,-0.849344
68,0.566667,step_decsent,0.10187185025199103,-0.15718742500600233,0.12586993040557592,0.3410638867955147,0.7053673629400541,0.21879109439489725,-0.7351811855051532,-0.3861291096712299,1.033117350611944,0.0,-0.004319654427636754,0.002399808015358655,6.780661840582258,2.450165500140981,-0.43379517657720923,-15.612788929331053,5.376545214575784,15.608498820143561,0.6047758109042515,-0.48951821781207144,0.6479395272568398,-0.1345400000000001,0.12696799999999997,-0.8417830000000001,0.023404999999999898,-0.07846699999999995,-0.9204380000000001,0.157945,0.20543499999999992,0.07865500000000003,0.0,0.9917641547548433,single,-0.8417830000000001
69,0.575,step_decsent,0.1237249489979349,-0.13308532341294094,0.13488539541581954,0.5454962413657205,0.3506563788967163,0.05003331238930958,-0.7193087723509072,-0.4557782311292455,1.0308412336493538,-0.001680067202709788,0.004080163206525717,-0.003960158406336919,2.6224767485832325,2.892367885882829,1.081899077192331,1.9047657691403073,-8.358228904118114,-0.2731449613092818,-0.2016161289703352,1.0080184368369793,-0.7632264996634625,-0.14156499999999994,0.12427900000000003,-0.8343170000000001,0.022359999999999935,-0.07732399999999995,-0.921595,0.16392499999999988,0.20160299999999998,0.08727799999999997,0.0,0.9901183092707342,single,-0.8343170000000001
70,0.583333,step_decsent,0.19380775231010888,-0.14532581303251615,0.10212408496339033,0.1321690007261714,0.5244435676902587,-0.30842170862025614,-0.6768270730829312,-0.4928597143885701,1.0612024480979216,-0.0006000240009373203,0.007200288011514309,-0.006000240009599698,8.410272808373177,-1.4689175110494619,-3.931514514872083,5.098007832470392,-4.4499559893585126,3.643491473487069,0.12961036862744066,0.3744299537967813,-0.24481958517493949,-0.14882000000000017,0.12138300000000002,-0.826325,0.02073999999999998,-0.07605300000000004,-0.922496,0.16956000000000016,0.19743600000000006,0.096171,0.0,0.9843468980334338,single,-0.826325
71,0.591667,step_decsent,0.14758819294457104,-0.14422846172306542,0.10175185985120631,0.3295107893962363,0.6544509456810221,-0.18496200383513312,-0.6317494600431741,-0.5333573314134867,1.039716822654177,0.0,-0.0011999040076739157,-0.0004799616030722306,-5.545903451588372,0.13167162340421537,-0.04466344038685062,5.408880854302467,-4.859325296966198,-2.5780688077447067,0.07199712034285045,-1.0079424069100265,0.6623804183498231,-0.1553150000000001,0.11814000000000002,-0.818508,0.019509999999999916,-0.07486099999999996,-0.923348,0.174825,0.19300099999999998,0.10483999999999993,0.0,0.9978461063886432,single,-0.818508
72,0.6,step_decsent,-0.011400456018235581,-0.18660746429857042,0.17016680667227208,0.9822328228482724,0.8143902878213517,0.7559351179138601,-0.7027481099244134,-0.5196207848313914,1.24840993639747,0.001560062402501005,-0.0030001200048065508,0.0007200288011519401,-19.079401051579033,-5.085683736410103,8.210122023408903,-8.520178792900508,1.6484515279125715,25.044175416212042,0.18721497689919828,-0.21603456103835972,0.14400460869124945,-0.16107600000000022,0.11536500000000005,-0.809523,0.019617999999999913,-0.07333100000000004,-0.92476,0.18069400000000013,0.18869600000000009,0.11523700000000003,0.0,0.9942378253966478,single,-0.809523
73,0.608333,step_decsent,-0.08676347053885133,-0.1687267490699643,0.2222488899556064,-0.2962825997077855,1.28813461321438,1.4474044286120737,-0.638305532221295,-0.5702628105124156,0.9939997599903937,0.005520220808804543,-0.00204008160325617,0.003960158406336867,-9.043923499413829,2.1457716582990582,6.250099998000014,7.733418661120614,-6.077286173169801,-30.530442386544504,0.4752380182771536,0.11520921655470742,0.3888311058664243,-0.16567200000000004,0.11201900000000009,-0.803092,0.020386999999999933,-0.07194199999999995,-0.926579,0.18605899999999997,0.18396100000000004,0.12348700000000001,0.0,0.9881775137356834,single,-0.803092
74,0.616667,step_decsent,0.008879289656843046,-0.0843532517398624,0.1451883849291985,0.27069649775144367,0.35581328278272273,0.2762691464725522,-0.7726181905447442,-0.6481881449484099,1.0484761219102527,0.0045596352291795905,-0.0017998560115175582,0.004679625629949315,11.476213126433278,10.124009758831578,-9.246520881498482,-16.11622970043796,-9.350292108950661,6.536640499143192,-0.11526104867110122,0.02882476502743136,0.08632916050065416,-0.17218500000000003,0.10732000000000008,-0.7955639999999999,0.020350999999999786,-0.07125399999999993,-0.92775,0.19253599999999982,0.178574,0.13218600000000003,0.0,0.98870488661192,single,-0.7955639999999999
75,0.625,step_decsent,0.03276131045241409,-0.1032041281651228,0.16560662426497566,0.3310544695956717,0.23459022474629657,0.3279717770632204,-0.6535461418456785,-0.6243849753990216,1.0856834273370888,0.005400216008649055,-0.002400096003842544,0.0032401296051841034,2.8659571337538634,-2.2621956588575927,2.4502867317625197,14.289217412584332,2.8564946057108154,4.465055253430442,0.10087372848547471,-0.07203168034621182,-0.1727464328291378,-0.17790400000000006,0.10297699999999999,-0.7878970000000001,0.02012299999999989,-0.07041399999999998,-0.929103,0.19802699999999995,0.17339099999999996,0.14120599999999994,0.0,0.9887674538324611,single,-0.7878970000000001
76,0.633333,step_decsent,0.005640225609013324,-0.11472458898355369,0.13440537621504922,0.8122867079149296,0.7719495356828006,0.5388630421257056,-0.6506660266410674,-0.6492259690387486,1.214808592343691,-0.05064202568101772,-0.008280331213246783,0.024960998439937477,-3.2546603676227828,-1.3825105986356463,-3.744299537972676,0.3456276496593129,-2.9810384783063633,15.495639626377269,-6.725338016280636,-0.7056564513865613,2.6066085245113744,-0.183373,0.09852300000000003,-0.778894,0.01965400000000006,-0.069527,-0.930015,0.20302700000000007,0.16805000000000003,0.15112100000000006,0.0,0.9048943556237987,single,-0.778894
77,0.641667,step_decsent,0.005519558435350708,-0.08627309815215134,0.11615070794336146,1.4174176833821843,0.07731765185566894,0.39859730721084263,-0.6634269258459236,-0.6837053035757289,1.2031437485001244,0.004439644828394879,0.00035997120230084735,-0.002399808015358687,-0.014478902527311825,3.4139057873053167,-2.190384961805599,-1.5311854097499635,-4.137189169304111,-1.3996692876849968,6.609271719391998,1.0367533495977537,-3.283034131905006,-0.18894800000000012,0.09354399999999996,-0.769835,0.01964499999999969,-0.068805,-0.931003,0.2085929999999998,0.16234899999999997,0.16116799999999998,0.0,0.9915674071505327,single,-0.769835
78,0.65,step_decsent,0.060362414496543386,-0.11388455538221214,0.12672506900275307,0.8805772115337114,0.5957273515243331,0.44842551090643556,-0.4676587063482567,-0.631945277811109,1.1887675507020228,0.0038401536061480703,-0.0002400096003775928,-0.005160206408256473,6.581405983582437,-3.313507407903598,1.2689740860904313,23.493126064762517,6.211451549816356,-1.7252127442819585,-0.07194182434259046,-0.0720005763444663,-0.33126105759003655,-0.19334799999999985,0.08922699999999995,-0.760985,0.019174000000000024,-0.06785799999999997,-0.932102,0.21252199999999988,0.15708499999999992,0.17111699999999996,0.0,0.989272036215922,single,-0.760985
79,0.658333,step_decsent,0.0874834993399986,-0.07860314412577442,0.14316572662906643,0.8571432931989588,0.24480194971281335,0.10550952377279776,-0.6204248169926997,-0.7287891515660687,1.2276491059642518,0.004920196807867288,-0.0002400096003909192,-0.00036001440057555366,3.254660367629361,4.233938708320897,1.97295783347096,-18.332666583996687,-11.621729719784065,4.665973270398342,0.12961036862105213,-1.5992339845190298e-12,0.5760460827650263,-0.19924700000000017,0.08380900000000002,-0.751948,0.01848599999999978,-0.06720499999999996,-0.933298,0.21773299999999995,0.15101399999999998,0.18135,0.0,0.9917680244700839,single,-0.751948
80,0.666667,step_decsent,0.0878329733620983,-0.08147348212142788,0.12299016078714253,0.6148691509440135,0.7552440020044177,0.1686017231965908,-0.6437485001199665,-0.7469402447804029,1.2279817614590731,0.006599472042253162,-0.0014398848092166917,0.000479961603071398,0.04193352796972604,-0.3444130064378979,-2.420874231092362,-2.7986180858251344,-2.1779569491641504,0.0399154661412656,0.20149690837363352,-0.1439735071785173,0.10078905731304838,-0.20534399999999975,0.07826300000000008,-0.742739,0.017809000000000186,-0.06653799999999999,-0.934319,0.22315299999999993,0.14480100000000007,0.19157999999999997,0.0,0.9887137420529905,single,-0.742739
81,0.675,step_decsent,0.09600384015364846,-0.09252370094803347,0.15636625465017853,0.5598257600545353,0.6154515432595583,0.049791594577850214,-0.6721468858754283,-0.7641905676227065,1.2701308052322051,0.014400576023028617,-0.006480259210368207,0.007680307212288646,0.9805432367154834,-1.32607930236476,4.005291475223312,-3.4079426083597264,-2.070121545938268,5.05808757627887,0.9361699244900303,-0.6048691229030954,0.864076036147512,-0.21174500000000007,0.07266600000000001,-0.7334579999999999,0.017128999999999728,-0.06582100000000002,-0.935558,0.2288739999999998,0.13848700000000003,0.20210000000000006,0.0,0.9707331497678631,single,-0.7334579999999999
82,0.683333,step_decsent,0.11220448817949054,-0.0721228849153928,0.17292691707668773,1.490057614723305,-0.023399401769815184,-0.27978256250634953,-0.6273850954038231,-0.7669506780271323,1.2798511940477713,0.004800192007711798,-0.009120364814588465,0.006960278411135975,1.94415552932224,2.448195851750973,1.987358985540543,5.371629721781534,-0.3312264975910037,1.1664933176006513,-1.1520921655246499,-0.3168253455202547,-0.08640691241481784,-0.21790799999999977,0.06687599999999994,-0.724234,0.016234000000000304,-0.06529600000000002,-0.936941,0.23414200000000007,0.13217199999999996,0.21270699999999998,0.0,0.9792723766422002,single,-0.724234
83,0.691667,step_decsent,0.16918646508283472,-0.26433885289177456,0.2115430765538825,0.6132810546236127,1.8768124043033123,0.6002049983517418,-0.5247180225582132,-0.8410127189824668,1.2335013198944005,0.006239500839899033,0.007679385649142368,-0.006359491240700395,6.837290245181635,-23.064071031483113,4.633568451787194,12.319063216415786,-8.886733975921988,-5.561539975206434,0.17270324360297867,2.015808790944409,-1.5982444986604594,-0.2236910000000003,0.06207000000000007,-0.715717,0.014875999999999667,-0.063029,-0.9387570000000001,0.23856699999999997,0.12509900000000007,0.22304000000000002,0.0,0.9803964669057463,single,-0.715717
84,0.7,step_decsent,0.12636505460215508,-0.09120364814592462,0.16992679707188116,0.7009010472859514,0.6665000231302043,-0.12760230239262352,-0.5557422296891722,-0.7805112204488329,1.2116884675387154,-0.003360134405366283,-0.01740069602783536,0.03072122884915416,-5.138774808673951,20.77705565172825,-4.9941533039723645,-3.7230537778662276,7.260470242845842,-2.6176469885617766,-1.1520023095242296,-3.0097301904449725,4.4498644053588015,-0.22937499999999988,0.05632599999999999,-0.707036,0.013795000000000002,-0.06241399999999997,-0.939917,0.2431699999999999,0.11873999999999996,0.232881,0.0,0.9408892605293215,single,-0.707036
85,0.708333,step_decsent,0.12036481459256701,-0.1117244689787605,0.19800792031680337,0.7945780345053938,0.7333624990404375,-0.03929207304635714,-0.5639025561022428,-0.7835113404536157,1.1824072962918468,-0.0020400816032828165,-0.008880355214210751,0.011160446417857003,-0.7200576034547036,-2.462597003820448,3.3698695841740176,-0.9792783407020994,-0.36002880172600116,-3.513881104868409,0.15841267275692558,1.022481796906825,-2.34738778726714,-0.23507699999999976,0.050727999999999995,-0.6988329999999999,0.01277499999999998,-0.06155699999999997,-0.9414739999999999,0.24785199999999974,0.11228499999999997,0.242641,0.0,0.9759873756626234,single,-0.6988329999999999
86,0.716667,step_decsent,0.09743220542359621,-0.11639068874488936,0.19786417086633057,0.7474059610586433,0.6584467967718828,0.004916039727353044,-0.5529157667386768,-0.8238540916726512,1.1682265418766369,-0.00011999040073142322,-0.0016798656107461464,0.0029997600191981107,-2.7516929648392883,-0.5599015798090752,-0.017248554172401658,1.3183092588871999,-4.840742886853278,-1.701554405472742,0.23039251290513302,0.8639896332450864,-0.9792040315165383,-0.24049700000000018,0.04483199999999998,-0.690746,0.011962000000000028,-0.060601000000000016,-0.943098,0.2524590000000002,0.105433,0.252352,0.0,0.9942663502172567,single,-0.690746
87,0.725,step_decsent,0.06000240009597113,-0.2275291011640497,0.10944437777511487,2.487929133831807,-0.9662611919770365,-0.1098065283739267,-0.5268210728429058,-0.803552142085695,1.1003240129605265,-0.004800192007711798,-0.00312012480500201,0.0042001680067203446,-4.491756309567433,-13.337142976018404,-10.610799602930099,3.131488527033632,2.4363314036909127,-8.148629415109923,-0.5616466587039983,-0.17283801683137848,0.14405472069149702,-0.2453869999999998,0.040031999999999957,-0.682489,0.011422000000000043,-0.05873100000000009,-0.943975,0.25680899999999984,0.09876300000000005,0.261486,0.0,0.9881656768730426,single,-0.682489
88,0.733333,step_decsent,0.03432137285491507,-0.1629665186607555,0.1544461778471178,1.146312945964481,0.09478464706581946,0.08494210503182469,-0.5928237129485088,-0.8211928477139103,1.1078843153726123,-0.005760230409222106,-0.0003600144005730508,0.004320172806912415,-3.081846542788426,7.747819813187798,5.400432025921367,-7.920633638017844,-2.1169693541599925,0.9072725803535098,-0.11520921654989842,0.33122649759137734,0.01440115206913117,-0.25061299999999975,0.034546999999999994,-0.674544,0.011087999999999987,-0.05737599999999998,-0.945226,0.26170099999999974,0.09192299999999998,0.270682,0.0,0.9879845287444418,single,-0.674544
89,0.741667,step_decsent,0.017278617710600533,-0.18010559155267375,0.1888648908087321,0.6525214044008798,0.6487672894984163,0.3661218504429523,-0.5568754499640202,-0.7981761459083309,1.0061195104391742,-0.011639068874465112,-0.0011999040076739317,0.002399808015358687,-2.04496701995616,-2.056524225092193,4.129915162180763,4.313446482420064,2.7617832740076307,-12.210799728034397,-0.7054041834944852,-0.10077869055686174,-0.23042534095917191,-0.255398,0.029395999999999978,-0.6677329999999999,0.010847000000000051,-0.05588499999999996,-0.94678,0.26624500000000006,0.08528099999999994,0.27904700000000005,0.0,0.9800928005483531,single,-0.6677329999999999
90,0.75,step_decsent,0.03384135365413324,-0.15132605304211585,0.21732869314772585,0.4916447987127138,0.9403438565045011,0.4227293015918441,-0.5649825993039619,-0.7982719308772307,0.965078603144121,-0.012000480019226044,0.0003600144005730508,0.004680187207487964,1.9876078175366179,3.453682768577676,3.415792912395733,-0.9728968366664692,-0.011494656054222549,-4.925105879641558,-0.043371072214200154,0.187197696897513,0.2736564493134846,-0.26038799999999984,0.024004999999999943,-0.661502,0.010464999999999947,-0.05462100000000003,-0.948552,0.2708529999999998,0.07862599999999997,0.2870499999999999,0.0,0.9785235734300245,single,-0.661502
91,0.758333,step_decsent,-0.02796111844470235,-0.305172206888283,0.2689307572302806,2.8909742060968595,-0.09088174678090868,0.4249763798254644,-0.5523820952837986,-0.7843513740549573,0.9117964718588698,-0.01140045601823543,0.0009600384015370176,0.002040081603264497,-7.416593315592864,-18.462276952618087,6.192495389722132,1.5121209672582834,1.670533640018407,-6.394111518690861,0.07200576034928725,0.07200576034608955,-0.31682534552063557,-0.26475800000000005,0.02001200000000003,-0.656145,0.010602999999999696,-0.05206999999999995,-0.950776,0.27536099999999974,0.07208199999999998,0.294631,0.0,0.9806312103785408,single,-0.656145
92,0.766667,step_decsent,-0.009959203263745588,-0.16222702183824292,0.1189104871610235,0.7838499651091325,0.1882799809503938,0.3520205425443019,-0.5491960643148643,-0.7652987760979159,0.8524118070554403,-0.012718982481367654,0.0015598752099881005,0.002399808015358687,2.1600570171534517,17.152050042001548,-18.000992328924642,0.3822931328214825,2.2861288645358178,-7.125589729233244,-0.15821051873436903,0.07197465904140705,0.043163716353994755,-0.26925200000000005,0.014985999999999944,-0.6500319999999999,0.010580000000000034,-0.050705,-0.9517469999999999,0.2798320000000001,0.06569099999999994,0.30171499999999996,0.0,0.9782715749060609,single,-0.6500319999999999
93,0.775,step_decsent,0.029521180847203336,-0.2116884675387125,0.3937357494299863,1.948133576612263,1.357576554051426,0.5153452521595504,-0.5496219848793963,-0.7477499099963951,0.7878315132605256,-0.014040561622455566,0.002520100804024679,-0.0008400336013440577,4.737835606738121,-5.935610908492666,32.98035068630285,-0.05111251224432299,2.1059481701092833,-7.74994525319986,-0.15859584076417935,0.11523168055161098,-0.38879654586616236,-0.2740779999999998,0.010519000000000056,-0.646748,0.010217000000000365,-0.048919999999999964,-0.955035,0.2842950000000002,0.05943900000000002,0.308287,0.0,0.9761839261102574,single,-0.646748
94,0.783333,step_decsent,-0.11496459858391948,0.356294251770074,-0.12912516500661067,-7.2397462097004635,4.267406173431833,1.8288276579347178,-0.5463818552742195,-0.7183487339493702,0.7164286571462894,-0.012960518420736587,0.0022800912036471162,0.0016800672026881377,-17.338987091218545,68.16065274316473,-62.74581956517482,0.3888311058654582,3.5282822569333057,-8.568685481127659,0.12961036862102354,-0.02880230413747327,0.30242419345160426,-0.27767300000000006,0.0015640000000000098,-0.639702,0.01106700000000016,-0.05186999999999997,-0.9539449999999999,0.2887400000000002,0.05343399999999998,0.31424299999999994,0.0,0.9778893892091031,single,-0.639702
95,0.791667,step_decsent,-0.02951763858893552,-0.06575473962082898,0.09251259899208919,0.3024957241415369,0.6153509647161399,0.5654667948090367,-0.5529157667386502,-0.7031437485001117,0.661987041036718,-0.011159107271432692,0.0008399328053730732,-0.0007199424046075133,10.25281497420006,-50.64182762069832,26.59440412751358,-0.7840066551992644,1.8244522977271773,-6.532471335441687,0.21615204575280553,-0.1728051833782136,-0.28797811462630585,-0.2820349999999998,-0.0037479999999999736,-0.634956,0.01122000000000023,-0.051315,-0.954722,0.29325500000000004,0.047567000000000026,0.319766,0.0,0.9813103207863838,single,-0.634956
96,0.8,step_decsent,0.004800192007711734,-0.0979239169566692,0.06480259210368207,1.1699543881756858,-0.1377700021932179,0.22204241524431143,-0.540261610464417,-0.6805472218888705,0.6037441497659823,-0.01140045601823543,0.002160086403464951,-0.0018000720028802425,4.118304403773804,-3.8604556985287517,-3.3253338399624393,1.5185594952877848,2.7116916610153767,-6.9894265295494336,-0.028963008136653944,0.15842476876177514,-0.12962073662219184,-0.2865770000000001,-0.008603000000000027,-0.630465,0.011085000000000012,-0.050481,-0.9552769999999999,0.2976620000000001,0.04187799999999997,0.3248119999999999,0.0,0.980429853382305,single,-0.630465
97,0.808333,step_decsent,0.01812072482896815,-0.09084363374535157,0.057722308892350666,0.9332020562942824,0.2144784589232605,0.36912260134286146,-0.5429017160686445,-0.6453858154326225,0.5283811352454202,-0.010320412816516415,0.001560062402487682,-0.0026401056042243353,1.598527879665971,0.8496679720770073,-0.8496679720786593,-0.3168253455211177,4.219537556252048,-9.043923499407517,0.12961036862102793,-0.07200576034768685,-0.10080806448387142,-0.29125199999999984,-0.013224000000000014,-0.6265429999999999,0.01084800000000019,-0.04971100000000006,-0.95578,0.30210000000000004,0.03648700000000005,0.3292370000000001,0.0,0.982056038387646,single,-0.6265429999999999
98,0.816667,step_decsent,-0.005279577633781215,-0.03167746580274058,0.0254379649628149,0.2236971162965919,0.43189216145434994,0.5270814868789695,-0.5200383969282489,-0.6448284137268957,0.475041996640264,-0.00767938564915569,0.0020398368130603107,-0.0010799136069108537,-2.8078116705962546,7.099372203336998,-3.8738113666349308,2.7433788265413184,0.06688285405889356,-6.400184617849269,0.3168979082506245,0.05756832380281078,0.18720806303257376,-0.29554199999999997,-0.01833399999999996,-0.622796,0.01082800000000006,-0.049429999999999974,-0.956001,0.30637000000000003,0.031096000000000013,0.333205,0.0,0.9866354416073742,single,-0.622796
99,0.825,step_decsent,-0.0037201488059393386,-0.007080283211332268,0.07572302892116332,-0.585994588823276,1.2087186637708307,0.8196880013223666,-0.5415816632665343,-0.5383415336613502,0.3781351254050214,0.002760110404428955,-0.008400336013442354,0.013440537621504269,0.1871389448988228,2.951779982168311,6.034449052963984,-2.5852953724091687,12.778936765336192,-11.629289719818006,1.2527896380156895,-1.252870854014492,1.742523848363765,-0.30002400000000007,-0.02276099999999992,-0.620276,0.010882000000000058,-0.04944099999999996,-0.95652,0.3109060000000001,0.026680000000000037,0.336244,0.0,0.9731862438839458,single,-0.620276
100,0.833333,step_decsent,0.00792031681266041,-0.034081363254524155,0.05340213608544664,0.12587412325944822,0.5706055730107377,0.5974331673941574,-0.5131405256210163,-0.5472218888755538,0.33805352214087925,0.006120244809795156,-0.01608064322572506,0.007080283211328843,1.3969117507019921,-3.240259215551635,-2.6786142848573853,3.413073040383765,-1.0656852531145529,-4.809984791088684,0.4032322579342598,-0.9216737324232176,-0.7632610596634345,-0.3043659999999999,-0.027036999999999978,-0.6179040000000001,0.010867000000000182,-0.049290999999999974,-0.9569060000000001,0.3152330000000001,0.022253999999999996,0.339002,0.0,0.9689903736524399,single,-0.6179040000000001
101,0.841667,step_decsent,-0.00767938564915569,-0.02087832973362205,0.030117590592752496,-0.05416383484974365,0.46896302621003766,0.5862432617432097,-0.4936405087592896,-0.5133189344852378,0.2806575473962104,-0.007559395248424266,0.003119750419962838,-0.001319894408446969,-1.8718145502538974,1.5842372835255585,-2.7939219453676465,2.3398148382201285,4.068029084511126,-6.886966012079243,-1.6414254929468823,2.303862928448254,-1.0079406791187602,-0.3084159999999998,-0.031140999999999974,-0.6158160000000001,0.010867999999999878,-0.049090999999999996,-0.9571680000000001,0.3192839999999997,0.01795000000000002,0.341352,0.0,0.9861938600158593,single,-0.6158160000000001
102,0.85,step_decsent,-0.02256090243610689,-0.006240249609977374,0.00972038881555244,-0.38471887730382665,0.48270997998018494,0.5814680381661402,-0.4731789271570942,-0.4694587783511415,0.2140885635425446,-0.006720268810732566,0.0021600864034516565,-0.002880115204608593,-1.7858534485721034,1.7566398804325944,-2.4477621237489795,2.455488011783943,5.263429273262531,-7.988597606344223,0.10069920049102463,-0.11516428855288496,-0.18723398489879253,-0.31217099999999975,-0.03500100000000006,-0.6141130000000001,0.01100000000000012,-0.04902100000000009,-0.9572730000000002,0.3231709999999999,0.014020000000000032,0.34316,0.0,0.9872935876041203,single,-0.6141130000000001
103,0.858333,step_decsent,-0.037561502460072525,0.0016800672026831191,-0.0486019440777882,-0.31310873044032045,0.005687208961296777,0.37974193417318647,-0.4653786151446096,-0.42073682947317825,0.18300732029281078,-0.006600264010576988,0.003960158406343528,-0.0032401296051841034,-1.8001440086362142,0.9504760365607176,-6.998959905597071,0.9360748844935278,5.8468677400651705,-3.7298983859034798,0.014401152064751893,0.21601728103826526,-0.04320345620730935,-0.315736,-0.03852100000000003,-0.6121829999999999,0.011257999999999768,-0.04900199999999999,-0.9568949999999999,0.3269939999999998,0.010480999999999963,0.344712,0.0,0.986081110010828,single,-0.6121829999999999
104,0.866667,step_decsent,-0.03119750419965544,-0.019918406527477853,0.0022798176146164384,-0.15630995927580055,0.22420490204300483,0.4001802069957767,-0.4049676025918103,-0.3317734581233541,0.16126709863210512,-0.007559395248371081,0.004799616030709049,-0.0033597312215023285,0.7636187017539144,-2.591609518857823,6.105322977250411,7.248741607007395,10.674750581932402,-2.608617909851906,-0.11508654161196283,0.10072685677532098,-0.014351045874517143,-0.3188510000000002,-0.041120000000000045,-0.6108580000000001,0.011454999999999771,-0.04879600000000006,-0.9569420000000001,0.330306,0.007676000000000016,0.34608399999999995,0.0,0.9840601334485517,single,-0.6108580000000001
105,0.875,step_decsent,-0.03492139685590568,-0.040441617664710224,0.012840513620527632,-0.07536099117009733,0.23244291270623757,0.40807825672321413,-0.3952958118324606,-0.3696147845913787,0.08568342733709222,-0.0058802352093775935,0.004440177607112037,-0.0019200768030723696,-0.44688499414979305,-2.462883851821947,1.267334214077901,1.160661317574663,-4.541140821795802,-9.07040337153637,0.2015072649698164,-0.043134336205089434,0.1727654408292275,-0.32185399999999986,-0.043862999999999985,-0.610251,0.01169700000000029,-0.048421999999999965,-0.9570649999999999,0.33355100000000015,0.00455899999999998,0.34681399999999996,0.0,0.9873093387102081,single,-0.610251
106,0.883333,step_decsent,-0.03504140165606117,-0.04308172326893036,-0.010800432017271462,-0.04595708211607099,0.0514582818759775,0.33010695717611144,-0.36805472218887775,-0.3404536181447218,0.0237609504380212,-0.03540141605663422,0.03516140645625663,-0.03240129605184187,-0.01440115206474138,-0.3168253455202358,-2.837026957614184,3.269061519690716,3.4994799527969245,-7.430994467667198,-3.5426834090071413,3.6866949296945233,-3.6578926255573467,-0.32462899999999983,-0.046340999999999966,-0.609963,0.011694000000000315,-0.04776999999999998,-0.957245,0.33632300000000015,0.0014290000000000136,0.347282,0.0,0.9008448361204058,single,-0.609963
107,0.891667,step_decsent,-0.04175665946721801,-0.048716102711785426,-0.02675785937126056,-0.024954918817804816,-0.03369583328167537,0.23249609607595298,-0.34485241180706255,-0.31809455243581536,-0.015358771298298263,-0.0069594432445540975,0.006959443244540776,-0.0032397408207342692,-0.8057664760207436,-0.6760714474268178,-1.9147381034304283,2.7840545214561225,2.682873255208372,-4.693991089071236,3.4127637163523263,-3.3839648682164643,3.4991066991969957,-0.3271550000000001,-0.04858600000000002,-0.609868,0.011983999999999995,-0.04730599999999996,-0.9570489999999999,0.3391390000000001,0.0012800000000000589,0.34718099999999996,0.0,0.9827305969724803,single,-0.609868
108,0.9,step_decsent,-0.03444137765512385,-0.05640225609023983,-0.010440417616698412,-0.15107053054608058,0.14774281317087776,0.26817295169246447,-0.2996519860794385,-0.28285131405255404,-0.08616344653786072,-0.006120244809795156,0.007920316812673734,-0.0016800672026881154,0.8778689322085833,-0.9223753004265414,1.9581713374009455,5.424268058037186,4.229357780302553,-8.49690090478365,0.10070784048469197,0.11530944055357666,0.18716832089837362,-0.3293649999999999,-0.05047299999999999,-0.610499,0.01222000000000012,-0.04676999999999998,-0.956976,0.341585,0.003703000000000012,0.34647700000000003,0.0,0.9830842413420622,single,-0.610499
109,0.908333,step_decsent,-0.030961238449549244,-0.06720268810752551,-0.0060002400096131015,0.19888443180239374,-0.04457090723738613,0.1498537148683521,-0.2649705988239539,-0.2815312612504477,-0.11328453138125634,-0.005880235209430965,0.006840273610941349,-0.0054002160086399666,0.4176334100053572,-1.296103686221743,0.5328426265553042,4.161932947976108,0.15841267275967286,-3.254660367622209,0.028802304135868605,-0.12961036862263234,-0.44643571414279193,-0.3313149999999998,-0.052258999999999944,-0.6113929999999999,0.012429000000000023,-0.046153,-0.9569709999999999,0.3437439999999998,0.006105999999999945,0.34557800000000005,0.0,0.9824778836473933,single,-0.6113929999999999
110,0.916667,step_decsent,-0.03815694744420903,-0.04883609311254285,-0.017398608111331725,-0.18950992070372796,0.07587079386874826,0.09303842149149265,-0.23674106071514128,-0.23422126229902207,-0.18574514038876674,-0.00611951043916761,0.007319414446841525,-0.0029997600191989434,-0.8634160060786812,2.203815094190368,-1.367694756625694,3.3872735911701954,5.676745734512271,-8.694577514700006,-0.028710730709940416,0.05749230092394684,0.2880316761988247,-0.33296999999999977,-0.053804000000000074,-0.6127960000000001,0.01269600000000004,-0.04568500000000009,-0.9568510000000001,0.3456659999999998,0.008118999999999987,0.344055,0.0,0.9833316004207147,single,-0.6127960000000001
111,0.925,step_decsent,-0.04008160326408388,-0.05136205448219047,-0.03468138725548812,0.07116361873056273,-0.1428810029809866,-0.07334917572209171,-0.20760830433217353,-0.2194887795511775,-0.21408856354254174,-0.006360254410159426,0.006720268810759123,-0.003000120004799849,-0.23096793710246546,-0.30312748945729207,-2.074016457957077,3.4960706087804665,1.767968648487282,-3.4013468323262788,-0.028890432136303185,-0.07190035234398177,-4.320000010868821e-05,-0.33436600000000016,-0.05520499999999995,-0.6142910000000001,0.012976999999999794,-0.045200999999999936,-0.9565870000000001,0.34734299999999996,0.010004000000000013,0.34229599999999993,0.0,0.9837882442264525,single,-0.6142910000000001
112,0.933333,step_decsent,-0.026521060842463796,-0.06708268330733005,-0.029041161646475182,0.15902653030638383,-0.10230657020960177,-0.06872266757322004,-0.16356654266170834,-0.16572662906516,-0.2871714868594744,-0.006840273610941349,0.006120244809795237,-0.006000240009600611,1.627330183801777,-1.8865509210536093,0.6768541472474484,5.285222809368246,6.451716126967236,-8.770301610096404,-0.05760460827816243,-0.07200576034608075,-0.3600288017281638,-0.3355079999999999,-0.05602699999999994,-0.6164419999999999,0.01314100000000007,-0.044590999999999936,-0.956395,0.348649,0.011436000000000002,0.33995300000000006,0.0,0.9817236020615858,single,-0.6164419999999999
113,0.941667,step_decsent,-0.027477801775861888,-0.06815454763619014,-0.030357571394295273,0.07546562937155989,-0.13969058851670113,-0.14159008079502156,-0.13990880729541535,-0.12874970002399597,-0.322654187664984,-0.0059995200383829005,0.005759539236853446,-0.003359731221502284,-0.11479972802952787,-0.12861343038877796,-0.15795653321575254,2.838701147863307,4.436876534816865,-4.2575834899819185,0.10088235811836355,-0.043281206256514125,0.3168357077151796,-0.3364449999999999,-0.056531999999999916,-0.6188779999999999,0.01332000000000022,-0.043974999999999986,-0.95617,0.3497650000000001,0.01255699999999993,0.33729200000000004,0.0,0.9850506106783449,single,-0.6188779999999999
114,0.95,step_decsent,-0.008040321612869298,-0.08544341773670244,-0.019560782431287015,0.5537501831770437,-0.28373799122710397,-0.16337235451842178,-0.10488419536782063,-0.09504380175207275,-0.3417736709468431,-0.006720268810785859,0.006120244809795237,-0.003600144005760533,2.33259092319606,-2.074747401957574,1.2956665022210916,4.2031215561736515,4.04486958741432,-2.294429771013952,-0.08649331242085266,0.04328640020902373,-0.028850688138515712,-0.3372519999999999,-0.056611999999999996,-0.6215630000000001,0.013330999999999982,-0.04321200000000003,-0.956037,0.35058299999999987,0.013399999999999967,0.33447399999999994,0.0,0.9837057912227772,single,-0.6215630000000001
115,0.958333,step_decsent,-0.011520460818444211,-0.08160326413056655,-0.016200648025920517,0.5433760398248311,-0.2905825303634271,-0.234617613108788,-0.08868354734189873,-0.05292211688467813,-0.355094203768148,-0.0051602064082314925,0.00552022080883119,-0.004920196807872219,-0.41763341000538806,0.4608368662109534,0.40323225793429546,1.9441555293317934,5.054804376262384,-1.5985278796717692,0.18721497690559943,-0.07200576034609926,-0.158412672760312,-0.33789499999999983,-0.056373000000000006,-0.624387,0.013384000000000285,-0.042486000000000024,-0.955943,0.3512790000000001,0.013886999999999983,0.33155599999999996,0.0,0.9849714249416872,single,-0.624387
116,0.966667,step_decsent,-0.01655867530594533,-0.050515958723302314,-0.025197984161272124,0.12544481975656205,-0.20306564177809203,-0.25311486681511064,-0.01871850251980367,-0.02783777297816273,-0.3976481881449434,-0.0034797216222770024,0.0032397408207342263,-0.0034797216222703414,-0.6045373755100888,3.7301782346129113,-1.0795939687246865,8.395133767949908,3.009880478343557,-5.1060696396442395,0.2016420429511012,-0.27363570771501633,0.17284319481663862,-0.33791300000000013,-0.05618400000000001,-0.627491,0.013492999999999977,-0.04203800000000002,-0.955762,0.3514060000000001,0.014145999999999992,0.328271,0.0,0.9901803986103517,single,-0.627491
117,0.975,step_decsent,-0.01812072482902144,-0.047521900876043036,-0.02316092643704422,-0.02285199649124287,-0.12015263419040736,-0.22281095294973777,-0.013200528021100858,0.014280571222846672,-0.401896075843043,-0.0037201488059393386,0.005040201608062748,-0.003720148805951829,-0.18745344090677113,0.3593013137236656,0.24445670517555787,0.6621834271814308,5.054403480260385,-0.5097669144485326,-0.028852416136126064,0.21606393703690605,-0.02885241613842432,-0.33787199999999973,-0.05566899999999997,-0.6306470000000002,0.01361300000000032,-0.04159999999999997,-0.9556000000000001,0.35148500000000005,0.014068999999999998,0.32495299999999994,0.0,0.9878570268917604,single,-0.6306470000000002
118,0.983333,step_decsent,-0.029281171246839065,-0.03504140165606117,-0.036361454458197884,0.019320298384531514,-0.26924105811558635,-0.3321252890815034,0.01104044161766238,0.04104164166567419,-0.4090963638545519,0.0031201248050019685,-0.0007200288011461016,0.008520340813632704,-1.3393071424238063,1.4977198151904252,-1.5841267276075375,2.9090327179602946,3.211456911415746,-0.8640691241460308,0.820865667939671,-0.6912552993170318,1.4689175110505799,-0.33753599999999984,-0.055034999999999945,-0.633753,0.013883000000000312,-0.04131399999999996,-0.9552259999999999,0.35141900000000015,0.013720999999999983,0.3214729999999999,0.0,0.9848296865324151,single,-0.633753
119,0.991667,step_decsent,-0.026997840172776698,-0.033837293016559404,-0.04163666906645994,-0.08549929946996748,-0.2690583588500835,-0.2889079107494345,0.03551715862729225,0.07847372210222416,-0.4460043196544266,-0.003839692824577896,0.004079673626107353,-0.006599472042236598,0.2739778106626326,0.14448147822195503,-0.6329751149822521,2.9369710834689244,4.491490333159368,-4.428600407952355,-0.8351113066450568,0.5759182178129929,-1.8142324041119977,-0.33701500000000006,-0.05409900000000001,-0.6371230000000001,0.0140760000000002,-0.04099799999999998,-0.9549340000000001,0.35109100000000026,0.01310100000000003,0.31781099999999995,0.0,0.985572017050293,single,-0.6371230000000001
120,1.0,step_decsent,-0.02700108004319198,-0.03060122404896246,-0.0442817712708583,-0.10239171511541421,-0.2434784900194859,-0.30569087584667676,0.11304452178087057,0.10488419536781925,-0.49717988719548667,-0.007920316812713702,0.007800312012478276,-0.01092043681747275,-0.000388800001834106,0.3883438098640264,-0.31742496152626243,9.303655724658345,3.169383567214086,-6.141313757477481,-0.4896944663549489,0.4464944661431545,-0.5185365144889156,-0.33584800000000015,-0.05296999999999996,-0.640897,0.014234999999999776,-0.04067799999999999,-0.954656,0.3500829999999999,0.01229199999999997,0.3137589999999999,0.0,0.9740282083475283,single,-0.640897
121,1.008333,step_decsent,-0.02760110404418296,-0.03528141125645256,-0.056762270490813636,0.026212817305280467,-0.38942139524126,-0.34302776735545026,0.12768510740431846,0.14364574582983494,-0.4894995799832037,-0.001560062402501005,0.0008400336013415707,0.005280211208447838,-0.07200576034933213,-0.561644930696045,-1.4977198151872617,1.7569405524358601,4.651572118326659,0.9216737324232613,0.7632610596679174,-0.8352668200092126,1.9441555293316615,-0.3345539999999998,-0.05147899999999994,-0.644503,0.01445199999999991,-0.040376999999999996,-0.9541390000000001,0.3490059999999997,0.011101999999999945,0.309636,0.0,0.9907173875868047,single,-0.644503
122,1.016667,step_decsent,-0.025197984161272124,-0.04055675545955686,-0.053035757139434855,-0.11528615756815867,-0.27791928341685834,-0.28695608243918075,0.15298776097911032,0.17398608111350375,-0.5188384929205617,-0.003959683225309268,0.0028797696184333834,-0.0022798176145905976,0.2883513178438707,-0.6329906651193015,0.4471458304990104,3.036075542931566,3.6405489901210193,-3.5203879214492195,-0.28793146421985183,0.24474874215164352,-0.9071308882935419,-0.33306899999999984,-0.04969100000000004,-0.648385,0.014629000000000225,-0.04001500000000002,-0.953716,0.34769800000000006,0.009676000000000018,0.305331,0.0,0.9909984981722423,single,-0.648385
123,1.025,step_decsent,-0.020160806432250992,-0.05412216488659346,-0.035401416056634695,0.06599069973855712,-0.26022020771540416,-0.22865049054199643,0.17976719068762906,0.20136805472219893,-0.5436217448698039,-0.0030001200047932272,0.005040201608062748,-0.0033601344053762754,0.6044855069028174,-1.6279142478143196,2.116205578159165,3.213660111426735,3.2859682717743226,-2.9741091982770147,0.11515219254962794,0.25926220924389587,-0.12964320062230741,-0.3314029999999999,-0.04756199999999999,-0.6526200000000001,0.01477200000000023,-0.03952200000000006,-0.9534490000000001,0.3461750000000001,0.008039999999999936,0.300829,0.0,0.9887336716624675,single,-0.6526200000000001
124,1.033333,step_decsent,-0.025321012840481875,-0.05148205928237192,-0.03408136325455034,-0.08217612117961713,-0.19887233820613354,-0.17579959766368594,0.24528981159245158,0.23208928357133773,-0.546141845673814,-0.0031201248050019273,0.0030001200048064705,-0.002280091203647888,-0.6192495389692539,0.31682534552039976,0.1584126727570298,7.863029029739755,3.68669492969378,-0.3024241934489454,-0.014401152071126596,-0.24481958517415597,0.12961036862214909,-0.3291480000000002,-0.04519899999999999,-0.6568869999999999,0.014956999999999887,-0.03906799999999999,-0.9531839999999999,0.3441050000000001,0.0061309999999999976,0.29629700000000003,0.0,0.9918461470016078,single,-0.6568869999999999
125,1.041667,step_decsent,-0.026997840172830342,-0.05375569954403797,-0.028077753779679613,-0.042119877623472884,-0.1539638870975707,-0.16853803674248216,0.25581953443725264,0.26061915046796175,-0.5566354691624781,-0.0005999520038702779,0.004079673626107408,-0.0016798656107511866,-0.2012031836271297,-0.2728150061994353,0.7203755069439457,1.2634656641230206,3.423310162781924,-1.2591340879126849,0.3023965444122507,0.1295360716703813,0.07202130944285014,-0.32679099999999983,-0.042579000000000033,-0.661292,0.015176999999999996,-0.03858600000000001,-0.952964,0.3419679999999998,0.003993000000000024,0.29167200000000004,0.0,0.9925790035536008,single,-0.661292
126,1.05,step_decsent,-0.034321372854914614,-0.0476419056762239,-0.03756150246009867,0.055868074902889864,-0.2821382926237277,-0.2405979159966794,0.272410896435852,0.26917076683066793,-0.5712228489139449,-0.000720028801146092,0.0028801152046110143,-0.0012000480019204232,-0.8788590762131457,0.7336846115221365,-1.1380953654648855,1.9910430815551483,1.0262350129252409,-1.7505555923996867,-0.014409792064780038,-0.14395276869031234,0.05758041627634165,-0.32423499999999983,-0.03993900000000006,-0.6657390000000001,0.015457000000000054,-0.038165000000000004,-0.9526610000000001,0.3396919999999999,0.0017740000000000533,0.286922,0.0,0.9946631208991832,single,-0.6657390000000001
127,1.058333,step_decsent,-0.03684147365892691,-0.03168126725069535,-0.05028201128044534,-0.2902684537252582,-0.1559139414515184,-0.19604069482027853,0.2851314052562049,0.31741269650786424,-0.5762630505220295,0.0003600144005730556,0.0022800912036471162,-0.002040081603263691,-0.30242419344921656,1.9153532251924512,-1.5265221193263876,1.526522119327137,5.789263131788882,-0.6048483869056344,0.12961036862104375,-0.07200576034608226,-0.10080806448377243,-0.32155200000000006,-0.03703000000000001,-0.6701220000000001,0.015766999999999864,-0.03788199999999997,-0.9522590000000001,0.3373189999999999,0.0008519999999999639,0.28213699999999997,0.0,0.9948655955626274,single,-0.6701220000000001
128,1.066667,step_decsent,-0.03935685145189627,-0.05663546916246993,-0.015118790496768604,0.1074776991528184,-0.14344787304577183,-0.1534779235911624,0.3584113270938385,0.3070554355651498,-0.5458363330933448,0.0017998560115574992,-0.0008399328053730732,-0.0026397888168947707,-0.30182118946116354,-2.994264688237867,4.219248954124846,8.792887189540801,-1.2427718913744135,3.650914018320676,0.17276717194437635,-0.37437293124792004,-0.07195910890701643,-0.3182369999999999,-0.033999,-0.674545,0.01611000000000029,-0.03741699999999992,-0.952155,0.33434700000000017,0.003417999999999921,0.27761,0.0,0.9944940805143504,single,-0.674545
129,1.075,step_decsent,-0.12108484339371473,-0.22296891875674213,-0.05892235689427861,2.7991158872173187,-1.9198874280029021,-0.3478405705458039,0.3470538821553034,0.3298931957278323,-0.5544221768870821,0.002640105604220172,0.0003600144005730556,-0.0003600144005763864,-9.807751343072027,-19.9608123838082,-5.256638233230578,-1.3629479105406435,2.7406408451557334,-1.030342468947241,0.10083398447890081,0.1439994246905244,0.27358387331314116,-0.31433599999999995,-0.029392000000000085,-0.678674,0.017141000000000073,-0.03555600000000003,-0.951667,0.331477,0.006163999999999947,0.27299300000000004,0.0,0.9955187494495035,single,-0.678674
130,1.083333,step_decsent,-0.05916236649466795,-0.03960158406336814,-0.0010800432017191379,-0.10398288598856545,-0.12801108617516152,-0.2146753806452614,0.36529461178444395,0.32857314292571344,-0.549621984879389,0.004680187207449598,-0.003480139205574973,0.0078003120124806695,7.430994467664189,22.00496036161896,6.941355297318908,2.1889751145014054,-0.15841267276117416,0.5760460827664732,0.2448195851709337,-0.4608368662124039,0.9792783407004576,-0.31079900000000005,-0.026324000000000014,-0.6832450000000001,0.017672999999999828,-0.035255000000000036,-0.9515930000000001,0.3284719999999999,0.008931000000000022,0.26834800000000003,0.0,0.983767283663419,single,-0.6832450000000001
131,1.091667,step_decsent,-0.08387329013679128,-0.05855531557476041,0.019558435325163943,0.20031493877015713,-0.2818157103531533,-0.31235892499577833,0.37640988720905055,0.33189344852412994,-0.5549556035517252,-0.0011999040076339828,0.008879289656829843,-0.011159107271418835,-2.965073631164362,-2.2742658400999076,2.4764193096812424,1.3337263528445906,0.39840479942603424,-0.6399830420370031,-0.7055545014499272,1.4830128224628092,-2.2749483182025276,-0.3069629999999999,-0.023069999999999924,-0.688033,0.01836200000000021,-0.034692999999999974,-0.951849,0.3253250000000001,0.01162300000000005,0.26381599999999994,0.0,0.9761481872612692,single,-0.688033
132,1.1,step_decsent,-0.031801272050849996,-0.061562462498497145,0.05928237129485009,0.3403050691494048,0.10932727312773918,-0.15163098667695982,0.39601584063360146,0.34945397815911,-0.5354614184567248,0.003960158406303506,-0.004080163206525609,0.0024000960038408465,6.248892125997884,-0.36087206573103114,4.767062998882209,2.3528085232869986,2.1073478501115748,2.3393957872315023,0.6192322589628463,-1.5551965514646855,1.6271694798103258,-0.3033980000000003,-0.019645000000000024,-0.692989,0.018659999999999677,-0.03421399999999997,-0.952323,0.32205799999999996,0.014568999999999943,0.25933400000000006,0.0,0.9897136758505725,single,-0.692989
133,1.108333,step_decsent,-0.027121084843401123,-0.09588383535341431,0.06264250570021795,0.900059378811052,-0.10872512164418935,-0.2740853622711479,0.3968558742349935,0.3327733109324434,-0.5529821192847766,0.0007200288011461112,0.0009600384015370304,0.002040081603263691,0.5616449306910976,-4.118729491769769,0.4032322579344649,0.10080806448962831,-2.001760137605516,-2.1025682020943184,-0.3888311058631254,0.6048483869029982,-0.04320345620750733,-0.29986500000000005,-0.016073000000000004,-0.6981189999999999,0.018891999999999687,-0.033406999999999965,-0.9528279999999999,0.31875699999999973,0.01733399999999996,0.25470899999999996,0.0,0.9960552256243648,single,-0.6981189999999999
134,1.116667,step_decsent,-0.02339812814976791,-0.09035277177825748,0.06215502759779391,0.9250628549603216,-0.1355756106133958,-0.31134827566226136,0.4170866330693288,0.37245020398367795,-0.5009599232061445,-0.002279817614589765,0.0157187425005989,0.028317734581233298,0.4467190657107253,0.6636745350560098,-0.05849269287545444,2.427496860371386,4.7608462984442355,6.242164156303303,-0.35995277366640904,1.770902819661838,3.1530661120673633,-0.29619400000000007,-0.012216000000000005,-0.702812,0.019067999999999863,-0.03252299999999997,-0.9531099999999999,0.31526199999999993,0.020306999999999964,0.2502979999999999,0.0,0.9458866794492771,single,-0.702812
135,1.125,step_decsent,-0.0417616704667942,-0.06456258250329201,0.023280931237253,0.5760320229542032,-0.22748073763394283,-0.3503812906702921,0.43429737189488443,0.390135605424221,-0.5547821912876552,-0.0008400336013016011,0.015600624024956758,0.012600504020161033,-2.203713226572238,3.094946510856319,-4.665078166391608,2.0653712739176506,2.122333066187831,-6.458930527002423,0.17278099283429463,-0.014174784068419953,-1.886143113053211,-0.29222700000000024,-0.008427000000000073,-0.707629,0.01940900000000001,-0.03185500000000008,-0.9531989999999999,0.31163600000000025,0.023428000000000004,0.24556999999999995,0.0,0.9665478024313687,single,-0.707629
136,1.133333,step_decsent,-0.03648145925840715,-0.07764310572423738,0.04932197287893496,0.8908811942057772,-0.2595513500435581,-0.3794424682749798,0.42865714628587104,0.3788551542061809,-0.5581423256930348,0.0008400336013016011,0.005160206408258207,0.011040441617665023,0.6336506910340932,-1.5697255755364803,3.1250499990018237,-0.6768541472475034,-1.3537082944966055,-0.40323225793587714,0.2016161289575444,-1.252900230013038,-0.1872149768985988,-0.2883509999999998,-0.004622999999999933,-0.7126910000000002,0.01971999999999996,-0.031164999999999998,-0.9535180000000001,0.30807099999999976,0.026542000000000066,0.2408269999999999,0.0,0.9796404037272473,single,-0.7126910000000002
137,1.141667,step_decsent,-0.026997840172776337,-0.09551235901128063,0.06647468202543066,1.2426584190839545,-0.28320278325342263,-0.44092409581564507,0.4300455963522657,0.4074874010079108,-0.542956563474918,0.00023998080156941934,0.0011999040076872372,0.0034797216222703414,1.1379432548153037,-2.144138863336107,2.0581604447438897,0.16660067991296407,3.4355947686260757,1.8221456945184333,-0.07200057592178752,-0.47519827220673627,-0.9072138223415676,-0.2845420000000001,-0.0004309999999999592,-0.71777,0.01994700000000016,-0.030358999999999914,-0.9540430000000001,0.30448900000000023,0.029927999999999955,0.23627300000000007,0.0,0.9938523213547078,single,-0.71777
138,1.15,step_decsent,-0.03468138725548858,-0.07200288011519734,0.041041641665648096,0.9271374180282094,-0.2753858615171278,-0.4476441338839328,0.4185767430697455,0.40213608544342055,-0.5495019800792081,0.027601104044129667,-0.010440417616711875,0.04296171846873881,-0.9220625324267749,2.8212503175427224,-3.0520869266510022,-1.3763174466002976,-0.6421835550810397,-0.7854814117712886,3.28346612775237,-1.3968944707067346,4.7380291427419685,-0.28076499999999993,0.0035199999999999676,-0.722691,0.020465999999999873,-0.02984600000000004,-0.9540269999999998,0.3012309999999998,0.03336600000000001,0.23133599999999988,0.0,0.913132723872479,single,-0.722691
139,1.158333,step_decsent,-0.05316212648508166,-0.027241089643582534,-0.023520940837616647,0.1801412331675065,-0.3305613053380631,-0.4202808673632236,0.42637705508218593,0.410536421456852,-0.5628225129005028,-0.025561022440899438,0.012240489619590149,-0.05352214088563472,-2.2177774186478763,5.371629721782555,-7.747819813184161,0.9360748844882127,1.0080806448375477,-1.5985278796705156,-6.3797103666180455,2.7218177410658377,-11.578526263575165,-0.2767689999999998,0.007167999999999952,-0.727185,0.020696000000000048,-0.029517000000000015,-0.954277,0.29746499999999987,0.03668499999999997,0.22709200000000007,0.0,0.8990625190838244,single,-0.727185
140,1.166667,step_decsent,-0.049076073914073606,-0.03143748500121196,-0.007559395248371181,0.2781971943866467,-0.3055617029933863,-0.4308631350691851,0.42140628749700343,0.43196544276459276,-0.5645548356131634,-0.0217182625389957,0.005879529637624991,-0.03731701463882946,0.49028708555413136,-0.5035271607426816,1.915232252129322,-0.5964443946703378,2.571276854780559,-0.20786209655155916,0.46109430068440244,-0.7632541375048331,1.9444595928492407,-0.272848,0.011030000000000095,-0.7318270000000001,0.020923999999999943,-0.029205999999999954,-0.9545250000000001,0.2937719999999999,0.04023600000000005,0.22269799999999995,0.0,0.9273744118779395,single,-0.7318270000000001
