Format Version,1.25,Take Name,jog_041,Take Notes,,Capture Frame Rate,120.000000,Export Frame Rate,120.000000,Capture Start Time,2025-10-30 09.27.25.339 PM,Capture Start Frame,391465,Total Frames in Take,426,Total Exported Frames,426,Rotation Type,Quaternion,Length Units,Meters,Coordinate Space,Global

,Type,Rigid Body,Rigid Body,Rigid Body,Rigid Body,Rigid Body,Rigid Body,Rigid Body,Rigid Body,Rigid Body,Rigid Body,Rigid Body,Rigid Body,Rigid Body,Rigid Body,Rigid Body,Rigid Body,Rigid Body,Rigid Body,Rigid Body,Rigid Body,Rigid Body
,Name,RFoot,RFoot,RFoot,RFoot,RFoot,RFoot,RFoot,LFoot,LFoot,LFoot,LFoot,LFoot,LFoot,LFoot,Waist,Waist,Waist,Waist,Waist,Waist,Waist
,ID,83078AC3B5F211F034C857AE43D8E8B6,83078AC3B5F211F034C857AE43D8E8B6,83078AC3B5F211F034C857AE43D8E8B6,83078AC3B5F211F034C857AE43D8E8B6,83078AC3B5F211F034C857AE43D8E8B6,83078AC3B5F211F034C857AE43D8E8B6,83078AC3B5F211F034C857AE43D8E8B6,9231711FB5F311F034C857AE43D8E8B6,9231711FB5F311F034C857AE43D8E8B6,9231711FB5F311F034C857AE43D8E8B6,9231711FB5F311F034C857AE43D8E8B6,9231711FB5F311F034C857AE43D8E8B6,9231711FB5F311F034C857AE43D8E8B6,9231711FB5F311F034C857AE43D8E8B6,3693159B5F511F034C857AE43D8E8B6,3693159B5F511F034C857AE43D8E8B6,3693159B5F511F034C857AE43D8E8B6,3693159B5F511F034C857AE43D8E8B6,3693159B5F511F034C857AE43D8E8B6,3693159B5F511F034C857AE43D8E8B6,3693159B5F511F034C857AE43D8E8B6
,Parent,,,,,,,,,,,,,,,,,,,,,
,,Rotation,Rotation,Rotation,Rotation,Position,Position,Position,Rotation,Rotation,Rotation,Rotation,Position,Position,Position,Rotation,Rotation,Rotation,Rotation,Position,Position,Position
Frame,Time (Seconds),X,Y,Z,W,X,Y,Z,X,Y,Z,W,X,Y,Z,X,Y,Z,W,X,Y,Z
0,0.000000,-0.037013,0.002337,0.126373,-0.991289,-1.477795,1.404125,0.049017,0.075305,-0.027600,0.431743,-0.898424,-1.553449,1.169365,0.045410,-0.013118,-0.024532,0.197600,-0.979888,-1.510248,1.261164,0.957913
1,0.008333,-0.037091,0.002395,0.126410,-0.991282,-1.477796,1.404125,0.049000,0.075228,-0.027541,0.431787,-0.898411,-1.553438,1.169385,0.045420,-0.013423,-0.025172,0.197583,-0.979871,-1.510367,1.260807,0.957909
2,0.016667,-0.036978,0.002457,0.126400,-0.991287,-1.477801,1.404118,0.049001,0.076084,-0.027997,0.432692,-0.897889,-1.553463,1.169599,0.045487,-0.013384,-0.025332,0.197499,-0.979885,-1.510542,1.260592,0.957850
3,0.025000,-0.037171,0.002474,0.126420,-0.991277,-1.477811,1.404117,0.049011,0.076013,-0.027850,0.432641,-0.897924,-1.553476,1.169612,0.045484,-0.013482,-0.025527,0.197591,-0.979859,-1.510667,1.260328,0.957804
4,0.033333,-0.037264,0.002509,0.126466,-0.991268,-1.477808,1.404132,0.049002,0.075899,-0.027794,0.432680,-0.897917,-1.553462,1.169620,0.045495,-0.013540,-0.025722,0.197732,-0.979825,-1.510818,1.260048,0.957736
5,0.041667,-0.037054,0.002568,0.126499,-0.991271,-1.477809,1.404140,0.049006,0.075938,-0.027742,0.432585,-0.897961,-1.553482,1.169622,0.045490,-0.013636,-0.026026,0.197810,-0.979800,-1.510923,1.259748,0.957693
6,0.050000,-0.037026,0.002539,0.126490,-0.991273,-1.477809,1.404146,0.049000,0.075938,-0.027715,0.432515,-0.897996,-1.553504,1.169635,0.045481,-0.013442,-0.026483,0.197773,-0.979798,-1.510974,1.259429,0.957707
7,0.058333,-0.037150,0.002531,0.126513,-0.991266,-1.477812,1.404153,0.048999,0.075852,-0.027637,0.432432,-0.898045,-1.553526,1.169635,0.045472,-0.013545,-0.027080,0.197736,-0.979788,-1.511026,1.259063,0.957715
8,0.066667,-0.037000,0.002608,0.126563,-0.991265,-1.477811,1.404152,0.049010,0.075722,-0.027590,0.432326,-0.898109,-1.553538,1.169645,0.045481,-0.013277,-0.027504,0.197693,-0.979788,-1.511069,1.258733,0.957719
9,0.075000,-0.037022,0.002670,0.126588,-0.991261,-1.477811,1.404163,0.049002,0.075715,-0.027604,0.432290,-0.898126,-1.553555,1.169647,0.045475,-0.013159,-0.027983,0.197510,-0.979813,-1.511135,1.258356,0.957723
10,0.083333,-0.036987,0.002619,0.126552,-0.991267,-1.477817,1.404167,0.048995,0.075662,-0.027641,0.432192,-0.898177,-1.553573,1.169657,0.045472,-0.013099,-0.028163,0.197435,-0.979824,-1.511236,1.258019,0.957672
11,0.091667,-0.036998,0.002676,0.126622,-0.991257,-1.477814,1.404173,0.048994,0.075489,-0.027662,0.432134,-0.898219,-1.553576,1.169661,0.045492,-0.012956,-0.028652,0.197412,-0.979816,-1.511271,1.257641,0.957652
12,0.100000,-0.037024,0.002685,0.126619,-0.991257,-1.477816,1.404183,0.048996,0.075375,-0.027643,0.432127,-0.898232,-1.553580,1.169654,0.045493,-0.012885,-0.028784,0.197493,-0.979797,-1.511344,1.257294,0.957575
13,0.108333,-0.037035,0.002773,0.126661,-0.991251,-1.477816,1.404199,0.048990,0.075625,-0.027583,0.432028,-0.898260,-1.553583,1.169652,0.045498,-0.012889,-0.029424,0.197403,-0.979796,-1.511383,1.256863,0.957563
14,0.116667,-0.037064,0.002736,0.126678,-0.991247,-1.477820,1.404199,0.049001,0.075237,-0.027556,0.432000,-0.898307,-1.553596,1.169654,0.045499,-0.012944,-0.029618,0.197492,-0.979771,-1.511460,1.256454,0.957500
15,0.125000,-0.036900,0.002763,0.126766,-0.991242,-1.477816,1.404222,0.048987,0.075299,-0.027572,0.431921,-0.898340,-1.553604,1.169667,0.045510,-0.012876,-0.029805,0.197620,-0.979741,-1.511524,1.256048,0.957439
16,0.133333,-0.036911,0.002858,0.126821,-0.991235,-1.477821,1.404225,0.048988,0.075165,-0.027628,0.431916,-0.898352,-1.553610,1.169661,0.045522,-0.012810,-0.030063,0.197789,-0.979700,-1.511575,1.255602,0.957390
17,0.141667,-0.036854,0.002867,0.126869,-0.991230,-1.477842,1.404225,0.048983,0.075209,-0.027856,0.432003,-0.898299,-1.553619,1.169645,0.045541,-0.012481,-0.030754,0.197705,-0.979700,-1.511551,1.255098,0.957423
18,0.150000,-0.036765,0.002974,0.126996,-0.991217,-1.477845,1.404247,0.048965,0.074892,-0.028113,0.432135,-0.898254,-1.553599,1.169646,0.045576,-0.012196,-0.031131,0.197651,-0.979702,-1.511591,1.254602,0.957405
19,0.158333,-0.036846,0.002998,0.127052,-0.991207,-1.477861,1.404259,0.048955,0.074516,-0.028113,0.432046,-0.898328,-1.553615,1.169648,0.045610,-0.011908,-0.031325,0.197873,-0.979655,-1.511616,1.254120,0.957344
20,0.166667,-0.036664,0.003049,0.127151,-0.991201,-1.477866,1.404300,0.048956,0.078028,-0.027361,0.430417,-0.898835,-1.553735,1.169882,0.045467,-0.011473,-0.031993,0.197935,-0.979626,-1.511629,1.253626,0.957309
21,0.175000,-0.036448,0.003130,0.127275,-0.991193,-1.477861,1.404335,0.048932,0.077568,-0.027089,0.430256,-0.898960,-1.553753,1.169903,0.045535,-0.011277,-0.033056,0.198002,-0.979579,-1.511705,1.253012,0.957245
22,0.183333,-0.036322,0.003063,0.127371,-0.991185,-1.477876,1.404374,0.048934,0.077190,-0.026897,0.430191,-0.899029,-1.553786,1.169931,0.045612,-0.011376,-0.031699,0.198071,-0.979609,-1.511718,1.252628,0.957378
23,0.191667,-0.036057,0.003126,0.127511,-0.991177,-1.477882,1.404415,0.048922,0.076881,-0.026498,0.430034,-0.899143,-1.553845,1.169989,0.045658,-0.010772,-0.032227,0.198175,-0.979578,-1.511678,1.252069,0.957400
24,0.200000,-0.035810,0.003157,0.127720,-0.991159,-1.477884,1.404466,0.048891,0.075653,-0.026118,0.429984,-0.899282,-1.553900,1.170054,0.045789,-0.010992,-0.032023,0.199089,-0.979396,-1.511837,1.251713,0.957420
25,0.208333,-0.035497,0.003154,0.127769,-0.991164,-1.477893,1.404505,0.048876,0.073387,-0.026219,0.430818,-0.899067,-1.553932,1.170078,0.045980,-0.010410,-0.032992,0.199492,-0.979289,-1.511796,1.251093,0.957451
26,0.216667,-0.035125,0.003139,0.127886,-0.991162,-1.477907,1.404550,0.048847,0.072073,-0.025747,0.431080,-0.899062,-1.553828,1.170098,0.046205,-0.009675,-0.033678,0.199557,-0.979259,-1.511805,1.250508,0.957669
27,0.225000,-0.034872,0.003175,0.127938,-0.991164,-1.477925,1.404604,0.048834,0.071865,-0.024299,0.430760,-0.899273,-1.553811,1.170151,0.046292,-0.009480,-0.034026,0.200772,-0.979001,-1.511891,1.249791,0.957487
28,0.233333,-0.033871,0.003061,0.128010,-0.991190,-1.477949,1.404650,0.048776,0.069865,-0.024128,0.427115,-0.901171,-1.553737,1.169980,0.046665,-0.008987,-0.034925,0.201301,-0.978866,-1.512002,1.249129,0.957524
29,0.241667,-0.033246,0.002983,0.128111,-0.991198,-1.477956,1.404744,0.048751,0.070438,-0.023589,0.426361,-0.901498,-1.553782,1.170014,0.046851,-0.008417,-0.035721,0.201883,-0.978722,-1.512175,1.248492,0.957516
30,0.250000,-0.032629,0.002905,0.128024,-0.991230,-1.477961,1.404837,0.048708,0.070818,-0.023380,0.425482,-0.901889,-1.553863,1.170031,0.046984,-0.007810,-0.036327,0.202114,-0.978657,-1.512364,1.247890,0.957605
31,0.258333,-0.032065,0.002962,0.127889,-0.991266,-1.477983,1.404896,0.048666,0.071529,-0.022643,0.425141,-0.902012,-1.554005,1.169932,0.047200,-0.007306,-0.036693,0.202244,-0.978620,-1.512455,1.247147,0.957815
32,0.266667,-0.031275,0.002945,0.127677,-0.991318,-1.478001,1.404964,0.048635,0.072538,-0.021775,0.423879,-0.902547,-1.554043,1.169928,0.047383,-0.007787,-0.036065,0.201956,-0.978699,-1.512724,1.246229,0.958160
33,0.275000,-0.030966,0.002965,0.127525,-0.991347,-1.478020,1.405025,0.048614,0.074018,-0.020862,0.422732,-0.902986,-1.554070,1.169903,0.047563,-0.008075,-0.036608,0.201904,-0.978688,-1.512995,1.245634,0.958077
34,0.283333,-0.030277,0.003049,0.127197,-0.991411,-1.478029,1.405075,0.048603,0.076440,-0.019956,0.421772,-0.903254,-1.553993,1.169950,0.047770,-0.008531,-0.037143,0.202239,-0.978594,-1.513251,1.245040,0.957874
35,0.291667,-0.029810,0.003298,0.127020,-0.991447,-1.478053,1.405081,0.048625,0.076365,-0.017475,0.423236,-0.902627,-1.553920,1.170315,0.047846,-0.009277,-0.038582,0.202414,-0.978496,-1.513522,1.244162,0.957601
36,0.300000,-0.028731,0.003450,0.126781,-0.991509,-1.478042,1.405074,0.048670,0.078757,-0.016546,0.425157,-0.901535,-1.553821,1.170499,0.048081,-0.009415,-0.040121,0.202807,-0.978351,-1.513713,1.243267,0.957283
37,0.308333,-0.027716,0.003437,0.126641,-0.991555,-1.478028,1.405077,0.048738,0.080094,-0.015469,0.425159,-0.901435,-1.553518,1.170576,0.048334,-0.010177,-0.041543,0.203052,-0.978233,-1.513861,1.242219,0.956939
38,0.316667,-0.027086,0.003666,0.126451,-0.991596,-1.478056,1.405091,0.048807,0.082169,-0.014089,0.425892,-0.900925,-1.553215,1.170681,0.048639,-0.010406,-0.043030,0.203112,-0.978154,-1.513863,1.241087,0.956606
39,0.325000,-0.028215,0.004202,0.125029,-0.991743,-1.478327,1.405075,0.048890,0.083925,-0.012615,0.426494,-0.900500,-1.553041,1.170902,0.048952,-0.011466,-0.045021,0.203619,-0.977947,-1.513878,1.239688,0.955999
40,0.333333,-0.027809,0.004441,0.124723,-0.991792,-1.478344,1.405116,0.048948,0.085930,-0.008375,0.430770,-0.898322,-1.552894,1.171368,0.049173,-0.013894,-0.048064,0.203914,-0.977710,-1.513865,1.238036,0.955058
41,0.341667,-0.027265,0.004535,0.124382,-0.991849,-1.478363,1.405183,0.049010,0.087762,-0.006674,0.433121,-0.897028,-1.553004,1.171449,0.049617,-0.013458,-0.051659,0.203145,-0.977692,-1.513810,1.236738,0.954020
42,0.350000,-0.027064,0.004620,0.124061,-0.991895,-1.478374,1.405303,0.049062,0.088975,-0.006022,0.434847,-0.896078,-1.553327,1.171444,0.049986,-0.012439,-0.046690,0.201762,-0.978242,-1.513921,1.236034,0.955225
43,0.358333,-0.026859,0.004819,0.123609,-0.991956,-1.478422,1.405385,0.049089,0.089010,-0.004101,0.437391,-0.894846,-1.553865,1.171470,0.050250,-0.012569,-0.047383,0.200948,-0.978375,-1.513437,1.234799,0.954979
44,0.366667,-0.026729,0.004947,0.123181,-0.992012,-1.478456,1.405522,0.049122,0.091088,-0.003851,0.439806,-0.893453,-1.554685,1.171102,0.050690,-0.012922,-0.048390,0.200158,-0.978483,-1.512854,1.233536,0.954818
45,0.375000,-0.026985,0.005207,0.122611,-0.992074,-1.478510,1.405664,0.049154,0.096527,-0.003404,0.442087,-0.891757,-1.556056,1.170660,0.050710,-0.013495,-0.049439,0.200805,-0.978290,-1.512516,1.231568,0.954658
46,0.383333,-0.027153,0.005421,0.122094,-0.992132,-1.478583,1.405769,0.049152,0.098747,-0.004080,0.447558,-0.888777,-1.557323,1.169700,0.051045,-0.014604,-0.051257,0.200681,-0.978206,-1.512044,1.229906,0.954370
47,0.391667,-0.027527,0.005649,0.121480,-0.992196,-1.478664,1.405907,0.049138,0.101972,-0.003573,0.453012,-0.885646,-1.559291,1.168989,0.051005,-0.018494,-0.052855,0.202406,-0.977699,-1.512298,1.227500,0.953630
48,0.400000,-0.028077,0.005545,0.121251,-0.992209,-1.478737,1.406078,0.049109,0.102075,-0.004456,0.463408,-0.880235,-1.560410,1.168208,0.051120,-0.018480,-0.053593,0.202240,-0.977694,-1.511624,1.225650,0.953626
49,0.408333,-0.028669,0.005516,0.121094,-0.992212,-1.478818,1.406226,0.049058,0.100747,-0.004611,0.470186,-0.876786,-1.561879,1.166865,0.051392,-0.019391,-0.055391,0.202496,-0.977523,-1.511209,1.223835,0.953309
50,0.416667,-0.029149,0.005506,0.121088,-0.992198,-1.478912,1.406342,0.049043,0.093537,-0.006962,0.475765,-0.874557,-1.563620,1.166337,0.051879,-0.015765,-0.055097,0.202331,-0.977639,-1.510650,1.222161,0.954060
51,0.425000,-0.029545,0.005468,0.121296,-0.992162,-1.479011,1.406420,0.048986,0.107488,-0.005301,0.485153,-0.867782,-1.565209,1.164354,0.051473,-0.015939,-0.057859,0.201843,-0.977578,-1.510205,1.220187,0.953914
52,0.433333,-0.030178,0.005511,0.121581,-0.992107,-1.479129,1.406475,0.048950,0.106340,-0.006333,0.492715,-0.863645,-1.565689,1.163111,0.051805,-0.016630,-0.058333,0.202239,-0.977456,-1.509602,1.218069,0.954041
53,0.441667,-0.030751,0.005544,0.121851,-0.992056,-1.479236,1.406516,0.048899,0.105586,-0.008475,0.497382,-0.861040,-1.566949,1.162161,0.051659,-0.018661,-0.059481,0.202674,-0.977260,-1.509076,1.215892,0.953951
54,0.450000,-0.031415,0.005541,0.122107,-0.992004,-1.479335,1.406530,0.048843,0.106833,-0.010355,0.501441,-0.858508,-1.567896,1.161290,0.051425,-0.020113,-0.059756,0.202975,-0.977152,-1.508720,1.213636,0.953998
55,0.458333,-0.031788,0.005513,0.122340,-0.991964,-1.479426,1.406518,0.048800,0.101770,-0.012613,0.501936,-0.858804,-1.568447,1.160927,0.050754,-0.022714,-0.062626,0.205017,-0.976489,-1.508234,1.210784,0.953527
56,0.466667,-0.032562,0.005511,0.122636,-0.991902,-1.479507,1.406486,0.048767,0.099518,-0.014782,0.503594,-0.858062,-1.568943,1.160447,0.050160,-0.024251,-0.064833,0.207311,-0.975823,-1.507738,1.207955,0.953075
57,0.475000,-0.033508,0.005490,0.122899,-0.991838,-1.479599,1.406395,0.048733,0.094993,-0.016150,0.507143,-0.856458,-1.568780,1.160199,0.049913,-0.024948,-0.066089,0.208653,-0.975435,-1.506977,1.204968,0.952839
58,0.483333,-0.034351,0.005472,0.123049,-0.991791,-1.479689,1.406296,0.048732,0.093217,-0.016192,0.506228,-0.857194,-1.568647,1.160198,0.049446,-0.023948,-0.064229,0.209286,-0.975449,-1.505681,1.202068,0.952890
59,0.491667,-0.034860,0.005406,0.123730,-0.991689,-1.479851,1.405989,0.048699,0.090422,-0.017355,0.504283,-0.858616,-1.567975,1.160253,0.049238,-0.024321,-0.064362,0.210565,-0.975156,-1.504977,1.199124,0.952529
60,0.500000,-0.036283,0.005157,0.123744,-0.991637,-1.479930,1.405880,0.048701,0.089778,-0.017164,0.502494,-0.859735,-1.567674,1.160424,0.048991,-0.025263,-0.064285,0.211273,-0.974984,-1.504310,1.195949,0.952166
61,0.508333,-0.037169,0.003686,0.122735,-0.991736,-1.479778,1.405977,0.048540,0.089066,-0.017429,0.501854,-0.860178,-1.567505,1.160554,0.048751,-0.025290,-0.063562,0.212186,-0.974832,-1.503377,1.192694,0.951739
62,0.516667,-0.038631,0.003223,0.122434,-0.991719,-1.479855,1.405817,0.048557,0.089466,-0.018229,0.501556,-0.860294,-1.567362,1.160689,0.048571,-0.025540,-0.063176,0.213001,-0.974673,-1.502412,1.189503,0.951124
63,0.525000,-0.041243,0.004001,0.123041,-0.991536,-1.480085,1.405467,0.048788,0.093144,-0.019745,0.502274,-0.859450,-1.567490,1.160688,0.048293,-0.025680,-0.061934,0.213727,-0.974590,-1.501425,1.186221,0.950419
64,0.533333,-0.043342,0.003708,0.122761,-0.991483,-1.480152,1.405243,0.048846,0.091444,-0.019046,0.500549,-0.860655,-1.567239,1.160863,0.048130,-0.025455,-0.060813,0.214090,-0.974587,-1.500401,1.182867,0.949806
65,0.541667,-0.043604,0.002429,0.123880,-0.991336,-1.479931,1.404839,0.048808,0.091766,-0.019477,0.499533,-0.861201,-1.567206,1.160997,0.047876,-0.024930,-0.060192,0.214549,-0.974538,-1.499349,1.179399,0.949181
66,0.550000,-0.046085,0.001785,0.123329,-0.991294,-1.479899,1.404571,0.048903,0.084335,-0.020644,0.495728,-0.864127,-1.566905,1.161817,0.047420,-0.024779,-0.058955,0.215021,-0.974513,-1.498332,1.175816,0.948484
67,0.558333,-0.052805,0.001513,0.122165,-0.991103,-1.479912,1.404102,0.049291,0.085736,-0.020846,0.492814,-0.865650,-1.567267,1.162108,0.046959,-0.024157,-0.058398,0.215016,-0.974564,-1.497267,1.172505,0.947678
68,0.566667,-0.056101,-0.000398,0.121163,-0.991046,-1.479685,1.403743,0.049629,0.085727,-0.021146,0.491953,-0.866133,-1.567191,1.162286,0.046751,-0.023260,-0.057530,0.214755,-0.974695,-1.496274,1.169279,0.946785
69,0.575000,-0.060996,-0.003316,0.119944,-0.990900,-1.479342,1.403447,0.050302,0.085857,-0.021307,0.491412,-0.866423,-1.567197,1.162455,0.046552,-0.019912,-0.057927,0.216085,-0.974451,-1.494872,1.165189,0.945203
70,0.583333,-0.060364,-0.008525,0.117277,-0.991226,-1.479095,1.402828,0.050947,0.086163,-0.021366,0.490231,-0.867060,-1.567122,1.162605,0.046385,-0.018993,-0.056995,0.215689,-0.974612,-1.493720,1.161920,0.944059
71,0.591667,-0.059578,-0.014812,0.114689,-0.991503,-1.479019,1.402195,0.051858,0.085793,-0.020839,0.488850,-0.867889,-1.567076,1.162680,0.046237,-0.018133,-0.056216,0.214853,-0.974859,-1.492591,1.158757,0.942877
72,0.600000,-0.046229,-0.026794,0.103762,-0.993166,-1.477352,1.399921,0.053979,0.085258,-0.021353,0.488232,-0.868277,-1.567071,1.162709,0.046046,-0.017038,-0.055402,0.214496,-0.975003,-1.491350,1.155718,0.941588
73,0.608333,-0.052757,-0.033539,0.103796,-0.992632,-1.476462,1.398033,0.055809,0.084955,-0.022361,0.488439,-0.868165,-1.567086,1.162664,0.045887,-0.017829,-0.053342,0.212666,-0.975505,-1.490032,1.152253,0.939969
74,0.616667,-0.066277,-0.044432,0.102580,-0.991519,-1.475480,1.394755,0.058644,0.084560,-0.023273,0.488493,-0.868149,-1.567104,1.162584,0.045737,-0.018416,-0.050527,0.211870,-0.975817,-1.488648,1.149378,0.938931
75,0.625000,-0.067809,-0.054639,0.097448,-0.991423,-1.475372,1.392023,0.060947,0.084144,-0.024058,0.488536,-0.868144,-1.567132,1.162501,0.045609,-0.019321,-0.047930,0.211679,-0.975972,-1.487179,1.146485,0.937722
76,0.633333,-0.076396,-0.062868,0.099414,-0.990115,-1.475774,1.389551,0.063301,0.083507,-0.025903,0.489259,-0.867745,-1.567252,1.162395,0.045442,-0.019790,-0.046048,0.211491,-0.976094,-1.485775,1.142882,0.936682
77,0.641667,-0.098341,-0.078164,0.095196,-0.987501,-1.474959,1.386154,0.067188,0.083571,-0.026993,0.491069,-0.866682,-1.567445,1.162145,0.045292,-0.019585,-0.044772,0.211378,-0.976182,-1.484190,1.139356,0.935628
78,0.650000,-0.107215,-0.090814,0.088755,-0.986094,-1.474169,1.382109,0.070751,0.084359,-0.028587,0.492537,-0.865721,-1.567542,1.161978,0.045202,-0.018818,-0.044468,0.212006,-0.976075,-1.482514,1.136287,0.934391
79,0.658333,-0.112656,-0.103329,0.080660,-0.984950,-1.473127,1.377369,0.074401,0.080246,-0.028226,0.493825,-0.865390,-1.566981,1.161873,0.045260,-0.014661,-0.046080,0.213532,-0.975739,-1.480648,1.133460,0.933387
80,0.666667,-0.117343,-0.111738,0.076197,-0.983839,-1.471491,1.371495,0.078186,0.080154,-0.028831,0.494281,-0.865119,-1.566991,1.161850,0.045175,-0.013742,-0.045773,0.214730,-0.975504,-1.478710,1.130224,0.932322
81,0.675000,-0.122308,-0.118784,0.072773,-0.982667,-1.470182,1.365045,0.081266,0.079573,-0.029799,0.494126,-0.865228,-1.566982,1.161866,0.045067,-0.015474,-0.044141,0.215300,-0.975427,-1.476574,1.127483,0.931860
82,0.683333,-0.120502,-0.122303,0.076286,-0.982192,-1.469044,1.358725,0.083628,0.078955,-0.030267,0.494197,-0.865228,-1.566988,1.161884,0.045002,-0.015821,-0.044794,0.217429,-0.974920,-1.474388,1.123998,0.930806
83,0.691667,-0.124764,-0.120829,0.085589,-0.981075,-1.467579,1.350873,0.085575,0.071318,-0.033798,0.494052,-0.865843,-1.567025,1.162006,0.045417,-0.015749,-0.045899,0.219611,-0.974380,-1.472048,1.120518,0.929992
84,0.700000,-0.118488,-0.121942,0.089310,-0.981384,-1.463993,1.341493,0.087846,0.070145,-0.035078,0.494728,-0.865502,-1.567080,1.161980,0.045425,-0.017093,-0.046870,0.221969,-0.973777,-1.469604,1.116925,0.929338
85,0.708333,-0.111717,-0.128590,0.087708,-0.981474,-1.457661,1.328332,0.090776,0.069569,-0.036781,0.495767,-0.864883,-1.567239,1.161968,0.045456,-0.018064,-0.047115,0.224280,-0.973218,-1.467139,1.113446,0.928793
86,0.716667,-0.109320,-0.130394,0.093984,-0.980925,-1.452927,1.316581,0.092549,0.068336,-0.037380,0.496464,-0.864556,-1.567379,1.161831,0.045368,-0.016157,-0.050905,0.228206,-0.972147,-1.464113,1.109424,0.927446
87,0.725000,-0.093119,-0.143081,0.085869,-0.981572,-1.445424,1.303377,0.094381,0.067176,-0.038362,0.497492,-0.864012,-1.567495,1.161712,0.045315,-0.020818,-0.049022,0.231120,-0.971467,-1.461556,1.105517,0.928049
88,0.733333,-0.088713,-0.139994,0.095192,-0.981565,-1.439057,1.291416,0.094171,0.069388,-0.037852,0.499485,-0.862710,-1.567724,1.161412,0.045256,-0.022526,-0.049464,0.233408,-0.970859,-1.458777,1.101559,0.927508
89,0.741667,-0.076571,-0.138068,0.100424,-0.982339,-1.431176,1.278645,0.094033,0.069098,-0.038624,0.500675,-0.862009,-1.567835,1.161299,0.045192,-0.024936,-0.050290,0.236640,-0.969975,-1.455510,1.097739,0.927294
90,0.750000,-0.068308,-0.134209,0.106733,-0.982817,-1.422760,1.264700,0.093490,0.074620,-0.039946,0.501880,-0.860786,-1.567948,1.160904,0.044905,-0.025832,-0.052587,0.240473,-0.968886,-1.452435,1.094005,0.926766
91,0.758333,-0.057174,-0.137710,0.103764,-0.983362,-1.412164,1.250091,0.093228,0.074597,-0.041235,0.502675,-0.860263,-1.568038,1.161044,0.044833,-0.029028,-0.054004,0.239982,-0.968839,-1.449671,1.088313,0.926522
92,0.766667,-0.042099,-0.130203,0.112687,-0.984163,-1.402058,1.235476,0.091811,0.072579,-0.042976,0.506684,-0.857996,-1.567724,1.161470,0.044926,-0.031634,-0.054120,0.241475,-0.968380,-1.446694,1.083867,0.926691
93,0.775000,-0.032376,-0.126172,0.116403,-0.984623,-1.390921,1.220613,0.090282,0.076324,-0.043823,0.505006,-0.858617,-1.568082,1.161301,0.044662,-0.029974,-0.055479,0.245630,-0.967310,-1.443232,1.079245,0.925661
94,0.783333,-0.036296,-0.118296,0.121901,-0.984799,-1.379790,1.204946,0.089843,0.076653,-0.045887,0.506818,-0.857411,-1.568125,1.161578,0.044742,-0.032182,-0.057406,0.248864,-0.966300,-1.440066,1.074945,0.925195
95,0.791667,-0.046264,-0.114439,0.127112,-0.984178,-1.366912,1.188664,0.089817,0.078223,-0.047600,0.507976,-0.856490,-1.568252,1.161650,0.044577,-0.034832,-0.060160,0.253139,-0.964929,-1.436686,1.070558,0.924323
96,0.800000,-0.026778,-0.106984,0.130645,-0.985276,-1.354181,1.173970,0.087415,0.061584,-0.047776,0.509961,-0.856659,-1.568140,1.161484,0.045513,-0.035036,-0.062368,0.258213,-0.963436,-1.433248,1.067016,0.923430
97,0.808333,-0.023250,-0.103666,0.138129,-0.984700,-1.340764,1.158161,0.085850,0.061695,-0.052081,0.509370,-0.856752,-1.568438,1.161240,0.045916,-0.034731,-0.066281,0.260897,-0.962462,-1.429857,1.063705,0.923651
98,0.816667,-0.016917,-0.095769,0.139607,-0.985420,-1.327542,1.143267,0.084596,0.056637,-0.051541,0.507718,-0.858113,-1.568639,1.161039,0.045874,-0.037787,-0.066786,0.265276,-0.961114,-1.426692,1.060191,0.922945
99,0.825000,-0.016940,-0.087638,0.140146,-0.986099,-1.314070,1.128591,0.083009,0.055316,-0.054723,0.505812,-0.859128,-1.568918,1.160841,0.046305,-0.040721,-0.068937,0.269587,-0.959642,-1.423185,1.056374,0.922403
100,0.833333,-0.011110,-0.081751,0.140776,-0.986598,-1.300200,1.114203,0.081608,0.054326,-0.056501,0.504792,-0.859675,-1.569084,1.160539,0.046433,-0.043919,-0.068516,0.274315,-0.958190,-1.420187,1.053078,0.921245
101,0.841667,-0.004424,-0.071939,0.141909,-0.987252,-1.286239,1.099619,0.080285,0.047937,-0.058988,0.505944,-0.859211,-1.568955,1.160148,0.047133,-0.046967,-0.064756,0.274836,-0.958158,-1.416265,1.048627,0.920727
102,0.850000,-0.001577,-0.062472,0.142861,-0.987768,-1.271986,1.085388,0.079396,0.045673,-0.062272,0.504796,-0.859778,-1.569103,1.159327,0.047852,-0.042673,-0.071064,0.277808,-0.957054,-1.411527,1.046168,0.919679
103,0.858333,0.001251,-0.050790,0.145128,-0.988108,-1.257621,1.071211,0.078259,0.040919,-0.065913,0.503341,-0.860598,-1.569581,1.159273,0.048695,-0.043230,-0.073620,0.276453,-0.957228,-1.406432,1.040910,0.920010
104,0.866667,-0.000596,-0.041509,0.146992,-0.988266,-1.243049,1.057747,0.077871,0.036909,-0.069457,0.502301,-0.861108,-1.569750,1.158930,0.049314,-0.043807,-0.074757,0.278230,-0.956598,-1.401995,1.036929,0.919922
105,0.875000,0.001299,-0.031161,0.150146,-0.988172,-1.228686,1.043905,0.077281,0.040501,-0.075440,0.499930,-0.861823,-1.570004,1.158992,0.049444,-0.043454,-0.077071,0.279559,-0.956043,-1.397290,1.032873,0.919636
106,0.883333,-0.001638,-0.022465,0.152897,-0.987985,-1.214351,1.030483,0.077458,0.043390,-0.085847,0.495960,-0.863001,-1.570450,1.158722,0.050675,-0.044718,-0.082121,0.282066,-0.954827,-1.390985,1.027777,0.919576
107,0.891667,0.004589,-0.014613,0.157452,-0.987408,-1.200172,1.017284,0.077704,0.033744,-0.091158,0.494574,-0.863683,-1.570604,1.158243,0.051875,-0.045636,-0.081904,0.285257,-0.953854,-1.385864,1.023486,0.919745
108,0.900000,0.010935,-0.000054,0.159664,-0.987111,-1.186610,1.004251,0.076446,0.031743,-0.095518,0.494497,-0.863332,-1.570603,1.157791,0.052822,-0.046111,-0.081178,0.288392,-0.952950,-1.380237,1.018047,0.920135
109,0.908333,0.010332,0.010001,0.160365,-0.986953,-1.172698,0.991052,0.077359,0.028007,-0.100895,0.494437,-0.862883,-1.570520,1.157263,0.053865,-0.047990,-0.080769,0.292130,-0.951753,-1.374495,1.012794,0.920600
110,0.916667,0.008867,0.020543,0.164982,-0.986043,-1.159079,0.978571,0.078223,0.024359,-0.106558,0.494102,-0.862505,-1.570527,1.156764,0.054954,-0.049769,-0.081355,0.295655,-0.950522,-1.368440,1.008087,0.921384
111,0.925000,0.012128,0.031861,0.168562,-0.985101,-1.145215,0.966822,0.079066,0.019737,-0.116037,0.491236,-0.863037,-1.570399,1.155461,0.056711,-0.046989,-0.083775,0.299722,-0.949179,-1.361876,1.003305,0.921760
112,0.933333,0.009767,0.040935,0.172127,-0.984175,-1.131959,0.955267,0.080177,0.010199,-0.124585,0.490516,-0.862420,-1.570215,1.154765,0.058495,-0.060120,-0.082038,0.304256,-0.947145,-1.353783,0.994871,0.926079
113,0.941667,0.007601,0.050237,0.176297,-0.983025,-1.119069,0.943694,0.081487,0.000975,-0.132656,0.489989,-0.861575,-1.569927,1.153830,0.060160,-0.061277,-0.086144,0.310855,-0.944560,-1.345989,0.988598,0.926627
114,0.950000,0.006822,0.059588,0.180009,-0.981835,-1.106433,0.932645,0.082516,-0.008152,-0.141967,0.488693,-0.860789,-1.569667,1.152700,0.061924,-0.063943,-0.091803,0.313951,-0.942825,-1.338862,0.984490,0.928874
115,0.958333,0.018465,0.065714,0.184976,-0.980370,-1.093686,0.921529,0.082518,-0.014584,-0.151441,0.486796,-0.860164,-1.569581,1.151823,0.064079,-0.060770,-0.093419,0.316482,-0.942029,-1.331616,0.979796,0.929485
116,0.966667,0.035991,0.071727,0.190384,-0.978424,-1.081556,0.910681,0.082206,-0.025945,-0.163659,0.485704,-0.858274,-1.568698,1.150160,0.066204,-0.059351,-0.097418,0.318016,-0.941198,-1.323726,0.974641,0.930698
117,0.975000,0.034398,0.076623,0.193496,-0.977499,-1.070522,0.900789,0.083314,-0.037703,-0.176752,0.483432,-0.856522,-1.567892,1.148553,0.068497,-0.059406,-0.105352,0.318945,-0.940025,-1.316297,0.969468,0.931934
118,0.983333,0.034601,0.082150,0.195800,-0.976584,-1.060140,0.891575,0.084094,-0.053147,-0.186979,0.478895,-0.856080,-1.567319,1.146537,0.070217,-0.058602,-0.111302,0.318543,-0.939525,-1.308980,0.964538,0.932425
119,0.991667,0.050974,0.087929,0.200934,-0.974318,-1.050026,0.881630,0.083138,-0.063991,-0.200841,0.477842,-0.852781,-1.566410,1.144934,0.072920,-0.061196,-0.112077,0.321011,-0.938427,-1.301675,0.957890,0.934606
120,1.000000,0.062715,0.091356,0.204877,-0.972495,-1.040821,0.872904,0.083063,-0.077399,-0.215931,0.477417,-0.848207,-1.565286,1.143166,0.075579,-0.070932,-0.119819,0.322714,-0.936199,-1.292959,0.951345,0.938508
121,1.008333,0.069834,0.093819,0.208164,-0.971076,-1.032660,0.864626,0.082949,-0.081447,-0.235285,0.472601,-0.845373,-1.563933,1.140750,0.078711,-0.070889,-0.120761,0.325006,-0.935287,-1.284476,0.944693,0.939909
122,1.016667,0.078939,0.095378,0.211719,-0.969457,-1.025422,0.856860,0.082527,-0.093487,-0.250260,0.468103,-0.842324,-1.562975,1.138382,0.081141,-0.077971,-0.111760,0.339845,-0.930557,-1.273920,0.933355,0.945022
123,1.025000,0.087628,0.095737,0.214899,-0.967974,-1.019130,0.849726,0.081951,-0.121605,-0.269080,0.473723,-0.829695,-1.560600,1.136032,0.084185,-0.078427,-0.113802,0.342198,-0.929408,-1.264708,0.926865,0.946553
124,1.033333,0.095534,0.095556,0.219735,-0.966157,-1.014016,0.843206,0.081089,-0.130548,-0.285234,0.471612,-0.824124,-1.559107,1.133458,0.086941,-0.075187,-0.115749,0.344209,-0.928692,-1.255662,0.920474,0.947571
125,1.041667,0.099156,0.095302,0.224912,-0.964624,-1.009998,0.837469,0.079780,-0.140990,-0.299436,0.471494,-0.817406,-1.557147,1.130934,0.089741,-0.071654,-0.117346,0.346332,-0.927982,-1.246319,0.913995,0.948235
126,1.050000,0.101092,0.093377,0.229361,-0.963564,-1.007028,0.832598,0.078093,-0.160373,-0.327044,0.460759,-0.809336,-1.554861,1.126462,0.093049,-0.076713,-0.109844,0.352480,-0.926179,-1.236344,0.905922,0.951285
127,1.058333,0.104601,0.089198,0.232983,-0.962716,-1.005073,0.828405,0.076203,-0.165477,-0.345430,0.457815,-0.802310,-1.552721,1.123402,0.095404,-0.071824,-0.122865,0.353016,-0.924730,-1.226041,0.900234,0.950647
128,1.066667,0.105944,0.084327,0.235710,-0.962344,-1.004271,0.824958,0.073892,-0.175211,-0.362224,0.456200,-0.793711,-1.550059,1.120055,0.097952,-0.068950,-0.126654,0.354298,-0.923947,-1.215961,0.893707,0.950848
129,1.075000,0.106249,0.079069,0.239457,-0.961831,-1.004513,0.822152,0.071212,-0.184239,-0.378611,0.454434,-0.784984,-1.546977,1.116359,0.100417,-0.068127,-0.121236,0.357201,-0.923617,-1.206259,0.886198,0.952685
130,1.083333,0.105097,0.073800,0.244212,-0.961181,-1.005708,0.819980,0.068183,-0.205281,-0.400426,0.451835,-0.770301,-1.543828,1.112360,0.101084,-0.073753,-0.119277,0.360976,-0.921970,-1.196298,0.878253,0.955061
131,1.091667,0.104297,0.068557,0.248546,-0.960545,-1.007681,0.818577,0.064617,-0.212566,-0.418201,0.447385,-0.761426,-1.540429,1.108203,0.103261,-0.068685,-0.125833,0.360989,-0.921486,-1.186161,0.871752,0.953656
132,1.100000,0.099657,0.061873,0.253313,-0.960246,-1.009919,0.818102,0.061156,-0.219229,-0.435093,0.444540,-0.751676,-1.537227,1.104201,0.105555,-0.065980,-0.128515,0.361471,-0.921124,-1.176182,0.865383,0.952715
133,1.108333,0.095539,0.055447,0.256972,-0.960085,-1.011665,0.817614,0.057973,-0.225948,-0.452897,0.440283,-0.741608,-1.533787,1.100011,0.108426,-0.064685,-0.127919,0.362451,-0.920914,-1.166342,0.858792,0.951979
134,1.116667,0.085755,0.047230,0.257957,-0.961183,-1.012264,0.816910,0.056092,-0.233059,-0.469302,0.436226,-0.731536,-1.530132,1.095711,0.111982,-0.063179,-0.128553,0.362704,-0.920830,-1.156491,0.852605,0.950656
135,1.125000,0.071750,0.042689,0.259454,-0.962140,-1.011941,0.815520,0.054802,-0.227535,-0.488407,0.429135,-0.724934,-1.525694,1.090706,0.117706,-0.063191,-0.128588,0.363120,-0.920660,-1.146850,0.846735,0.949040
136,1.133333,0.060898,0.034970,0.258726,-0.963395,-1.010561,0.814300,0.053447,-0.234433,-0.510531,0.419708,-0.712913,-1.521635,1.086581,0.122551,-0.063750,-0.127461,0.363365,-0.920682,-1.137289,0.840823,0.947347
137,1.141667,0.049811,0.028224,0.262638,-0.963194,-1.009497,0.812546,0.052429,-0.235789,-0.528994,0.411869,-0.703515,-1.516531,1.080950,0.128953,-0.065172,-0.124208,0.364235,-0.920683,-1.127880,0.834775,0.945834
138,1.150000,0.036353,0.020924,0.265661,-0.963154,-1.008754,0.810976,0.051212,-0.238997,-0.561712,0.392719,-0.687846,-1.511295,1.075392,0.135669,-0.065831,-0.120344,0.363908,-0.921279,-1.119021,0.829063,0.943633
139,1.158333,0.023851,0.016925,0.272780,-0.961632,-1.008481,0.809138,0.050678,-0.243297,-0.582621,0.383253,-0.674149,-1.504937,1.068636,0.143087,-0.062892,-0.116703,0.362265,-0.922599,-1.110389,0.824128,0.940094
140,1.166667,0.016879,0.008772,0.272239,-0.962041,-1.008264,0.808901,0.048784,-0.238777,-0.595102,0.384382,-0.664145,-1.497599,1.060081,0.151878,-0.060995,-0.121661,0.359167,-0.923297,-1.101564,0.818966,0.935652
141,1.175000,0.000505,0.002071,0.271786,-0.962355,-1.007932,0.808228,0.047559,-0.232435,-0.610146,0.380311,-0.655027,-1.488888,1.051027,0.159340,-0.061888,-0.116847,0.357535,-0.924492,-1.093275,0.813513,0.932506
142,1.183333,-0.009416,-0.000326,0.268457,-0.963246,-1.007696,0.808134,0.046568,-0.209883,-0.614856,0.373395,-0.662177,-1.478797,1.040281,0.166334,-0.062994,-0.111096,0.354803,-0.926177,-1.085392,0.807997,0.928955
143,1.191667,-0.018174,-0.000887,0.266577,-0.963642,-1.007590,0.807865,0.045739,-0.195684,-0.610812,0.374611,-0.669540,-1.466911,1.027101,0.173214,-0.064287,-0.102547,0.352994,-0.927764,-1.077782,0.802394,0.924998
144,1.200000,-0.021595,-0.001519,0.266993,-0.963455,-1.007646,0.807601,0.045067,-0.175875,-0.611866,0.372217,-0.675383,-1.453967,1.013327,0.179903,-0.063519,-0.087582,0.351917,-0.929758,-1.070292,0.797089,0.920373
145,1.208333,-0.026420,0.002197,0.270749,-0.962285,-1.008491,0.806805,0.045109,-0.169558,-0.613077,0.376175,-0.673705,-1.438830,0.998055,0.186185,-0.063802,-0.068881,0.351352,-0.931524,-1.062876,0.791438,0.916274
146,1.216667,-0.028691,0.003723,0.271655,-0.961960,-1.008442,0.806324,0.045022,-0.157616,-0.613320,0.376753,-0.676057,-1.423109,0.982243,0.191719,-0.065153,-0.061708,0.349443,-0.932651,-1.054876,0.785666,0.911962
147,1.225000,-0.029815,0.003357,0.270345,-0.962296,-1.008108,0.806063,0.044807,-0.144840,-0.612027,0.376841,-0.680026,-1.406418,0.965817,0.196286,-0.067924,-0.057888,0.346728,-0.933710,-1.046819,0.779998,0.907721
148,1.233333,-0.030906,0.001679,0.269823,-0.962412,-1.007997,0.805757,0.044593,-0.125111,-0.609112,0.370674,-0.689877,-1.389320,0.949062,0.199720,-0.070713,-0.053237,0.344834,-0.934481,-1.038762,0.773995,0.903291
149,1.241667,-0.031198,0.000186,0.271240,-0.962006,-1.008105,0.805643,0.044632,-0.103996,-0.605012,0.362612,-0.701183,-1.371136,0.931255,0.202400,-0.070134,-0.047250,0.344426,-0.934997,-1.029285,0.767950,0.898308
150,1.250000,-0.034738,0.000875,0.271724,-0.961748,-1.008246,0.805545,0.044597,-0.080756,-0.600920,0.353565,-0.712296,-1.351344,0.913228,0.204454,-0.072937,-0.042205,0.343704,-0.935290,-1.020865,0.761740,0.894319
151,1.258333,-0.037921,0.000761,0.271505,-0.961689,-1.008475,0.805347,0.044540,-0.089286,-0.591795,0.363685,-0.713821,-1.329341,0.894191,0.206113,-0.078258,-0.032501,0.340823,-0.936301,-1.012758,0.755747,0.891974
152,1.266667,-0.040807,-0.000516,0.270223,-0.961933,-1.008629,0.805333,0.044406,-0.094626,-0.584701,0.366963,-0.717293,-1.306812,0.874431,0.207257,-0.078167,-0.025063,0.339395,-0.937055,-1.003898,0.749768,0.888556
153,1.275000,-0.043585,-0.001631,0.269001,-0.962152,-1.008778,0.805343,0.044340,-0.092239,-0.575043,0.365167,-0.726271,-1.283966,0.854253,0.207035,-0.076875,-0.021751,0.335463,-0.938660,-0.995997,0.744125,0.884892
154,1.283333,-0.046457,-0.002487,0.268912,-0.962041,-1.008923,0.805167,0.044309,-0.096112,-0.560321,0.364419,-0.737565,-1.260211,0.834310,0.206577,-0.074404,-0.020553,0.332218,-0.940039,-0.987100,0.738429,0.881092
155,1.291667,-0.046901,-0.004210,0.266931,-0.962564,-1.009168,0.804749,0.044455,-0.084040,-0.542631,0.355164,-0.756537,-1.236952,0.814175,0.204563,-0.071778,-0.017533,0.327357,-0.942007,-0.978777,0.732781,0.877953
156,1.300000,-0.053091,-0.003212,0.266595,-0.962340,-1.009372,0.805105,0.044137,-0.090757,-0.534442,0.356206,-0.761086,-1.211556,0.792748,0.202831,-0.070857,-0.016437,0.323010,-0.943596,-0.970604,0.727013,0.874920
157,1.308333,-0.055051,-0.004112,0.265296,-0.962585,-1.009611,0.805059,0.044154,-0.088797,-0.521532,0.361122,-0.767926,-1.186104,0.771654,0.199372,-0.070312,-0.016407,0.317997,-0.945338,-0.962185,0.720688,0.871690
158,1.316667,-0.057237,-0.004533,0.264583,-0.962652,-1.009744,0.804921,0.044188,-0.084889,-0.504062,0.360737,-0.780118,-1.161507,0.750069,0.196491,-0.068386,-0.012585,0.313029,-0.947195,-0.953561,0.714597,0.869521
159,1.325000,-0.048907,-0.005895,0.262182,-0.963760,-1.009493,0.804226,0.044177,-0.090274,-0.477578,0.376567,-0.788649,-1.133821,0.728332,0.192131,-0.068008,-0.012621,0.308165,-0.948815,-0.945387,0.708228,0.866795
160,1.333333,-0.048849,-0.007558,0.261205,-0.964017,-1.009586,0.804166,0.044282,-0.075581,-0.460649,0.378480,-0.799276,-1.107367,0.706755,0.187252,-0.064833,-0.009817,0.303206,-0.950666,-0.936630,0.701651,0.865538
161,1.341667,-0.048605,-0.009637,0.260382,-0.964233,-1.009817,0.804058,0.044331,-0.066464,-0.438206,0.384565,-0.809733,-1.079973,0.684681,0.181803,-0.063162,-0.009171,0.297050,-0.952726,-0.927727,0.695142,0.864182
162,1.350000,-0.054874,-0.009289,0.261836,-0.963506,-1.010154,0.804244,0.044073,-0.060699,-0.415942,0.393932,-0.817389,-1.052273,0.662774,0.176335,-0.059193,-0.007897,0.290586,-0.954984,-0.918408,0.687898,0.863375
163,1.358333,-0.060403,-0.011712,0.259643,-0.963743,-1.009955,0.804277,0.043912,-0.048782,-0.393255,0.401551,-0.825668,-1.024635,0.640737,0.170507,-0.055466,-0.009516,0.285894,-0.956607,-0.909514,0.680589,0.862985
164,1.366667,-0.058103,-0.015243,0.258453,-0.964154,-1.010319,0.804033,0.044231,-0.039145,-0.370107,0.407413,-0.833968,-0.996304,0.618243,0.165042,-0.050572,-0.009891,0.280434,-0.958489,-0.899815,0.673167,0.863279
165,1.375000,-0.061052,-0.018928,0.256184,-0.964512,-1.010626,0.803787,0.044592,-0.022994,-0.355844,0.405856,-0.841503,-0.966543,0.595203,0.159633,-0.047736,-0.013349,0.275699,-0.959965,-0.890315,0.665354,0.863550
166,1.383333,-0.064313,-0.022866,0.253725,-0.964865,-1.011081,0.803601,0.045333,-0.022083,-0.325973,0.420987,-0.846182,-0.937096,0.572624,0.154100,-0.044580,-0.017829,0.271847,-0.961142,-0.880647,0.657879,0.864535
167,1.391667,-0.063386,-0.027197,0.252250,-0.965201,-1.011304,0.803401,0.046008,-0.000260,-0.305986,0.426489,-0.851164,-0.908906,0.549643,0.148059,-0.034954,-0.015950,0.267429,-0.962811,-0.869081,0.649532,0.867633
168,1.400000,-0.061585,-0.032510,0.251289,-0.965404,-1.011423,0.803227,0.046681,0.003020,-0.277561,0.437401,-0.855354,-0.878754,0.526761,0.141678,-0.031746,-0.019046,0.264728,-0.963612,-0.858342,0.640846,0.869632
169,1.408333,-0.059990,-0.038647,0.250706,-0.965429,-1.011537,0.803059,0.047433,0.008205,-0.254694,0.444106,-0.858972,-0.849417,0.503638,0.136304,-0.031422,-0.023500,0.264962,-0.963460,-0.846754,0.631363,0.871542
170,1.416667,-0.056234,-0.045889,0.250541,-0.965381,-1.011529,0.802784,0.048205,0.016170,-0.230384,0.451557,-0.861834,-0.820229,0.480667,0.130960,-0.028762,-0.037160,0.264576,-0.963219,-0.835784,0.622285,0.872612
171,1.425000,-0.051583,-0.055444,0.251422,-0.964910,-1.011113,0.802296,0.048850,0.023203,-0.204275,0.460045,-0.863766,-0.791026,0.457633,0.125617,-0.025922,-0.040456,0.262881,-0.963631,-0.823689,0.612623,0.875417
172,1.433333,-0.046041,-0.070395,0.251118,-0.964295,-1.010857,0.801724,0.050809,0.031169,-0.178295,0.466429,-0.865843,-0.761864,0.434463,0.120669,-0.020400,-0.044252,0.262224,-0.963776,-0.811600,0.602840,0.879813
173,1.441667,-0.046195,-0.084478,0.253357,-0.962569,-1.009851,0.801611,0.053148,0.034766,-0.150265,0.469947,-0.869116,-0.732481,0.411488,0.115724,-0.020065,-0.048782,0.262568,-0.963471,-0.799184,0.592971,0.883417
174,1.450000,-0.049267,-0.099933,0.256272,-0.960162,-1.008524,0.801673,0.056076,0.027366,-0.124943,0.475687,-0.870266,-0.702899,0.388466,0.111624,-0.015707,-0.053119,0.263345,-0.963110,-0.787500,0.582319,0.888591
175,1.458333,-0.060015,-0.115481,0.258947,-0.957084,-1.006686,0.802254,0.059795,0.031888,-0.097942,0.474701,-0.874099,-0.673890,0.365467,0.107228,-0.005148,-0.050185,0.261100,-0.963992,-0.773973,0.571323,0.894204
176,1.466667,-0.061797,-0.134285,0.262269,-0.953606,-1.004735,0.801620,0.063208,0.038295,-0.072548,0.472607,-0.877447,-0.645209,0.342835,0.103365,-0.001252,-0.056454,0.260527,-0.963814,-0.761480,0.560460,0.900020
177,1.475000,-0.076936,-0.150862,0.261748,-0.950163,-1.002010,0.801588,0.068422,0.043838,-0.047346,0.468583,-0.881060,-0.616948,0.320514,0.100015,-0.000496,-0.061640,0.260204,-0.963584,-0.748693,0.549453,0.905798
178,1.483333,-0.064696,-0.202559,0.248462,-0.945014,-1.000238,0.799361,0.073172,0.048498,-0.021492,0.462333,-0.885118,-0.589426,0.299028,0.097385,0.000357,-0.065220,0.259347,-0.963579,-0.735772,0.538325,0.911636
179,1.491667,-0.051539,-0.241780,0.235299,-0.939958,-0.997276,0.796682,0.078937,0.051798,0.004233,0.456009,-0.888457,-0.562679,0.278644,0.095391,-0.004224,-0.068086,0.259165,-0.963421,-0.722362,0.526936,0.916968
180,1.500000,-0.058686,-0.275952,0.228421,-0.931789,-0.994321,0.795206,0.084881,0.056844,0.030520,0.446893,-0.892258,-0.537117,0.258941,0.094057,-0.007129,-0.071502,0.258032,-0.963460,-0.709180,0.515498,0.921985
181,1.508333,-0.065493,-0.316425,0.221375,-0.920097,-0.991652,0.793682,0.090607,0.056840,0.055490,0.438457,-0.895235,-0.513268,0.240616,0.093680,-0.008812,-0.075087,0.256862,-0.963486,-0.695751,0.503974,0.927030
182,1.516667,-0.072583,-0.354683,0.210456,-0.908097,-0.988968,0.791601,0.097173,0.059498,0.077719,0.429796,-0.897605,-0.491571,0.223924,0.093507,-0.009056,-0.079693,0.255412,-0.963500,-0.682200,0.492300,0.932125
183,1.525000,-0.076908,-0.391560,0.200727,-0.894692,-0.986841,0.788884,0.104468,0.056889,0.096025,0.422617,-0.899410,-0.472334,0.209105,0.093761,-0.012268,-0.082453,0.254137,-0.963569,-0.668463,0.480499,0.936440
184,1.533333,-0.077453,-0.425175,0.184507,-0.882714,-0.984055,0.786871,0.112605,0.059448,0.108207,0.419584,-0.899281,-0.455672,0.195413,0.093521,-0.015685,-0.084798,0.252734,-0.963685,-0.654850,0.468777,0.940030
185,1.541667,-0.073981,-0.451788,0.167882,-0.873058,-0.980027,0.784455,0.122037,0.060593,0.119484,0.417331,-0.898825,-0.441753,0.183625,0.092930,-0.020181,-0.085525,0.252215,-0.963673,-0.641109,0.456947,0.943471
186,1.550000,-0.071495,-0.474524,0.154861,-0.863559,-0.975056,0.780938,0.131622,0.065823,0.128273,0.418416,-0.896740,-0.430518,0.173605,0.091648,-0.022143,-0.086014,0.251443,-0.963788,-0.627211,0.445385,0.946227
187,1.558333,-0.081829,-0.485228,0.154251,-0.856776,-0.968075,0.775893,0.141794,0.071443,0.132399,0.419441,-0.895230,-0.421903,0.165495,0.089817,-0.024434,-0.086930,0.251404,-0.963661,-0.613411,0.433821,0.948501
188,1.566667,-0.094056,-0.496229,0.147798,-0.850333,-0.959834,0.770830,0.152133,0.070269,0.132791,0.419573,-0.895202,-0.415623,0.159267,0.087308,-0.021859,-0.083283,0.250779,-0.964207,-0.598846,0.422227,0.950830
189,1.575000,-0.103039,-0.514432,0.142267,-0.839347,-0.951503,0.764857,0.161093,0.083667,0.131971,0.420750,-0.893618,-0.411785,0.154084,0.083223,-0.021738,-0.084046,0.251254,-0.964020,-0.584809,0.410820,0.952123
190,1.583333,-0.101469,-0.537567,0.130685,-0.826830,-0.942776,0.758771,0.168721,0.086241,0.129310,0.420369,-0.893941,-0.408638,0.150913,0.078779,-0.022985,-0.085302,0.252605,-0.963528,-0.571141,0.399489,0.951816
191,1.591667,-0.106485,-0.551063,0.128061,-0.817674,-0.932041,0.751302,0.177049,0.083808,0.125650,0.418728,-0.895464,-0.406795,0.149329,0.073452,-0.028567,-0.091316,0.256814,-0.961713,-0.558499,0.388692,0.949347
192,1.600000,-0.112316,-0.556419,0.130085,-0.812934,-0.919590,0.742785,0.185869,0.078679,0.119379,0.416925,-0.897626,-0.405890,0.148746,0.067241,-0.029718,-0.088919,0.259532,-0.961173,-0.545154,0.377842,0.947425
193,1.608333,-0.153328,-0.550248,0.162296,-0.804598,-0.904142,0.731395,0.195918,0.072692,0.110829,0.414279,-0.900447,-0.405558,0.149020,0.060294,-0.026670,-0.090203,0.262032,-0.960464,-0.532440,0.366898,0.945085
194,1.616667,-0.159669,-0.558478,0.166275,-0.796844,-0.888200,0.721184,0.204652,0.067937,0.095010,0.414441,-0.902550,-0.406150,0.149739,0.053265,-0.023798,-0.089585,0.264352,-0.959962,-0.518642,0.355994,0.942609
195,1.625000,-0.167177,-0.570685,0.168675,-0.786078,-0.872890,0.710203,0.212724,0.064645,0.071475,0.414468,-0.904947,-0.406053,0.150281,0.047375,-0.021455,-0.089470,0.267312,-0.959207,-0.505006,0.345151,0.939098
196,1.633333,-0.170227,-0.581172,0.172402,-0.776878,-0.856574,0.698623,0.220265,0.069970,0.046657,0.417948,-0.904570,-0.405206,0.150132,0.044176,-0.020212,-0.076409,0.270558,-0.959454,-0.491562,0.334567,0.934145
197,1.641667,-0.165697,-0.589358,0.173342,-0.771462,-0.839372,0.686107,0.227177,0.071247,0.029368,0.420322,-0.904097,-0.403142,0.149276,0.042526,-0.018730,-0.072357,0.274739,-0.958609,-0.479254,0.324108,0.929459
198,1.650000,-0.162319,-0.598179,0.178886,-0.764090,-0.820517,0.672678,0.233426,0.067051,0.013846,0.420588,-0.904665,-0.400810,0.147891,0.040747,-0.017049,-0.067456,0.280337,-0.957377,-0.467588,0.314224,0.923822
199,1.658333,-0.156116,-0.604522,0.182993,-0.759404,-0.800523,0.658152,0.239717,0.065461,-0.002052,0.418609,-0.905802,-0.398461,0.145984,0.037867,-0.013222,-0.060170,0.285434,-0.956416,-0.456213,0.304473,0.917685
200,1.666667,-0.151774,-0.610221,0.189498,-0.754112,-0.779444,0.642690,0.245336,0.070141,-0.017429,0.422212,-0.903611,-0.397303,0.144130,0.035738,-0.008854,-0.051785,0.290805,-0.955339,-0.444696,0.294941,0.911412
201,1.675000,-0.147345,-0.614040,0.197395,-0.749853,-0.757441,0.626186,0.250320,0.075098,-0.028634,0.426735,-0.900799,-0.396920,0.143654,0.034699,-0.003415,-0.042961,0.296842,-0.953954,-0.433510,0.285821,0.905006
202,1.683333,-0.144416,-0.618540,0.207420,-0.743995,-0.734155,0.608907,0.254580,0.077393,-0.036240,0.428238,-0.899616,-0.396050,0.143486,0.034209,0.001537,-0.036107,0.303654,-0.952097,-0.422613,0.276658,0.898457
203,1.691667,-0.136452,-0.623218,0.212364,-0.740190,-0.710352,0.590771,0.258129,0.077992,-0.039313,0.428642,-0.899243,-0.395408,0.143606,0.034119,0.007819,-0.029298,0.309191,-0.950516,-0.411487,0.267366,0.891963
204,1.700000,-0.128065,-0.622810,0.215596,-0.741097,-0.685563,0.571689,0.260684,0.079016,-0.039774,0.430828,-0.898088,-0.395261,0.144188,0.033788,0.014271,-0.023700,0.314589,-0.948825,-0.400817,0.258407,0.885564
205,1.708333,-0.119031,-0.622918,0.218750,-0.741589,-0.659706,0.552111,0.262334,0.081457,-0.042938,0.431849,-0.897233,-0.395061,0.144567,0.033532,0.021125,-0.020647,0.320545,-0.946773,-0.390058,0.249449,0.879692
206,1.716667,-0.113176,-0.619872,0.223717,-0.743573,-0.633328,0.532066,0.262782,0.084436,-0.045778,0.433776,-0.895887,-0.394993,0.144733,0.033271,0.025167,-0.019555,0.326164,-0.944776,-0.379013,0.240172,0.874523
207,1.725000,-0.107760,-0.614672,0.229892,-0.746804,-0.606149,0.511514,0.262010,0.085214,-0.048901,0.435111,-0.895001,-0.394872,0.144862,0.033049,0.027390,-0.022465,0.331099,-0.942931,-0.367805,0.230858,0.870133
208,1.733333,-0.101734,-0.606520,0.235891,-0.752422,-0.578495,0.490473,0.259984,0.086928,-0.052608,0.436795,-0.893804,-0.394884,0.144843,0.032819,0.026790,-0.027633,0.334517,-0.941603,-0.356429,0.220834,0.865970
209,1.741667,-0.096491,-0.595088,0.241344,-0.760468,-0.550377,0.469121,0.256601,0.088687,-0.054791,0.438464,-0.892683,-0.394729,0.144864,0.032756,0.024284,-0.029561,0.337703,-0.940475,-0.344841,0.211158,0.862297
210,1.750000,-0.090734,-0.581863,0.245727,-0.769949,-0.521593,0.447277,0.252052,0.088549,-0.056541,0.440566,-0.891551,-0.394615,0.145008,0.032761,0.019999,-0.028499,0.341891,-0.939094,-0.333921,0.201139,0.859375
211,1.758333,-0.085712,-0.565422,0.249435,-0.781495,-0.492014,0.425068,0.246261,0.088087,-0.058663,0.442633,-0.890435,-0.394553,0.145175,0.032756,0.016097,-0.027795,0.344283,-0.938316,-0.321675,0.191730,0.857622
212,1.766667,-0.083495,-0.547629,0.254574,-0.792668,-0.462393,0.402759,0.239160,0.087984,-0.060690,0.444648,-0.889305,-0.394542,0.145339,0.032757,0.013590,-0.030395,0.346944,-0.937295,-0.309399,0.182310,0.855795
213,1.775000,-0.081948,-0.526321,0.260785,-0.805147,-0.432285,0.379904,0.230973,0.086745,-0.062951,0.446638,-0.888272,-0.394511,0.145529,0.032853,0.011379,-0.031013,0.350261,-0.936069,-0.297040,0.172783,0.854530
214,1.783333,-0.081326,-0.502613,0.265239,-0.818788,-0.401139,0.357151,0.222052,0.086859,-0.065344,0.449074,-0.886859,-0.394392,0.145713,0.032945,0.006824,-0.031228,0.353795,-0.934777,-0.284776,0.163325,0.854367
215,1.791667,-0.077455,-0.479327,0.270287,-0.831379,-0.369930,0.333627,0.212639,0.086561,-0.068498,0.451633,-0.885349,-0.394151,0.145944,0.033129,0.001030,-0.038032,0.357966,-0.932959,-0.273031,0.153940,0.853515
216,1.800000,-0.067208,-0.455054,0.270342,-0.845768,-0.338694,0.309672,0.202057,0.082782,-0.071541,0.454597,-0.883952,-0.393728,0.146184,0.033544,0.000574,-0.028567,0.361673,-0.931867,-0.258574,0.143815,0.857200
217,1.808333,-0.060747,-0.425145,0.272707,-0.860925,-0.306068,0.285810,0.190989,0.077575,-0.074541,0.457503,-0.882676,-0.393262,0.146300,0.034113,0.002163,-0.033324,0.362540,-0.931370,-0.243788,0.133812,0.860110
218,1.816667,-0.052664,-0.394596,0.279726,-0.873656,-0.273502,0.260858,0.179941,0.075480,-0.078742,0.459575,-0.881415,-0.392913,0.146533,0.034596,-0.001545,-0.035561,0.366069,-0.929907,-0.229677,0.123704,0.863199
219,1.825000,-0.041835,-0.362744,0.282322,-0.887108,-0.239991,0.235970,0.169147,0.070205,-0.083865,0.461265,-0.880496,-0.392599,0.146816,0.035438,-0.000933,-0.032131,0.368309,-0.929147,-0.215236,0.112922,0.867623
220,1.833333,-0.035274,-0.335333,0.285444,-0.897123,-0.206218,0.211066,0.158009,0.070487,-0.090799,0.464057,-0.878316,-0.391702,0.147118,0.035957,-0.004310,-0.032831,0.370113,-0.928397,-0.200049,0.102491,0.871813
221,1.841667,-0.028709,-0.301509,0.293862,-0.906594,-0.172007,0.185379,0.147493,0.067801,-0.099278,0.466274,-0.876434,-0.390872,0.147468,0.037279,-0.016875,-0.037573,0.372486,-0.927124,-0.185660,0.091914,0.876247
222,1.850000,-0.019035,-0.272321,0.296339,-0.915239,-0.137202,0.159785,0.137252,0.062475,-0.113556,0.465817,-0.875338,-0.390047,0.147591,0.039178,-0.018655,-0.043783,0.371995,-0.927014,-0.169137,0.080701,0.881086
223,1.858333,0.002958,-0.246682,0.296794,-0.922525,-0.101149,0.132627,0.127951,0.055245,-0.129768,0.464763,-0.874130,-0.389281,0.147519,0.042074,-0.024667,-0.044383,0.373106,-0.926398,-0.153504,0.069708,0.886492
224,1.866667,0.014465,-0.219997,0.296581,-0.929210,-0.064768,0.106298,0.118623,0.044998,-0.147533,0.463336,-0.872657,-0.388255,0.147077,0.045440,-0.024386,-0.044015,0.373121,-0.926417,-0.138210,0.057903,0.890903
225,1.875000,0.022101,-0.187122,0.297863,-0.935828,-0.028571,0.080258,0.109201,0.039032,-0.170205,0.459767,-0.870701,-0.386925,0.146152,0.048727,-0.029782,-0.045316,0.372849,-0.926306,-0.122352,0.046463,0.896753
226,1.883333,0.032949,-0.154678,0.299113,-0.941021,0.008120,0.053945,0.100962,0.029390,-0.195160,0.454535,-0.868589,-0.385669,0.144911,0.053182,-0.025924,-0.038699,0.374473,-0.926067,-0.104650,0.035370,0.902560
227,1.891667,0.042703,-0.126285,0.297232,-0.945453,0.045322,0.028285,0.092994,0.004630,-0.222214,0.450312,-0.864765,-0.383877,0.143234,0.058652,-0.015870,-0.046545,0.372202,-0.926848,-0.087563,0.024418,0.905681
228,1.900000,0.051035,-0.092879,0.298357,-0.948553,0.082637,0.001791,0.086343,-0.015044,-0.247974,0.446992,-0.859349,-0.381816,0.141272,0.063893,-0.016454,-0.049817,0.372030,-0.926737,-0.070910,0.013634,0.911557
229,1.908333,0.055913,-0.059087,0.297073,-0.951383,0.120100,-0.024615,0.080974,-0.032657,-0.283504,0.441265,-0.850790,-0.378538,0.138464,0.070214,-0.013919,-0.053314,0.371266,-0.926890,-0.054016,0.003164,0.917029
230,1.916667,0.061976,-0.025239,0.292745,-0.953846,0.157808,-0.050001,0.076713,-0.047221,-0.318517,0.436889,-0.839908,-0.375800,0.136276,0.076895,-0.013775,-0.057147,0.370723,-0.926881,-0.036801,-0.007111,0.923298
231,1.925000,0.074006,0.005276,0.287060,-0.955035,0.194671,-0.074695,0.074481,-0.051482,-0.340507,0.436824,-0.831017,-0.372936,0.133949,0.085956,-0.013002,-0.060577,0.369874,-0.927014,-0.019419,-0.017388,0.929030
232,1.933333,0.089189,0.030314,0.285109,-0.953855,0.230291,-0.098828,0.074426,-0.056003,-0.356924,0.437241,-0.823583,-0.369751,0.131511,0.096409,-0.019664,-0.067704,0.369486,-0.926558,-0.001975,-0.027362,0.935671
233,1.941667,0.102166,0.054978,0.280585,-0.952791,0.264285,-0.121330,0.075633,-0.063261,-0.369713,0.437458,-0.817276,-0.366007,0.129061,0.107741,-0.018790,-0.077219,0.368657,-0.926162,0.015598,-0.037245,0.940617
234,1.950000,0.099322,0.085501,0.271382,-0.953507,0.296576,-0.141997,0.076480,-0.072012,-0.389204,0.436080,-0.808189,-0.362085,0.126351,0.118860,-0.025109,-0.077813,0.367506,-0.926420,0.032638,-0.047681,0.945992
235,1.958333,0.112541,0.108387,0.266438,-0.951104,0.325988,-0.162028,0.078526,-0.076828,-0.409853,0.433268,-0.798997,-0.357535,0.123517,0.130329,-0.027414,-0.080931,0.367497,-0.926091,0.049995,-0.058153,0.949873
236,1.966667,0.116101,0.127414,0.258409,-0.950532,0.352621,-0.179540,0.080703,-0.077713,-0.424904,0.427508,-0.794137,-0.351943,0.120259,0.142998,-0.028477,-0.087628,0.365663,-0.926175,0.067020,-0.068206,0.952691
237,1.975000,0.119076,0.143414,0.250377,-0.950034,0.376419,-0.195500,0.082626,-0.078672,-0.441438,0.421813,-0.788046,-0.345401,0.116535,0.156310,-0.027922,-0.089889,0.363588,-0.926793,0.083779,-0.078114,0.954168
238,1.983333,0.123209,0.154887,0.243289,-0.949547,0.397386,-0.209935,0.083731,-0.081858,-0.458109,0.419382,-0.779458,-0.338197,0.112359,0.170036,-0.027858,-0.093808,0.361265,-0.927314,0.100339,-0.088001,0.954961
239,1.991667,0.128521,0.163046,0.238704,-0.948640,0.415673,-0.222931,0.083885,-0.078312,-0.473468,0.417125,-0.771817,-0.330141,0.107139,0.184207,-0.025761,-0.092772,0.359330,-0.928230,0.116841,-0.098049,0.954546
240,2.000000,0.128399,0.166484,0.233554,-0.949342,0.431756,-0.233650,0.082849,-0.076049,-0.488854,0.418470,-0.761657,-0.320935,0.100746,0.198725,-0.024388,-0.092220,0.356962,-0.929236,0.133122,-0.107997,0.953289
241,2.008333,0.130655,0.167549,0.235311,-0.948412,0.445123,-0.243924,0.080395,-0.065553,-0.506061,0.418257,-0.751443,-0.311426,0.093065,0.212972,-0.022703,-0.088178,0.354896,-0.930461,0.149143,-0.117857,0.951009
242,2.016667,0.131010,0.164838,0.239173,-0.947872,0.456418,-0.252997,0.076457,-0.064754,-0.520025,0.421820,-0.739898,-0.299082,0.084164,0.227561,-0.022916,-0.077740,0.353110,-0.932065,0.164910,-0.127917,0.948900
243,2.025000,0.131090,0.157808,0.244905,-0.947594,0.465590,-0.261143,0.071140,-0.055518,-0.537457,0.419542,-0.729412,-0.285408,0.074215,0.241308,-0.021030,-0.073576,0.350821,-0.933311,0.180762,-0.137571,0.945000
244,2.033333,0.137941,0.141231,0.254729,-0.946647,0.471640,-0.268672,0.064844,-0.043463,-0.552189,0.412577,-0.723173,-0.270976,0.063495,0.254550,-0.019024,-0.064862,0.348719,-0.934787,0.196521,-0.147295,0.940175
245,2.041667,0.135357,0.116818,0.256627,-0.949829,0.475669,-0.274642,0.056701,-0.039238,-0.565146,0.407938,-0.716001,-0.254837,0.051340,0.267158,-0.017512,-0.056610,0.346352,-0.936231,0.212126,-0.156758,0.934581
246,2.050000,0.098917,0.090520,0.254624,-0.957699,0.476840,-0.277315,0.047356,-0.030014,-0.577282,0.398127,-0.712278,-0.237109,0.039113,0.278204,-0.015377,-0.047822,0.344149,-0.937571,0.227695,-0.165761,0.928414
247,2.058333,0.069371,0.048716,0.248139,-0.965008,0.476299,-0.278707,0.040708,-0.025827,-0.589257,0.389355,-0.707469,-0.217536,0.025205,0.288156,-0.013476,-0.037911,0.341131,-0.939154,0.243015,-0.174454,0.921558
248,2.066667,0.036297,0.024343,0.239474,-0.969919,0.476476,-0.279570,0.036213,-0.022531,-0.599181,0.380515,-0.704047,-0.196760,0.010366,0.296544,-0.008544,-0.021694,0.337591,-0.941004,0.257594,-0.182292,0.914516
249,2.075000,0.020277,0.006691,0.240109,-0.970511,0.478342,-0.281686,0.034565,-0.023357,-0.607096,0.373626,-0.700922,-0.173916,-0.005733,0.303248,-0.009469,-0.021067,0.333213,-0.942569,0.272556,-0.190419,0.907500
250,2.083333,-0.010398,-0.001426,0.241290,-0.970396,0.480851,-0.284466,0.032570,-0.029551,-0.611061,0.366922,-0.700784,-0.149967,-0.022720,0.308912,-0.008622,-0.009335,0.330463,-0.943734,0.287049,-0.198677,0.900294
251,2.091667,-0.027060,0.002535,0.246846,-0.968673,0.481495,-0.288007,0.032307,-0.028296,-0.614505,0.359159,-0.701846,-0.125248,-0.040186,0.312220,-0.010469,0.000262,0.325707,-0.945413,0.300781,-0.206573,0.893215
252,2.100000,-0.035442,0.001731,0.248265,-0.968042,0.481492,-0.289572,0.031436,-0.035928,-0.615744,0.355117,-0.702468,-0.099617,-0.058403,0.313877,-0.020533,0.017566,0.320478,-0.946870,0.313989,-0.214486,0.888209
253,2.108333,-0.039077,0.004515,0.244274,-0.968908,0.481367,-0.289402,0.031121,-0.038396,-0.616291,0.350154,-0.704346,-0.073051,-0.077137,0.313902,-0.024705,0.017172,0.312182,-0.949546,0.327444,-0.221949,0.881712
254,2.116667,-0.045431,0.008651,0.244192,-0.968623,0.480776,-0.290033,0.030962,-0.048693,-0.613264,0.350933,-0.705962,-0.045299,-0.096817,0.312240,-0.029627,0.009755,0.305272,-0.951754,0.341411,-0.229780,0.875343
255,2.125000,-0.050886,0.006673,0.246690,-0.967735,0.480720,-0.291035,0.030710,-0.047335,-0.607474,0.344200,-0.714326,-0.017777,-0.116498,0.309502,-0.035644,0.005831,0.299555,-0.953395,0.355753,-0.237241,0.871595
256,2.133333,-0.052855,0.003283,0.245357,-0.967986,0.481039,-0.291229,0.030532,-0.042612,-0.602439,0.337288,-0.722141,0.010239,-0.136365,0.304790,-0.042951,0.011484,0.296962,-0.953854,0.370692,-0.245715,0.870982
257,2.141667,-0.054542,0.002704,0.244595,-0.968086,0.481076,-0.291233,0.030651,-0.035176,-0.594014,0.333268,-0.731329,0.038504,-0.157178,0.298520,-0.045441,0.002068,0.292185,-0.955279,0.385168,-0.252224,0.867890
258,2.150000,-0.054959,0.000203,0.245104,-0.967938,0.481204,-0.291609,0.030507,-0.038996,-0.581755,0.338215,-0.738681,0.068556,-0.178421,0.290667,-0.045827,-0.000800,0.289073,-0.956209,0.399705,-0.259559,0.865746
259,2.158333,-0.054995,-0.004162,0.243168,-0.968415,0.481408,-0.291721,0.030392,-0.033387,-0.570849,0.334494,-0.749087,0.098637,-0.199980,0.282313,-0.050483,0.011740,0.287017,-0.956522,0.413832,-0.266842,0.867845
260,2.166667,-0.054721,-0.007956,0.242748,-0.968512,0.481681,-0.292059,0.030397,-0.028565,-0.553559,0.333479,-0.762593,0.128700,-0.221714,0.272547,-0.046842,0.011062,0.283755,-0.957688,0.427979,-0.272741,0.866754
261,2.175000,-0.053403,-0.010548,0.242369,-0.968656,0.481615,-0.292499,0.030687,-0.017478,-0.534196,0.335416,-0.775774,0.159569,-0.243938,0.261413,-0.041201,0.018286,0.280605,-0.958764,0.441975,-0.279035,0.868613
262,2.183333,-0.052742,-0.013270,0.240658,-0.969085,0.481572,-0.292732,0.030924,-0.010711,-0.512498,0.340816,-0.788084,0.191887,-0.266473,0.249523,-0.039679,0.017560,0.280544,-0.958860,0.455599,-0.286856,0.869651
263,2.191667,-0.050333,-0.016341,0.239349,-0.969490,0.481713,-0.292990,0.031317,-0.002215,-0.488058,0.345430,-0.801544,0.224798,-0.289001,0.236665,-0.036562,0.017029,0.275652,-0.960411,0.469925,-0.294733,0.871727
264,2.200000,-0.047854,-0.021090,0.238590,-0.969711,0.481875,-0.293364,0.031837,0.011830,-0.462456,0.343808,-0.817185,0.258471,-0.311094,0.223193,-0.032051,0.011874,0.272165,-0.961643,0.483537,-0.301424,0.873370
265,2.208333,-0.044369,-0.028025,0.236832,-0.970132,0.481932,-0.293833,0.032530,0.017280,-0.433063,0.349656,-0.830601,0.293792,-0.333683,0.210041,-0.027673,0.010291,0.266284,-0.963442,0.497375,-0.308335,0.876575
266,2.216667,-0.038813,-0.036890,0.233894,-0.970786,0.481990,-0.294398,0.033400,0.014242,-0.398010,0.351071,-0.847428,0.329170,-0.355872,0.196997,-0.023036,0.008311,0.260432,-0.965182,0.510771,-0.315438,0.880552
267,2.225000,-0.033606,-0.047031,0.231400,-0.971140,0.482109,-0.295069,0.034411,0.021117,-0.371952,0.354443,-0.857657,0.365455,-0.378453,0.184567,-0.019947,0.001134,0.255236,-0.966672,0.524422,-0.322898,0.884110
268,2.233333,-0.028318,-0.057576,0.229516,-0.971188,0.482078,-0.295697,0.036090,0.031392,-0.345882,0.353626,-0.868521,0.401783,-0.400141,0.171571,-0.018680,0.001659,0.246795,-0.968886,0.540439,-0.331157,0.888774
269,2.241667,-0.023517,-0.069120,0.227227,-0.971101,0.482334,-0.296230,0.038029,0.028180,-0.309452,0.357757,-0.880599,0.440752,-0.421556,0.159576,-0.014602,0.002040,0.240570,-0.970520,0.555109,-0.338969,0.894870
270,2.250000,-0.020618,-0.081131,0.225363,-0.970672,0.482728,-0.296635,0.040450,0.037856,-0.275611,0.354371,-0.892764,0.478029,-0.442440,0.147805,-0.010801,-0.000623,0.234858,-0.971970,0.569350,-0.346703,0.900873
271,2.258333,-0.017308,-0.096349,0.223772,-0.969713,0.483454,-0.296901,0.043282,0.032181,-0.243326,0.359507,-0.900284,0.517682,-0.463212,0.137042,-0.009438,-0.002840,0.228097,-0.973589,0.584679,-0.354357,0.906443
272,2.266667,-0.012770,-0.115753,0.222169,-0.968028,0.484414,-0.297292,0.046255,0.046542,-0.222974,0.357456,-0.905727,0.558639,-0.484078,0.127523,-0.007114,-0.005418,0.222794,-0.974825,0.599507,-0.361849,0.912886
273,2.275000,-0.007977,-0.133096,0.219788,-0.966393,0.485931,-0.297450,0.050183,0.042843,-0.192739,0.354584,-0.913940,0.598480,-0.504928,0.119034,-0.005040,-0.008538,0.218258,-0.975841,0.614554,-0.370246,0.918870
274,2.283333,-0.001701,-0.158522,0.217302,-0.963145,0.487236,-0.298127,0.053611,0.044697,-0.161606,0.353536,-0.920271,0.638722,-0.524956,0.111221,-0.005104,-0.010847,0.214064,-0.976746,0.629623,-0.378441,0.925346
275,2.291667,0.000701,-0.182125,0.213728,-0.959766,0.489686,-0.298254,0.057087,0.029204,-0.130479,0.364218,-0.921666,0.678427,-0.545285,0.103457,-0.005540,-0.013881,0.210340,-0.977514,0.644787,-0.386849,0.932113
276,2.300000,0.000917,-0.205645,0.210622,-0.955692,0.492250,-0.298473,0.060844,0.005428,-0.088977,0.369162,-0.925080,0.717941,-0.564650,0.095157,-0.004090,-0.014468,0.207308,-0.978160,0.660375,-0.396198,0.938964
277,2.308333,0.002582,-0.228050,0.207832,-0.951206,0.495155,-0.298997,0.064987,0.002016,-0.064496,0.370945,-0.926410,0.758144,-0.584708,0.091365,-0.004520,-0.016280,0.205336,-0.978546,0.675360,-0.404772,0.945970
278,2.316667,0.007518,-0.250732,0.203505,-0.946395,0.498543,-0.299690,0.069340,0.010536,-0.033273,0.365933,-0.929986,0.798600,-0.604917,0.089313,-0.006336,-0.018877,0.202189,-0.979144,0.690927,-0.413246,0.952562
279,2.325000,0.012643,-0.272401,0.198094,-0.941486,0.502439,-0.300521,0.073848,0.011008,0.005633,0.369389,-0.929193,0.836463,-0.623636,0.087776,-0.010108,-0.020591,0.199887,-0.979550,0.706699,-0.421756,0.958372
280,2.333333,0.012764,-0.294009,0.192700,-0.936089,0.506685,-0.301380,0.078355,0.016157,0.028267,0.371649,-0.927802,0.872797,-0.640352,0.087706,-0.012229,-0.022642,0.197452,-0.979975,0.722594,-0.430135,0.963911
281,2.341667,0.013391,-0.313217,0.187482,-0.930896,0.510895,-0.302593,0.083228,0.023157,0.048939,0.372225,-0.926562,0.907535,-0.656313,0.088947,-0.015495,-0.024114,0.194529,-0.980478,0.738352,-0.438578,0.969200
282,2.350000,0.013076,-0.331745,0.182239,-0.925507,0.515144,-0.303857,0.088514,0.023257,0.070799,0.368750,-0.926537,0.941719,-0.670678,0.090040,-0.017842,-0.025424,0.191964,-0.980910,0.754424,-0.447071,0.973498
283,2.358333,0.016666,-0.345393,0.174935,-0.921859,0.519639,-0.305338,0.094912,0.019356,0.094338,0.366496,-0.925422,0.974055,-0.684005,0.091408,-0.020898,-0.026598,0.190015,-0.981198,0.770458,-0.455501,0.977218
284,2.366667,0.016836,-0.357565,0.168900,-0.918334,0.523362,-0.307245,0.101773,0.027514,0.112715,0.366701,-0.923075,1.005858,-0.695776,0.095544,-0.023914,-0.027930,0.188772,-0.981332,0.786524,-0.463988,0.979980
285,2.375000,0.014261,-0.370454,0.161445,-0.914602,0.527473,-0.309276,0.109030,0.038154,0.127419,0.366453,-0.920880,1.035458,-0.706251,0.099258,-0.026119,-0.028987,0.187762,-0.981439,0.802398,-0.472513,0.982090
286,2.383333,0.013538,-0.386256,0.150084,-0.909999,0.531542,-0.311454,0.115976,0.028609,0.147813,0.360703,-0.920449,1.063473,-0.716176,0.100381,-0.028416,-0.029081,0.186535,-0.981607,0.818555,-0.481073,0.983381
287,2.391667,0.009425,-0.404630,0.135641,-0.904316,0.535541,-0.313435,0.123077,0.021007,0.160408,0.352302,-0.921798,1.090078,-0.725223,0.101473,-0.030624,-0.028601,0.186337,-0.981592,0.834407,-0.489829,0.983790
288,2.400000,0.001783,-0.418741,0.117763,-0.900436,0.540235,-0.315378,0.130560,0.010404,0.178291,0.341900,-0.922610,1.114720,-0.733518,0.101447,-0.032779,-0.027763,0.186251,-0.981563,0.850146,-0.498504,0.983183
289,2.408333,-0.007144,-0.428451,0.094103,-0.898623,0.545758,-0.316984,0.138288,-0.005628,0.196709,0.330125,-0.923196,1.139176,-0.741280,0.100592,-0.033249,-0.026356,0.184237,-0.981966,0.865727,-0.507635,0.982197
290,2.416667,-0.022193,-0.436034,0.067806,-0.897097,0.551994,-0.318120,0.146301,-0.006173,0.196339,0.324578,-0.925236,1.160791,-0.748260,0.099559,-0.033395,-0.027252,0.183921,-0.981996,0.881270,-0.516259,0.979617
291,2.425000,-0.039789,-0.439885,0.042263,-0.896176,0.559174,-0.319354,0.154942,-0.009707,0.200025,0.320388,-0.925877,1.180737,-0.754546,0.097713,-0.034905,-0.023606,0.183411,-0.982133,0.896441,-0.524811,0.976706
292,2.433333,-0.057306,-0.444411,0.019840,-0.893768,0.566369,-0.320723,0.163413,-0.013567,0.203934,0.317298,-0.926039,1.199019,-0.760299,0.094623,-0.035763,-0.021554,0.183557,-0.982122,0.911405,-0.533192,0.972684
293,2.441667,-0.070229,-0.448210,0.000406,-0.891166,0.574485,-0.322620,0.171977,-0.016724,0.208032,0.314724,-0.925955,1.215954,-0.765470,0.090569,-0.036365,-0.018373,0.183186,-0.982234,0.926312,-0.541643,0.967935
294,2.450000,-0.087684,-0.454284,-0.015082,-0.886403,0.583854,-0.324961,0.180461,-0.026115,0.214059,0.311443,-0.925473,1.232016,-0.770270,0.085319,-0.037187,-0.014428,0.182803,-0.982340,0.941237,-0.550199,0.962456
295,2.458333,-0.101259,-0.461006,-0.028883,-0.881128,0.593818,-0.327770,0.188457,-0.029473,0.216143,0.312210,-0.924629,1.246403,-0.774755,0.079289,-0.038371,-0.009058,0.182329,-0.982447,0.956313,-0.558456,0.956381
296,2.466667,-0.114105,-0.468034,-0.038490,-0.875467,0.604674,-0.331225,0.196047,-0.031249,0.214779,0.314666,-0.924056,1.259902,-0.778949,0.072594,-0.039740,-0.005043,0.183408,-0.982220,0.970889,-0.566122,0.949405
297,2.475000,-0.132927,-0.468904,-0.040248,-0.872261,0.617300,-0.335466,0.203710,-0.038671,0.206464,0.311540,-0.926725,1.273018,-0.783032,0.064412,-0.039674,0.001492,0.183515,-0.982215,0.985331,-0.574458,0.941988
298,2.483333,-0.148413,-0.478444,-0.042921,-0.864420,0.629844,-0.339701,0.209986,-0.023095,0.181801,0.318948,-0.929886,1.282777,-0.786171,0.055320,-0.039104,0.006888,0.183129,-0.982287,0.999939,-0.582740,0.934034
299,2.491667,-0.163026,-0.484860,-0.038133,-0.858417,0.643158,-0.344852,0.215460,-0.009389,0.119366,0.323492,-0.938625,1.289740,-0.787616,0.042873,-0.037815,0.011981,0.182764,-0.982356,1.014227,-0.591178,0.925529
300,2.500000,-0.178451,-0.492420,-0.026898,-0.851442,0.657600,-0.350662,0.220705,0.002892,0.055085,0.331096,-0.941983,1.292901,-0.788376,0.033954,-0.035325,0.018387,0.182687,-0.982364,1.027900,-0.599561,0.916575
301,2.508333,-0.179858,-0.500713,-0.021265,-0.846455,0.674412,-0.357014,0.225384,0.027063,0.019368,0.334022,-0.941978,1.294868,-0.787881,0.030346,-0.034088,0.026417,0.182808,-0.982202,1.040691,-0.607273,0.906988
302,2.516667,-0.189067,-0.506177,-0.003312,-0.841444,0.691848,-0.364140,0.229250,0.051280,0.000540,0.325330,-0.944209,1.298573,-0.786314,0.027565,-0.029061,0.035456,0.184568,-0.981750,1.052631,-0.614679,0.897904
303,2.525000,-0.182074,-0.508513,0.008736,-0.841539,0.712157,-0.372298,0.232439,0.063918,-0.006355,0.316800,-0.946315,1.300654,-0.783660,0.026773,-0.020777,0.044706,0.188411,-0.980852,1.063733,-0.621507,0.888404
304,2.533333,-0.180674,-0.510672,0.022899,-0.840266,0.733222,-0.380648,0.234353,0.068766,-0.011624,0.316453,-0.946041,1.302983,-0.783465,0.026480,-0.009604,0.047458,0.196077,-0.979392,1.074741,-0.627346,0.879294
305,2.541667,-0.179594,-0.513783,0.038765,-0.838016,0.754596,-0.389328,0.236025,0.073020,-0.018352,0.320387,-0.944290,1.304731,-0.784408,0.026067,0.000189,0.046628,0.204923,-0.977667,1.085666,-0.633183,0.872080
306,2.550000,-0.172551,-0.513570,0.047385,-0.839182,0.777737,-0.398387,0.236196,0.082180,-0.020674,0.318736,-0.944048,1.305878,-0.784488,0.025611,0.009214,0.045934,0.213379,-0.975846,1.096918,-0.639829,0.866439
307,2.558333,-0.168865,-0.512341,0.059081,-0.839941,0.801325,-0.407467,0.235594,0.085031,-0.022221,0.319713,-0.943430,1.306195,-0.784193,0.025216,0.012475,0.042589,0.219942,-0.974503,1.108479,-0.646245,0.861975
308,2.566667,-0.172182,-0.509295,0.073872,-0.839949,0.825402,-0.416091,0.234170,0.088982,-0.023297,0.321153,-0.942550,1.306476,-0.783862,0.025020,0.015600,0.040110,0.226118,-0.973149,1.119976,-0.653374,0.859295
309,2.575000,-0.171275,-0.504875,0.080626,-0.842179,0.850733,-0.426152,0.231566,0.089898,-0.024898,0.321160,-0.942420,1.306674,-0.783608,0.024811,0.016127,0.037447,0.231287,-0.972031,1.130723,-0.660934,0.857849
310,2.583333,-0.163139,-0.497964,0.080143,-0.847936,0.877151,-0.436051,0.227832,0.090722,-0.026781,0.321144,-0.942295,1.306808,-0.783734,0.024806,0.017439,0.039212,0.233293,-0.971459,1.141224,-0.668716,0.857298
311,2.591667,-0.159270,-0.486813,0.085891,-0.854558,0.903784,-0.447443,0.222780,0.092203,-0.027924,0.321937,-0.941847,1.306921,-0.783756,0.024760,0.017695,0.042952,0.235081,-0.970865,1.151516,-0.676219,0.856908
312,2.600000,-0.170793,-0.471678,0.101579,-0.859088,0.930794,-0.457028,0.217511,0.092647,-0.029699,0.322583,-0.941528,1.307028,-0.783699,0.024776,0.017335,0.047801,0.235415,-0.970564,1.161679,-0.683387,0.856767
313,2.608333,-0.160060,-0.460172,0.101917,-0.867315,0.958579,-0.467690,0.211418,0.093227,-0.031703,0.322167,-0.941548,1.307123,-0.783735,0.024915,0.017063,0.052285,0.235794,-0.970245,1.171198,-0.690446,0.856950
314,2.616667,-0.154800,-0.441773,0.101712,-0.877797,0.986892,-0.479652,0.203761,0.094120,-0.033207,0.322179,-0.941403,1.307089,-0.783758,0.024930,0.017470,0.055869,0.235678,-0.970067,1.180482,-0.696903,0.857655
315,2.625000,-0.155890,-0.424119,0.105812,-0.885791,1.015776,-0.490439,0.195726,0.093990,-0.034828,0.322788,-0.941149,1.307151,-0.783781,0.025023,0.017321,0.056508,0.233768,-0.970495,1.190869,-0.702696,0.859359
316,2.633333,-0.146496,-0.400052,0.105377,-0.898550,1.045581,-0.503030,0.187262,0.091886,-0.036510,0.323309,-0.941114,1.307175,-0.783774,0.025156,0.017832,0.058760,0.233875,-0.970326,1.201118,-0.707604,0.861218
317,2.641667,-0.132417,-0.381156,0.103108,-0.909150,1.076069,-0.515298,0.179101,0.090075,-0.037692,0.324142,-0.940956,1.307173,-0.783834,0.025275,0.017684,0.055421,0.236449,-0.969901,1.210764,-0.712611,0.862948
318,2.650000,-0.123411,-0.356344,0.108646,-0.919774,1.106412,-0.528759,0.170404,0.087639,-0.039124,0.325355,-0.940709,1.307182,-0.783908,0.025404,0.017861,0.052127,0.240388,-0.969112,1.220076,-0.717574,0.865020
319,2.658333,-0.122542,-0.330333,0.114611,-0.928831,1.137185,-0.542558,0.161097,0.084908,-0.040224,0.327080,-0.940315,1.307386,-0.783953,0.025587,0.017475,0.052341,0.246908,-0.967467,1.228855,-0.723066,0.868394
320,2.666667,-0.131063,-0.303150,0.122376,-0.935920,1.167129,-0.556268,0.150646,0.081773,-0.040506,0.328593,-0.940053,1.307613,-0.784032,0.025672,0.015995,0.047228,0.251271,-0.966632,1.238210,-0.727345,0.871386
321,2.675000,-0.128741,-0.278377,0.127502,-0.943226,1.199151,-0.571129,0.141020,0.075969,-0.041457,0.329761,-0.940089,1.307744,-0.784157,0.026010,0.013611,0.043658,0.256516,-0.965458,1.247211,-0.732210,0.874470
322,2.683333,-0.130521,-0.252987,0.134448,-0.949150,1.230163,-0.586641,0.130576,0.070858,-0.042989,0.331033,-0.939973,1.307783,-0.784345,0.026407,0.011151,0.040204,0.262911,-0.963918,1.256225,-0.737857,0.878145
323,2.691667,-0.122117,-0.223041,0.134468,-0.957736,1.262755,-0.601912,0.121106,0.066884,-0.045908,0.331576,-0.939934,1.307575,-0.784564,0.026748,0.008242,0.039422,0.267208,-0.962797,1.265547,-0.743107,0.883035
324,2.700000,-0.118197,-0.191977,0.141142,-0.963978,1.295194,-0.618917,0.111418,0.067343,-0.047881,0.333538,-0.939109,1.307652,-0.784775,0.027301,0.006236,0.038943,0.272894,-0.961235,1.274404,-0.749614,0.887457
325,2.708333,-0.108113,-0.171907,0.141960,-0.968817,1.328830,-0.636015,0.101798,0.069341,-0.053200,0.334435,-0.938358,1.307590,-0.784732,0.027886,0.004101,0.043225,0.279544,-0.959151,1.283756,-0.755971,0.892660
326,2.716667,-0.058905,-0.152178,0.140347,-0.976563,1.363685,-0.654919,0.095017,0.065101,-0.054829,0.337986,-0.937295,1.308246,-0.784537,0.028412,0.003229,0.041906,0.281148,-0.958744,1.293229,-0.760006,0.897518
327,2.725000,-0.033038,-0.127939,0.145745,-0.980458,1.397021,-0.672468,0.087493,0.061988,-0.058674,0.339977,-0.936552,1.308523,-0.784236,0.029094,0.001868,0.042948,0.283164,-0.958108,1.303121,-0.764825,0.902689
328,2.733333,-0.014220,-0.100088,0.157982,-0.982253,1.430507,-0.691242,0.080268,0.054142,-0.062028,0.341799,-0.936160,1.308892,-0.783947,0.030173,-0.004160,0.042083,0.285661,-0.957397,1.312520,-0.769777,0.906870
329,2.741667,-0.008425,-0.073097,0.162936,-0.983889,1.464826,-0.709206,0.072822,0.048183,-0.066251,0.343679,-0.935507,1.309243,-0.783917,0.030811,-0.007410,0.041839,0.286129,-0.957249,1.322694,-0.774729,0.911302
330,2.750000,-0.014298,-0.036081,0.168503,-0.984937,1.499002,-0.727414,0.065742,0.032177,-0.070434,0.344954,-0.935420,1.309623,-0.784469,0.032875,-0.012700,0.041396,0.288906,-0.956378,1.331786,-0.779567,0.914998
331,2.758333,-0.026162,-0.000383,0.179709,-0.983372,1.533277,-0.745948,0.061554,0.026746,-0.074618,0.346036,-0.934867,1.310016,-0.784269,0.033588,-0.012331,0.041348,0.290724,-0.955834,1.341578,-0.784558,0.919784
332,2.766667,-0.010603,0.026502,0.182894,-0.982718,1.566823,-0.764890,0.058850,0.028587,-0.082482,0.345148,-0.934480,1.310414,-0.784449,0.034174,-0.015363,0.035898,0.293054,-0.955298,1.350615,-0.789770,0.924580
333,2.775000,0.006576,0.049548,0.182646,-0.981907,1.599794,-0.782654,0.057703,0.024024,-0.089148,0.343918,-0.934450,1.310591,-0.784959,0.035315,-0.014819,0.029834,0.294897,-0.954948,1.360216,-0.794313,0.928879
334,2.783333,0.020342,0.068984,0.176786,-0.981618,1.631966,-0.798804,0.057359,0.012336,-0.093972,0.343270,-0.934442,1.310735,-0.785743,0.037050,-0.014007,0.027837,0.297512,-0.954209,1.370037,-0.799239,0.932182
335,2.791667,0.031620,0.088562,0.174104,-0.980227,1.662746,-0.814258,0.058514,0.003264,-0.099780,0.341563,-0.934542,1.310853,-0.786433,0.038263,-0.012981,0.027452,0.301579,-0.952958,1.379894,-0.804338,0.934798
336,2.800000,0.053788,0.097327,0.163261,-0.980296,1.692385,-0.828388,0.060920,-0.001939,-0.107492,0.339495,-0.934444,1.310964,-0.787401,0.039529,-0.016474,0.030763,0.303936,-0.952053,1.389267,-0.808861,0.937990
337,2.808333,0.070666,0.113281,0.157937,-0.978381,1.719851,-0.841880,0.064212,-0.008204,-0.114301,0.337415,-0.934355,1.311118,-0.788210,0.040826,-0.015705,0.040795,0.306723,-0.950794,1.399652,-0.813605,0.941918
338,2.816667,0.084605,0.128428,0.151844,-0.976367,1.745233,-0.854243,0.068380,-0.014474,-0.119875,0.335998,-0.934091,1.311356,-0.789129,0.042248,-0.012569,0.023573,0.306849,-0.951383,1.410238,-0.818880,0.942950
339,2.825000,0.092388,0.142667,0.144657,-0.974774,1.768619,-0.865666,0.072687,-0.017976,-0.126512,0.333927,-0.933897,1.311579,-0.790574,0.043688,-0.011391,0.027281,0.308441,-0.950784,1.421289,-0.824610,0.946063
340,2.833333,0.102772,0.158754,0.139174,-0.972042,1.789509,-0.876296,0.077734,-0.025594,-0.131194,0.333072,-0.933379,1.311795,-0.791678,0.045304,-0.011592,0.025608,0.309521,-0.950477,1.431725,-0.829503,0.946575
341,2.841667,0.112468,0.171904,0.134957,-0.969323,1.808167,-0.885484,0.082093,-0.029611,-0.136384,0.332658,-0.932664,1.312042,-0.792511,0.046957,-0.016565,0.031264,0.311374,-0.949628,1.441925,-0.834075,0.945337
342,2.850000,0.121934,0.182265,0.133063,-0.966543,1.824551,-0.893862,0.085558,-0.030405,-0.146251,0.331549,-0.931537,1.312289,-0.793659,0.048469,-0.012239,0.027341,0.311827,-0.949667,1.452565,-0.839047,0.945392
343,2.858333,0.133173,0.192084,0.129686,-0.963613,1.838210,-0.900004,0.087930,-0.027141,-0.153954,0.329683,-0.931059,1.312768,-0.794865,0.050292,-0.009120,0.020045,0.310753,-0.950236,1.463636,-0.844910,0.945618
344,2.866667,0.137940,0.197871,0.129330,-0.961818,1.850091,-0.905921,0.088345,-0.033602,-0.161650,0.330409,-0.929285,1.312857,-0.795498,0.051381,-0.006456,0.017599,0.310882,-0.950264,1.474073,-0.849696,0.944156
345,2.875000,0.135083,0.203179,0.135263,-0.960299,1.859483,-0.911788,0.086705,-0.047730,-0.169116,0.333187,-0.926341,1.313121,-0.795868,0.052449,-0.004282,0.015717,0.310276,-0.950507,1.484407,-0.854518,0.941825
346,2.883333,0.135207,0.204242,0.144510,-0.958708,1.867029,-0.917500,0.083470,-0.072952,-0.178492,0.334505,-0.922456,1.314134,-0.796021,0.053111,-0.000746,0.014333,0.310816,-0.950362,1.494478,-0.859136,0.939301
347,2.891667,0.142677,0.199663,0.157852,-0.956483,1.873124,-0.923308,0.078278,-0.081518,-0.186209,0.334813,-0.920099,1.315080,-0.797056,0.054816,-0.000748,0.013707,0.310960,-0.950324,1.504413,-0.863895,0.936144
348,2.900000,0.148041,0.189052,0.168979,-0.955923,1.877686,-0.927376,0.071439,-0.086916,-0.197945,0.335167,-0.917021,1.316064,-0.798263,0.056848,0.001031,0.015008,0.310390,-0.950490,1.514594,-0.868463,0.932644
349,2.908333,0.143411,0.171480,0.178681,-0.958176,1.879633,-0.930534,0.063563,-0.095371,-0.205690,0.336963,-0.913812,1.317137,-0.799451,0.058913,0.003307,0.015984,0.310280,-0.950505,1.524439,-0.873036,0.928729
350,2.916667,0.143990,0.152020,0.185876,-0.960004,1.880895,-0.933780,0.055313,-0.106154,-0.214398,0.339233,-0.909772,1.318180,-0.800516,0.060977,0.005572,0.018212,0.309520,-0.950702,1.534336,-0.877599,0.924611
351,2.925000,0.133541,0.124944,0.181534,-0.966230,1.884807,-0.936502,0.048100,-0.122953,-0.227526,0.341342,-0.903660,1.319810,-0.802264,0.062542,0.007216,0.015807,0.308987,-0.950908,1.544144,-0.881835,0.919943
352,2.933333,0.112096,0.092563,0.170838,-0.974516,1.891495,-0.939440,0.043198,-0.136499,-0.237462,0.342726,-0.898621,1.321134,-0.803707,0.064775,0.007149,0.024866,0.308815,-0.950770,1.554165,-0.885641,0.914351
353,2.941667,0.091831,0.062203,0.163911,-0.980220,1.897288,-0.941476,0.038880,-0.151023,-0.248061,0.343932,-0.892955,1.322018,-0.805397,0.067398,0.006271,0.025334,0.308473,-0.950875,1.563744,-0.888970,0.909197
354,2.950000,0.072216,0.033957,0.162740,-0.983437,1.899311,-0.942878,0.034033,-0.163430,-0.261294,0.343666,-0.887079,1.323882,-0.807461,0.070733,0.002507,0.024402,0.306739,-0.951477,1.572694,-0.892341,0.903803
355,2.958333,0.027972,0.014982,0.159759,-0.986646,1.898792,-0.944705,0.029738,-0.174298,-0.274508,0.341165,-0.881971,1.326490,-0.810095,0.074911,-0.000881,0.031042,0.305219,-0.951776,1.581185,-0.895469,0.899400
356,2.966667,-0.008772,0.012832,0.168869,-0.985516,1.898499,-0.948623,0.028395,-0.180028,-0.287411,0.337714,-0.878028,1.329756,-0.813568,0.080177,-0.009103,0.035797,0.302009,-0.952589,1.589317,-0.898812,0.894341
357,2.975000,-0.032148,0.012738,0.171293,-0.984613,1.898742,-0.950783,0.027335,-0.188021,-0.299505,0.337155,-0.872509,1.333650,-0.817873,0.085861,-0.015683,0.041795,0.298908,-0.953237,1.597048,-0.901637,0.890959
358,2.983333,-0.042237,0.014656,0.168032,-0.984767,1.899505,-0.951203,0.026844,-0.192713,-0.311537,0.332405,-0.869088,1.339288,-0.822908,0.091953,-0.024276,0.039608,0.294686,-0.954464,1.604885,-0.904691,0.887901
359,2.991667,-0.047155,0.018444,0.169932,-0.984154,1.900202,-0.952061,0.026854,-0.178762,-0.329174,0.328296,-0.867127,1.344984,-0.828303,0.099290,-0.031601,0.043900,0.286930,-0.956423,1.611820,-0.906996,0.885992
360,3.000000,-0.052861,0.016573,0.174378,-0.983119,1.900021,-0.953002,0.026423,-0.165708,-0.341972,0.324399,-0.866234,1.350590,-0.834036,0.105304,-0.035986,0.046437,0.280787,-0.957970,1.618624,-0.909704,0.884227
361,3.008333,-0.053906,0.014725,0.173342,-0.983275,1.899961,-0.952904,0.026115,-0.163143,-0.348823,0.324394,-0.863988,1.358543,-0.840418,0.110632,-0.040696,0.048615,0.275772,-0.959130,1.625213,-0.912607,0.884217
362,3.016667,-0.058382,0.016234,0.172273,-0.983184,1.900059,-0.952854,0.026123,-0.146996,-0.355913,0.327915,-0.862664,1.366676,-0.848125,0.115392,-0.047105,0.050955,0.273875,-0.959259,1.631378,-0.915066,0.883100
363,3.025000,-0.059116,0.016726,0.172601,-0.983074,1.900655,-0.952878,0.025932,-0.129697,-0.363454,0.329803,-0.861574,1.375758,-0.856687,0.119668,-0.050206,0.055746,0.271743,-0.959441,1.636972,-0.916853,0.883675
364,3.033333,-0.052193,0.010773,0.171695,-0.983708,1.900818,-0.953012,0.026364,-0.112763,-0.366280,0.331561,-0.862085,1.385467,-0.865612,0.123073,-0.048297,0.055950,0.271262,-0.959663,1.642696,-0.918393,0.883760
365,3.041667,-0.052108,0.009183,0.170479,-0.983940,1.900857,-0.952887,0.026415,-0.100813,-0.368538,0.333477,-0.861864,1.396267,-0.875053,0.126113,-0.045996,0.051724,0.271439,-0.959964,1.648419,-0.920210,0.884133
366,3.050000,-0.048783,0.008674,0.170736,-0.984070,1.900881,-0.953042,0.026665,-0.090644,-0.368942,0.333283,-0.862895,1.407790,-0.884320,0.127864,-0.037054,0.047075,0.270845,-0.960757,1.654069,-0.921894,0.885450
367,3.058333,-0.045127,0.008161,0.171591,-0.984100,1.900975,-0.953043,0.026913,-0.078949,-0.368550,0.332954,-0.864338,1.419775,-0.893993,0.128724,-0.034386,0.048654,0.271493,-0.960595,1.659530,-0.924476,0.888070
368,3.066667,-0.042684,0.007028,0.171161,-0.984293,1.901063,-0.952904,0.027070,-0.071469,-0.365809,0.329570,-0.867444,1.432812,-0.903389,0.128570,-0.033869,0.050467,0.272095,-0.960349,1.664701,-0.926762,0.890892
369,3.075000,-0.040847,0.006004,0.170728,-0.984453,1.901099,-0.952792,0.027203,-0.069046,-0.360960,0.327137,-0.870587,1.446473,-0.912888,0.127706,-0.035614,0.053636,0.272972,-0.959865,1.669657,-0.929215,0.893997
370,3.083333,-0.039695,0.004679,0.170505,-0.984546,1.901138,-0.952697,0.027273,-0.067749,-0.353681,0.324273,-0.874738,1.460765,-0.922443,0.125879,-0.033683,0.050652,0.270896,-0.960685,1.674751,-0.931204,0.896349
371,3.091667,-0.039648,0.003944,0.170209,-0.984602,1.901192,-0.952570,0.027314,-0.063513,-0.346558,0.321773,-0.878821,1.475803,-0.931960,0.123446,-0.035048,0.051565,0.269735,-0.960914,1.679405,-0.933962,0.899788
372,3.100000,-0.039817,0.003867,0.170050,-0.984623,1.901215,-0.952433,0.027360,-0.061048,-0.336285,0.320491,-0.883443,1.491220,-0.941713,0.120241,-0.039571,0.056158,0.268966,-0.960696,1.683005,-0.936732,0.903445
373,3.108333,-0.039950,0.003938,0.170147,-0.984601,1.901206,-0.952289,0.027370,-0.062136,-0.326527,0.321216,-0.886758,1.507220,-0.951401,0.116446,-0.036006,0.056274,0.265227,-0.961869,1.686955,-0.938380,0.905689
374,3.116667,-0.040087,0.003992,0.170117,-0.984600,1.901219,-0.952154,0.027384,-0.055442,-0.316679,0.320839,-0.890900,1.523294,-0.961538,0.112764,-0.025495,0.052607,0.257603,-0.964481,1.692496,-0.940030,0.910720
375,3.125000,-0.040215,0.003943,0.169919,-0.984629,1.901246,-0.952043,0.027403,-0.030114,-0.281407,0.323546,-0.902896,1.540112,-0.972784,0.110164,-0.025510,0.051675,0.255086,-0.965200,1.696014,-0.942742,0.913380
376,3.133333,-0.040190,0.003987,0.169710,-0.984666,1.901286,-0.951966,0.027433,-0.003034,-0.262608,0.325937,-0.908181,1.556542,-0.984765,0.105130,-0.023346,0.048178,0.250675,-0.966590,1.699893,-0.946221,0.916415
377,3.141667,-0.040224,0.003970,0.169925,-0.984628,1.901344,-0.951876,0.027508,0.033461,-0.240278,0.325973,-0.913722,1.573857,-0.996672,0.099555,-0.022234,0.047341,0.246377,-0.967762,1.703424,-0.948424,0.919409
378,3.150000,-0.039613,0.003962,0.169782,-0.984677,1.901412,-0.951863,0.027613,0.006311,-0.221505,0.334841,-0.915848,1.592201,-1.008211,0.095759,-0.019038,0.043876,0.242720,-0.968917,1.706890,-0.950174,0.921586
379,3.158333,-0.041519,0.004678,0.170209,-0.984522,1.901407,-0.951783,0.027504,0.000774,-0.199131,0.341880,-0.918403,1.610720,-1.019186,0.090176,-0.014979,0.038198,0.239140,-0.970118,1.710577,-0.952276,0.923502
380,3.166667,-0.041774,0.004678,0.169888,-0.984567,1.901426,-0.951830,0.027539,0.012452,-0.182997,0.343748,-0.920975,1.628261,-1.031791,0.084720,-0.013391,0.035040,0.235867,-0.971061,1.713550,-0.954879,0.925658
381,3.175000,-0.042483,0.004844,0.169629,-0.984580,1.901408,-0.951920,0.027549,0.010501,-0.165512,0.345057,-0.923814,1.646824,-1.044445,0.079187,-0.012179,0.031771,0.233687,-0.971716,1.716326,-0.957418,0.927555
382,3.183333,-0.050444,0.007295,0.169561,-0.984201,1.901322,-0.951849,0.026914,0.013231,-0.140864,0.348215,-0.926676,1.664504,-1.056794,0.073757,-0.007845,0.032226,0.228703,-0.972931,1.720510,-0.958634,0.930730
383,3.191667,-0.051300,0.007609,0.169205,-0.984216,1.901299,-0.951934,0.026903,0.022537,-0.119428,0.351242,-0.928363,1.682033,-1.068728,0.068437,-0.004967,0.035034,0.222548,-0.974280,1.724652,-0.961054,0.933215
384,3.200000,-0.052225,0.007913,0.168830,-0.984229,1.901273,-0.952040,0.026871,0.009718,-0.097580,0.355095,-0.929673,1.699403,-1.081895,0.064434,-0.003678,0.034821,0.220505,-0.974757,1.727737,-0.963501,0.935109
385,3.208333,-0.053134,0.008253,0.168449,-0.984243,1.901237,-0.952147,0.026846,0.012433,-0.078246,0.356197,-0.931046,1.716693,-1.094822,0.060264,-0.001585,0.033044,0.219050,-0.975153,1.730681,-0.965576,0.936534
386,3.216667,-0.053977,0.008537,0.167972,-0.984276,1.901199,-0.952249,0.026818,0.015361,-0.059353,0.357198,-0.932014,1.733420,-1.108180,0.056658,0.001695,0.031503,0.218321,-0.975367,1.733173,-0.968396,0.937758
387,3.225000,-0.054824,0.008854,0.167936,-0.984232,1.901179,-0.952278,0.026792,0.027474,-0.045282,0.356782,-0.932685,1.749434,-1.121594,0.052989,0.006743,0.029790,0.216569,-0.975789,1.736622,-0.970575,0.938755
388,3.233333,-0.055875,0.009296,0.167732,-0.984204,1.901163,-0.952332,0.026723,0.031097,-0.032428,0.356358,-0.933269,1.765028,-1.134212,0.050461,0.009801,0.028237,0.215077,-0.976139,1.739633,-0.972535,0.939476
389,3.241667,-0.056816,0.009599,0.167540,-0.984180,1.901133,-0.952408,0.026685,0.036409,-0.019305,0.350414,-0.935688,1.780079,-1.146251,0.048623,0.012107,0.027285,0.214741,-0.976215,1.741859,-0.974881,0.940060
390,3.250000,-0.057812,0.009881,0.167388,-0.984145,1.901113,-0.952487,0.026646,0.044230,-0.008499,0.347193,-0.936712,1.793601,-1.158038,0.047382,0.013555,0.026501,0.214498,-0.976271,1.744258,-0.977592,0.940200
391,3.258333,-0.058510,0.010718,0.166650,-0.984220,1.901191,-0.952663,0.026592,0.057444,-0.005504,0.336897,-0.939772,1.806835,-1.169225,0.047705,0.013647,0.025429,0.214212,-0.976361,1.746407,-0.980440,0.940030
392,3.266667,-0.057480,0.008794,0.166984,-0.984243,1.901255,-0.952607,0.026898,0.060598,0.004919,0.326497,-0.943241,1.818677,-1.178413,0.047012,0.013298,0.027722,0.212970,-0.976575,1.749146,-0.983389,0.940390
393,3.275000,-0.058711,0.009014,0.166830,-0.984195,1.901218,-0.952696,0.026874,0.061226,0.020094,0.315451,-0.946751,1.829783,-1.186332,0.046909,0.012361,0.027028,0.211155,-0.977001,1.751868,-0.986129,0.939995
394,3.283333,-0.059848,0.009302,0.166641,-0.984156,1.901182,-0.952794,0.026833,0.059989,0.032578,0.304294,-0.950129,1.839483,-1.191957,0.046101,0.012367,0.025370,0.210888,-0.977103,1.753690,-0.988427,0.939500
395,3.291667,-0.060981,0.009603,0.166486,-0.984110,1.901153,-0.952884,0.026793,0.056757,0.039748,0.289846,-0.954562,1.847657,-1.197072,0.045161,0.012001,0.023876,0.208815,-0.977590,1.755863,-0.990744,0.938917
396,3.300000,-0.061873,0.009793,0.166254,-0.984091,1.901137,-0.952954,0.026773,0.047906,0.044792,0.278198,-0.958282,1.854495,-1.201347,0.044180,0.008738,0.023859,0.204629,-0.978510,1.758669,-0.993554,0.938186
397,3.308333,-0.062642,0.009900,0.166103,-0.984067,1.901114,-0.952995,0.026765,0.042823,0.048108,0.265236,-0.962030,1.859895,-1.204989,0.042946,0.006289,0.024947,0.203088,-0.978822,1.761330,-0.996520,0.938254
398,3.316667,-0.063480,0.010109,0.165892,-0.984047,1.901078,-0.953029,0.026742,0.035573,0.048870,0.254241,-0.965250,1.864131,-1.207758,0.041231,0.002949,0.024806,0.201640,-0.979141,1.763470,-0.999187,0.937967
399,3.325000,-0.064427,0.010643,0.165770,-0.984000,1.901053,-0.953010,0.026683,0.025473,0.047737,0.247050,-0.967491,1.866988,-1.209866,0.039099,0.000020,0.024629,0.200505,-0.979383,1.765331,-1.001646,0.937697
400,3.333333,-0.064809,0.011033,0.165601,-0.983999,1.901023,-0.952968,0.026654,0.015421,0.044240,0.243975,-0.968649,1.868437,-1.211372,0.036530,-0.002710,0.023773,0.199203,-0.979666,1.767141,-1.004097,0.937381
401,3.341667,-0.065080,0.011509,0.165496,-0.983994,1.900977,-0.952884,0.026611,0.004027,0.039627,0.242740,-0.969274,1.868762,-1.211985,0.033755,-0.003946,0.022443,0.197683,-0.980001,1.769157,-1.007411,0.937205
402,3.350000,-0.064911,0.011716,0.165290,-0.984037,1.900921,-0.952801,0.026618,-0.000683,0.029947,0.243879,-0.969343,1.868069,-1.211956,0.030932,-0.008107,0.023260,0.194387,-0.980615,1.771686,-1.009613,0.936486
403,3.358333,-0.064250,0.011621,0.165276,-0.984084,1.900874,-0.952675,0.026670,0.004135,0.018691,0.246695,-0.968904,1.866890,-1.211704,0.028674,-0.013430,0.025512,0.189823,-0.981395,1.773548,-1.011897,0.936037
404,3.366667,-0.063773,0.011499,0.165010,-0.984161,1.900860,-0.952585,0.026718,0.008868,0.011146,0.251005,-0.967881,1.865814,-1.211037,0.027636,-0.016911,0.025818,0.187427,-0.981794,1.775507,-1.014523,0.935105
405,3.375000,-0.063502,0.011356,0.164720,-0.984228,1.900869,-0.952526,0.026765,0.013538,0.004491,0.253825,-0.967145,1.865762,-1.210390,0.027168,-0.019378,0.020472,0.184324,-0.982461,1.777438,-1.017755,0.933651
406,3.383333,-0.063363,0.011151,0.164500,-0.984277,1.900899,-0.952478,0.026810,0.020656,0.001970,0.256556,-0.966307,1.866614,-1.210332,0.026843,-0.022260,0.020576,0.182080,-0.982816,1.779307,-1.020302,0.932797
407,3.391667,-0.062753,0.010607,0.164117,-0.984386,1.900947,-0.952482,0.026931,0.025979,0.002017,0.255152,-0.966550,1.868113,-1.210137,0.026351,-0.024716,0.020669,0.179741,-0.983186,1.781026,-1.022454,0.931971
408,3.400000,-0.062965,0.010510,0.163972,-0.984397,1.900977,-0.952466,0.026953,0.031695,0.001537,0.253284,-0.966872,1.869152,-1.209912,0.025801,-0.025439,0.019822,0.177784,-0.983541,1.782593,-1.024862,0.931638
409,3.408333,-0.062804,0.010311,0.163766,-0.984444,1.900993,-0.952448,0.027013,0.036007,0.001146,0.251402,-0.967212,1.869677,-1.209501,0.025320,-0.028627,0.024015,0.175863,-0.983705,1.784286,-1.026879,0.930608
410,3.416667,-0.062341,0.010058,0.163698,-0.984487,1.900973,-0.952424,0.027088,0.037827,-0.001213,0.249824,-0.967551,1.869951,-1.208920,0.024984,-0.028811,0.025127,0.174960,-0.983833,1.785699,-1.029298,0.930472
411,3.425000,-0.061626,0.009695,0.163557,-0.984560,1.900933,-0.952407,0.027176,0.038421,-0.003926,0.249805,-0.967526,1.870076,-1.208583,0.024737,-0.027943,0.024359,0.173895,-0.984066,1.787277,-1.031818,0.930655
412,3.433333,-0.061237,0.009526,0.163466,-0.984600,1.900887,-0.952366,0.027249,0.038762,-0.005760,0.250109,-0.967424,1.870028,-1.208355,0.024492,-0.026631,0.024209,0.173192,-0.984230,1.788918,-1.034314,0.931055
413,3.441667,-0.061079,0.009355,0.163120,-0.984669,1.900859,-0.952329,0.027305,0.039116,-0.006739,0.250790,-0.967227,1.869992,-1.208445,0.024284,-0.026088,0.023728,0.172743,-0.984336,1.790463,-1.036890,0.931388
414,3.450000,-0.055988,0.007859,0.162335,-0.985115,1.900882,-0.952654,0.027762,0.039799,-0.008410,0.252147,-0.966834,1.869815,-1.208748,0.024079,-0.025335,0.022922,0.172737,-0.984375,1.792026,-1.039556,0.931908
415,3.458333,-0.056145,0.008053,0.162107,-0.985142,1.900827,-0.952588,0.027752,0.038089,-0.008721,0.252685,-0.966759,1.869729,-1.209076,0.024002,-0.024695,0.021609,0.172286,-0.984500,1.793819,-1.042214,0.932371
416,3.466667,-0.056251,0.008197,0.162022,-0.985148,1.900750,-0.952533,0.027783,0.035267,-0.008164,0.252927,-0.966808,1.869636,-1.209391,0.023963,-0.024291,0.021562,0.172086,-0.984546,1.795340,-1.044855,0.932838
417,3.475000,-0.056159,0.008391,0.162099,-0.985140,1.900635,-0.952499,0.027807,0.033174,-0.007775,0.252921,-0.966887,1.869517,-1.209671,0.023933,-0.024313,0.020451,0.171956,-0.984592,1.796972,-1.047598,0.933277
418,3.483333,-0.055576,0.008155,0.161979,-0.985194,1.900567,-0.952479,0.027893,0.032029,-0.007417,0.253075,-0.966888,1.869347,-1.209915,0.023931,-0.023770,0.018653,0.171477,-0.984725,1.798619,-1.050179,0.933706
419,3.491667,-0.055373,0.008103,0.161922,-0.985216,1.900492,-0.952465,0.027952,0.030900,-0.007493,0.253350,-0.966852,1.869197,-1.210123,0.023885,-0.024162,0.017099,0.170940,-0.984837,1.800255,-1.052733,0.933815
420,3.500000,-0.055643,0.008290,0.161930,-0.985197,1.900406,-0.952439,0.027959,0.029865,-0.007343,0.253547,-0.966834,1.869088,-1.210276,0.023837,-0.025270,0.015516,0.169763,-0.985039,1.801867,-1.055265,0.933979
421,3.508333,-0.056285,0.008891,0.162099,-0.985128,1.900319,-0.952429,0.027961,0.028624,-0.007289,0.253613,-0.966855,1.868988,-1.210397,0.023893,-0.026536,0.015114,0.168801,-0.985177,1.803525,-1.057677,0.934204
422,3.516667,-0.056655,0.009049,0.162171,-0.985093,1.900264,-0.952432,0.027958,0.028414,-0.007288,0.253720,-0.966833,1.868949,-1.210424,0.023849,-0.026584,0.016130,0.166807,-0.985499,1.804590,-1.059749,0.934305
423,3.525000,-0.056961,0.009116,0.162121,-0.985083,1.900226,-0.952453,0.027972,0.028742,-0.007348,0.253764,-0.966811,1.868963,-1.210389,0.023801,-0.026439,0.014914,0.165138,-0.985803,1.805634,-1.061968,0.934324
424,3.533333,-0.057258,0.009208,0.162103,-0.985068,1.900208,-0.952463,0.027964,0.029466,-0.007488,0.253823,-0.966773,1.868997,-1.210307,0.023731,-0.025474,0.013102,0.163345,-0.986153,1.806538,-1.064181,0.934467
425,3.541667,-0.057434,0.009157,0.162069,-0.985064,1.900193,-0.952481,0.027961,0.030762,-0.007733,0.253897,-0.966711,1.869072,-1.210198,0.023611,-0.025535,0.011590,0.161685,-0.986444,1.807683,-1.066751,0.934425
