Format Version,1.25,Take Name,stand_026,Take Notes,,Capture Frame Rate,120.000000,Export Frame Rate,120.000000,Capture Start Time,2025-10-30 09.40.34.290 PM,Capture Start Frame,486138,Total Frames in Take,375,Total Exported Frames,375,Rotation Type,Quaternion,Length Units,Meters,Coordinate Space,Global

,Type,Rigid Body,Rigid Body,Rigid Body,Rigid Body,Rigid Body,Rigid Body,Rigid Body,Rigid Body,Rigid Body,Rigid Body,Rigid Body,Rigid Body,Rigid Body,Rigid Body,Rigid Body,Rigid Body,Rigid Body,Rigid Body,Rigid Body,Rigid Body,Rigid Body
,Name,RFoot,RFoot,RFoot,RFoot,RFoot,RFoot,RFoot,LFoot,LFoot,LFoot,LFoot,LFoot,LFoot,LFoot,Waist,Waist,Waist,Waist,Waist,Waist,Waist
,ID,83078AC3B5F211F034C857AE43D8E8B6,83078AC3B5F211F034C857AE43D8E8B6,83078AC3B5F211F034C857AE43D8E8B6,83078AC3B5F211F034C857AE43D8E8B6,83078AC3B5F211F034C857AE43D8E8B6,83078AC3B5F211F034C857AE43D8E8B6,83078AC3B5F211F034C857AE43D8E8B6,9231711FB5F311F034C857AE43D8E8B6,9231711FB5F311F034C857AE43D8E8B6,9231711FB5F311F034C857AE43D8E8B6,9231711FB5F311F034C857AE43D8E8B6,9231711FB5F311F034C857AE43D8E8B6,9231711FB5F311F034C857AE43D8E8B6,9231711FB5F311F034C857AE43D8E8B6,3693159B5F511F034C857AE43D8E8B6,3693159B5F511F034C857AE43D8E8B6,3693159B5F511F034C857AE43D8E8B6,3693159B5F511F034C857AE43D8E8B6,3693159B5F511F034C857AE43D8E8B6,3693159B5F511F034C857AE43D8E8B6,3693159B5F511F034C857AE43D8E8B6
,Parent,,,,,,,,,,,,,,,,,,,,,
,,Rotation,Rotation,Rotation,Rotation,Position,Position,Position,Rotation,Rotation,Rotation,Rotation,Position,Position,Position,Rotation,Rotation,Rotation,Rotation,Position,Position,Position
Frame,Time (Seconds),X,Y,Z,W,X,Y,Z,X,Y,Z,W,X,Y,Z,X,Y,Z,W,X,Y,Z
0,0.000000,-0.016767,-0.046453,-0.987112,-0.152219,1.433750,0.787346,0.050589,0.016252,0.065226,-0.914393,-0.399209,1.535803,1.120211,0.052950,-0.019384,-0.007388,-0.975849,-0.217459,1.458077,0.957215,0.952240
1,0.008333,-0.017537,-0.046376,-0.987126,-0.152068,1.433715,0.787337,0.050503,0.016299,0.065381,-0.914375,-0.399222,1.535798,1.120206,0.052938,-0.018916,-0.007400,-0.975759,-0.217905,1.457982,0.957253,0.952284
2,0.016667,-0.017618,-0.046045,-0.987138,-0.152079,1.433718,0.787297,0.050488,0.016350,0.065391,-0.914357,-0.399259,1.535793,1.120205,0.052941,-0.018619,-0.007394,-0.975674,-0.218311,1.457884,0.957273,0.952356
3,0.025000,-0.017636,-0.045726,-0.987143,-0.152142,1.433720,0.787262,0.050484,0.016211,0.065332,-0.914344,-0.399304,1.535794,1.120199,0.052934,-0.018388,-0.007335,-0.975570,-0.218794,1.457795,0.957268,0.952400
4,0.033333,-0.017684,-0.045557,-0.987134,-0.152245,1.433713,0.787217,0.050483,0.016293,0.065459,-0.914330,-0.399312,1.535788,1.120199,0.052938,-0.018054,-0.007184,-0.975487,-0.219198,1.457681,0.957324,0.952426
5,0.041667,-0.017739,-0.045280,-0.987139,-0.152286,1.433710,0.787179,0.050474,0.016366,0.065465,-0.914321,-0.399328,1.535783,1.120190,0.052942,-0.018026,-0.006990,-0.975381,-0.219678,1.457572,0.957340,0.952409
6,0.050000,-0.017703,-0.045162,-0.987108,-0.152525,1.433685,0.787130,0.050488,0.016385,0.065698,-0.914307,-0.399321,1.535775,1.120193,0.052941,-0.017930,-0.006802,-0.975282,-0.220130,1.457482,0.957365,0.952398
7,0.058333,-0.017720,-0.044731,-0.987109,-0.152650,1.433670,0.787089,0.050485,0.016327,0.065696,-0.914294,-0.399355,1.535770,1.120181,0.052926,-0.017715,-0.006609,-0.975188,-0.220569,1.457391,0.957395,0.952396
8,0.066667,-0.017691,-0.044584,-0.987086,-0.152842,1.433659,0.787044,0.050491,0.016398,0.065702,-0.914282,-0.399379,1.535765,1.120175,0.052933,-0.017500,-0.006477,-0.975085,-0.221043,1.457285,0.957459,0.952426
9,0.075000,-0.017663,-0.044422,-0.987074,-0.152966,1.433644,0.786994,0.050498,0.016427,0.065762,-0.914256,-0.399426,1.535752,1.120174,0.052937,-0.017217,-0.006290,-0.975001,-0.221441,1.457177,0.957542,0.952411
10,0.083333,-0.017638,-0.044152,-0.987065,-0.153110,1.433628,0.786951,0.050503,0.016447,0.065844,-0.914251,-0.399425,1.535753,1.120162,0.052929,-0.016766,-0.006181,-0.974921,-0.221831,1.457124,0.957610,0.952404
11,0.091667,-0.017653,-0.044001,-0.987058,-0.153198,1.433625,0.786919,0.050501,0.016424,0.065947,-0.914248,-0.399415,1.535747,1.120166,0.052931,-0.016485,-0.006076,-0.974852,-0.222162,1.457073,0.957656,0.952422
12,0.100000,-0.017678,-0.043766,-0.987058,-0.153261,1.433622,0.786892,0.050498,0.016504,0.066041,-0.914241,-0.399412,1.535746,1.120170,0.052940,-0.016130,-0.005870,-0.974784,-0.222489,1.457028,0.957726,0.952445
13,0.108333,-0.017020,-0.043666,-0.987023,-0.153586,1.433623,0.786839,0.050577,0.016474,0.066102,-0.914237,-0.399411,1.535750,1.120163,0.052921,-0.015887,-0.005601,-0.974723,-0.222782,1.456995,0.957801,0.952454
14,0.116667,-0.017643,-0.043726,-0.987036,-0.153418,1.433610,0.786858,0.050504,0.016669,0.066301,-0.914228,-0.399392,1.535743,1.120158,0.052939,-0.015476,-0.005363,-0.974660,-0.223089,1.456989,0.957855,0.952488
15,0.125000,-0.017674,-0.043553,-0.987041,-0.153427,1.433608,0.786855,0.050500,0.016688,0.066378,-0.914198,-0.399445,1.535738,1.120144,0.052929,-0.015143,-0.005137,-0.974610,-0.223337,1.456985,0.957944,0.952508
16,0.133333,-0.017670,-0.043549,-0.987037,-0.153461,1.433604,0.786856,0.050505,0.016669,0.066456,-0.914196,-0.399438,1.535739,1.120141,0.052918,-0.014727,-0.004849,-0.974529,-0.223726,1.457008,0.958040,0.952514
17,0.141667,-0.017071,-0.043582,-0.987015,-0.153655,1.433632,0.786814,0.050568,0.016668,0.066601,-0.914180,-0.399451,1.535744,1.120147,0.052920,-0.014430,-0.004669,-0.974486,-0.223936,1.457000,0.958140,0.952538
18,0.150000,-0.016887,-0.043574,-0.987007,-0.153732,1.433635,0.786811,0.050600,0.016750,0.066868,-0.914171,-0.399425,1.535728,1.120150,0.052925,-0.014261,-0.005246,-0.974629,-0.223312,1.457140,0.957677,0.952713
19,0.158333,-0.016935,-0.043493,-0.987021,-0.153660,1.433643,0.786811,0.050582,0.016795,0.066808,-0.914165,-0.399446,1.535722,1.120144,0.052920,-0.014136,-0.005091,-0.974583,-0.223524,1.457158,0.957697,0.952696
20,0.166667,-0.016994,-0.043474,-0.987021,-0.153657,1.433647,0.786808,0.050576,0.016737,0.066825,-0.914133,-0.399520,1.535724,1.120141,0.052921,-0.013995,-0.004971,-0.974562,-0.223624,1.457154,0.957716,0.952672
21,0.175000,-0.017018,-0.043442,-0.987020,-0.153672,1.433646,0.786807,0.050576,0.016873,0.067048,-0.914128,-0.399486,1.535719,1.120142,0.052935,-0.014007,-0.004956,-0.974545,-0.223701,1.457130,0.957752,0.952628
22,0.183333,-0.016976,-0.043388,-0.987027,-0.153644,1.433649,0.786798,0.050566,0.016831,0.067092,-0.914115,-0.399512,1.535716,1.120137,0.052929,-0.013993,-0.004876,-0.974529,-0.223771,1.457107,0.957806,0.952584
23,0.191667,-0.016984,-0.043371,-0.987030,-0.153631,1.433649,0.786791,0.050571,0.016896,0.067162,-0.914114,-0.399499,1.535720,1.120135,0.052934,-0.013493,-0.005237,-0.974499,-0.223924,1.457127,0.957941,0.952558
24,0.200000,-0.016969,-0.043321,-0.987038,-0.153597,1.433653,0.786791,0.050575,0.016879,0.067163,-0.914105,-0.399520,1.535719,1.120129,0.052916,-0.013615,-0.005266,-0.974492,-0.223947,1.457107,0.958001,0.952511
25,0.208333,-0.016977,-0.043244,-0.987042,-0.153592,1.433656,0.786787,0.050576,0.016909,0.067295,-0.914097,-0.399515,1.535722,1.120125,0.052921,-0.013797,-0.005230,-0.974483,-0.223975,1.457099,0.958071,0.952476
26,0.216667,-0.017658,-0.043438,-0.987069,-0.153287,1.433632,0.786821,0.050490,0.016911,0.067397,-0.914078,-0.399541,1.535719,1.120128,0.052916,-0.013877,-0.005242,-0.974482,-0.223976,1.457080,0.958161,0.952448
27,0.225000,-0.017182,-0.043356,-0.987057,-0.153439,1.433644,0.786809,0.050539,0.016876,0.067418,-0.914086,-0.399520,1.535722,1.120130,0.052914,-0.014004,-0.005280,-0.974487,-0.223944,1.457063,0.958259,0.952430
28,0.233333,-0.017594,-0.043357,-0.987085,-0.153211,1.433632,0.786843,0.050488,0.016903,0.067339,-0.914074,-0.399560,1.535719,1.120125,0.052911,-0.014174,-0.005281,-0.974492,-0.223910,1.457047,0.958354,0.952372
29,0.241667,-0.017664,-0.043387,-0.987085,-0.153194,1.433631,0.786851,0.050484,0.016925,0.067302,-0.914079,-0.399555,1.535719,1.120122,0.052908,-0.014136,-0.005288,-0.974513,-0.223822,1.457036,0.958471,0.952379
30,0.250000,-0.017575,-0.043358,-0.987101,-0.153112,1.433642,0.786856,0.050488,0.016904,0.067341,-0.914084,-0.399536,1.535721,1.120126,0.052913,-0.014317,-0.005337,-0.974533,-0.223724,1.457013,0.958587,0.952358
31,0.258333,-0.017617,-0.043407,-0.987105,-0.153064,1.433643,0.786862,0.050481,0.016934,0.067362,-0.914079,-0.399544,1.535718,1.120125,0.052902,-0.014450,-0.005276,-0.974552,-0.223633,1.456997,0.958688,0.952345
32,0.266667,-0.017652,-0.043406,-0.987112,-0.153018,1.433648,0.786876,0.050475,0.017055,0.067450,-0.914080,-0.399522,1.535709,1.120125,0.052907,-0.014740,-0.005241,-0.974604,-0.223388,1.456923,0.958813,0.952343
33,0.275000,-0.017629,-0.043441,-0.987121,-0.152955,1.433658,0.786877,0.050469,0.016970,0.067456,-0.914068,-0.399551,1.535700,1.120127,0.052904,-0.014991,-0.005330,-0.974648,-0.223180,1.456858,0.958965,0.952300
34,0.283333,-0.017575,-0.043477,-0.987129,-0.152894,1.433662,0.786890,0.050475,0.016999,0.067405,-0.914045,-0.399611,1.535689,1.120122,0.052900,-0.015137,-0.005288,-0.974664,-0.223101,1.456836,0.959070,0.952302
35,0.291667,-0.017576,-0.043452,-0.987135,-0.152867,1.433661,0.786905,0.050473,0.017020,0.067372,-0.914042,-0.399624,1.535681,1.120119,0.052903,-0.015422,-0.005108,-0.974664,-0.223084,1.456797,0.959155,0.952253
36,0.300000,-0.017549,-0.043469,-0.987136,-0.152856,1.433659,0.786911,0.050483,0.017041,0.067540,-0.914022,-0.399640,1.535672,1.120122,0.052898,-0.015660,-0.004870,-0.974653,-0.223122,1.456766,0.959270,0.952220
37,0.308333,-0.017568,-0.043614,-0.987132,-0.152837,1.433664,0.786919,0.050478,0.017001,0.067565,-0.914016,-0.399651,1.535666,1.120119,0.052889,-0.015696,-0.004778,-0.974637,-0.223190,1.456764,0.959384,0.952191
38,0.316667,-0.017551,-0.043588,-0.987141,-0.152790,1.433663,0.786930,0.050483,0.017063,0.067628,-0.914013,-0.399645,1.535661,1.120124,0.052893,-0.015819,-0.004592,-0.974620,-0.223258,1.456754,0.959499,0.952177
39,0.325000,-0.017530,-0.043674,-0.987139,-0.152782,1.433660,0.786936,0.050487,0.017110,0.067799,-0.913992,-0.399662,1.535649,1.120130,0.052896,-0.015900,-0.004447,-0.974594,-0.223369,1.456742,0.959618,0.952180
40,0.333333,-0.017530,-0.043747,-0.987135,-0.152786,1.433663,0.786944,0.050487,0.017108,0.067731,-0.913974,-0.399714,1.535647,1.120119,0.052888,-0.015981,-0.004313,-0.974538,-0.223609,1.456761,0.959747,0.952179
41,0.341667,-0.017495,-0.043787,-0.987140,-0.152744,1.433669,0.786945,0.050492,0.017102,0.067802,-0.913973,-0.399704,1.535640,1.120125,0.052892,-0.015961,-0.004084,-0.974491,-0.223821,1.456793,0.959861,0.952176
42,0.350000,-0.017465,-0.043808,-0.987144,-0.152718,1.433666,0.786955,0.050489,0.017110,0.067839,-0.913962,-0.399723,1.535641,1.120119,0.052881,-0.015840,-0.003952,-0.974450,-0.224009,1.456807,0.960005,0.952179
43,0.358333,-0.017436,-0.043849,-0.987141,-0.152725,1.433657,0.786967,0.050497,0.017121,0.067905,-0.913970,-0.399693,1.535643,1.120114,0.052867,-0.015672,-0.003788,-0.974424,-0.224139,1.456843,0.960131,0.952235
44,0.366667,-0.017385,-0.043858,-0.987146,-0.152701,1.433658,0.786979,0.050494,0.017189,0.067996,-0.913980,-0.399652,1.535641,1.120119,0.052872,-0.015530,-0.003640,-0.974394,-0.224281,1.456856,0.960271,0.952239
45,0.375000,-0.017367,-0.043895,-0.987146,-0.152692,1.433651,0.786981,0.050500,0.017127,0.068040,-0.913966,-0.399678,1.535641,1.120117,0.052860,-0.015184,-0.003880,-0.974346,-0.224507,1.456875,0.960501,0.952187
46,0.383333,-0.017393,-0.043962,-0.987143,-0.152687,1.433655,0.786988,0.050496,0.017197,0.068025,-0.913968,-0.399675,1.535636,1.120117,0.052862,-0.015046,-0.003757,-0.974305,-0.224699,1.456893,0.960650,0.952179
47,0.391667,-0.017363,-0.043965,-0.987149,-0.152652,1.433660,0.786992,0.050499,0.017169,0.068063,-0.913955,-0.399698,1.535629,1.120124,0.052864,-0.015063,-0.003555,-0.974276,-0.224826,1.456936,0.960741,0.952151
48,0.400000,-0.017355,-0.044052,-0.987145,-0.152655,1.433667,0.786995,0.050503,0.017218,0.068079,-0.913953,-0.399697,1.535628,1.120121,0.052863,-0.015147,-0.003541,-0.974234,-0.225004,1.456965,0.960850,0.952118
49,0.408333,-0.017353,-0.044076,-0.987144,-0.152655,1.433652,0.787004,0.050523,0.017152,0.068143,-0.913958,-0.399679,1.535630,1.120121,0.052853,-0.015014,-0.003479,-0.974210,-0.225116,1.456975,0.961004,0.952123
50,0.416667,-0.017388,-0.044152,-0.987143,-0.152631,1.433668,0.787014,0.050508,0.017154,0.068140,-0.913961,-0.399673,1.535628,1.120126,0.052850,-0.015033,-0.003343,-0.974256,-0.224918,1.456857,0.961170,0.952146
51,0.425000,-0.017366,-0.044161,-0.987145,-0.152618,1.433661,0.787009,0.050520,0.017110,0.068161,-0.913947,-0.399702,1.535623,1.120117,0.052842,-0.015130,-0.003334,-0.974247,-0.224952,1.456818,0.961316,0.952143
52,0.433333,-0.017380,-0.044247,-0.987140,-0.152628,1.433660,0.787021,0.050521,0.017143,0.068212,-0.913944,-0.399700,1.535608,1.120133,0.052856,-0.015283,-0.003254,-0.974231,-0.225010,1.456790,0.961418,0.952124
53,0.441667,-0.017359,-0.044208,-0.987144,-0.152618,1.433654,0.787032,0.050522,0.017191,0.068210,-0.913929,-0.399731,1.535615,1.120125,0.052846,-0.015389,-0.003273,-0.974222,-0.225043,1.456763,0.961531,0.952124
54,0.450000,-0.017329,-0.044320,-0.987141,-0.152602,1.433661,0.787039,0.050520,0.017213,0.068288,-0.913937,-0.399699,1.535612,1.120130,0.052848,-0.015504,-0.003314,-0.974203,-0.225117,1.456758,0.961635,0.952124
55,0.458333,-0.017388,-0.044434,-0.987132,-0.152623,1.433663,0.787040,0.050520,0.017248,0.068344,-0.913936,-0.399690,1.535610,1.120136,0.052847,-0.015619,-0.003340,-0.974192,-0.225155,1.456727,0.961746,0.952111
56,0.466667,-0.017362,-0.044356,-0.987136,-0.152623,1.433660,0.787041,0.050522,0.017233,0.068362,-0.913947,-0.399664,1.535610,1.120129,0.052844,-0.015589,-0.003364,-0.974186,-0.225182,1.456693,0.961889,0.952121
57,0.475000,-0.017386,-0.044431,-0.987138,-0.152587,1.433667,0.787031,0.050521,0.017245,0.068362,-0.913946,-0.399665,1.535619,1.120129,0.052844,-0.015735,-0.003460,-0.974176,-0.225217,1.456673,0.962006,0.952126
58,0.483333,-0.017386,-0.044441,-0.987135,-0.152604,1.433672,0.787035,0.050524,0.017230,0.068326,-0.913955,-0.399652,1.535620,1.120137,0.052855,-0.015787,-0.003465,-0.974153,-0.225309,1.456664,0.962110,0.952130
59,0.491667,-0.017399,-0.044427,-0.987140,-0.152574,1.433675,0.787046,0.050523,0.017279,0.068327,-0.913955,-0.399648,1.535619,1.120135,0.052858,-0.015853,-0.003555,-0.974135,-0.225384,1.456664,0.962209,0.952145
60,0.500000,-0.017364,-0.044475,-0.987135,-0.152595,1.433672,0.787045,0.050534,0.017188,0.068243,-0.913972,-0.399629,1.535632,1.120132,0.052848,-0.015925,-0.003570,-0.974127,-0.225410,1.456650,0.962333,0.952134
61,0.508333,-0.017351,-0.044423,-0.987145,-0.152545,1.433673,0.787057,0.050531,0.017131,0.068210,-0.913986,-0.399603,1.535641,1.120140,0.052847,-0.015948,-0.003593,-0.974114,-0.225465,1.456650,0.962444,0.952136
62,0.516667,-0.017339,-0.044524,-0.987137,-0.152570,1.433675,0.787054,0.050537,0.017179,0.068161,-0.914012,-0.399552,1.535640,1.120145,0.052856,-0.016163,-0.003790,-0.974103,-0.225494,1.456678,0.962488,0.952156
63,0.525000,-0.017387,-0.044658,-0.987128,-0.152586,1.433667,0.787049,0.050537,0.017202,0.068256,-0.914002,-0.399556,1.535642,1.120153,0.052860,-0.016096,-0.003805,-0.974092,-0.225547,1.456702,0.962565,0.952164
64,0.533333,-0.017318,-0.044563,-0.987134,-0.152578,1.433665,0.787058,0.050544,0.017211,0.068236,-0.914003,-0.399558,1.535633,1.120154,0.052867,-0.016116,-0.003640,-0.974075,-0.225622,1.456705,0.962671,0.952129
65,0.541667,-0.017401,-0.044537,-0.987133,-0.152584,1.433672,0.787064,0.050543,0.017184,0.068182,-0.913999,-0.399578,1.535634,1.120155,0.052867,-0.015575,-0.004036,-0.974085,-0.225608,1.456754,0.962815,0.952099
66,0.550000,-0.017421,-0.044610,-0.987133,-0.152561,1.433687,0.787066,0.050538,0.017177,0.068003,-0.914001,-0.399602,1.535630,1.120149,0.052870,-0.015471,-0.004108,-0.974069,-0.225685,1.456791,0.962900,0.952078
67,0.558333,-0.017445,-0.044620,-0.987137,-0.152526,1.433688,0.787066,0.050532,0.017225,0.068107,-0.913996,-0.399595,1.535633,1.120154,0.052872,-0.015443,-0.003995,-0.974056,-0.225744,1.456805,0.962976,0.952029
68,0.566667,-0.017392,-0.044574,-0.987145,-0.152500,1.433695,0.787071,0.050541,0.017157,0.068149,-0.914000,-0.399581,1.535643,1.120155,0.052867,-0.015383,-0.004009,-0.974049,-0.225780,1.456829,0.963073,0.952042
69,0.575000,-0.017420,-0.044537,-0.987143,-0.152520,1.433696,0.787058,0.050538,0.017158,0.068080,-0.914018,-0.399552,1.535646,1.120147,0.052859,-0.015239,-0.003922,-0.974042,-0.225820,1.456843,0.963142,0.952027
70,0.583333,-0.017376,-0.044524,-0.987142,-0.152530,1.433693,0.787064,0.050539,0.017103,0.068072,-0.914012,-0.399569,1.535639,1.120148,0.052856,-0.015183,-0.003894,-0.974033,-0.225862,1.456871,0.963193,0.952057
71,0.591667,-0.017366,-0.044519,-0.987144,-0.152526,1.433695,0.787064,0.050540,0.017240,0.068111,-0.914007,-0.399568,1.535641,1.120143,0.052858,-0.015225,-0.003832,-0.974034,-0.225856,1.456878,0.963252,0.952053
72,0.600000,-0.017418,-0.044445,-0.987149,-0.152506,1.433694,0.787065,0.050539,0.017129,0.068099,-0.914010,-0.399568,1.535643,1.120139,0.052843,-0.015117,-0.003755,-0.974025,-0.225903,1.456901,0.963286,0.952056
73,0.608333,-0.017319,-0.044426,-0.987149,-0.152522,1.433684,0.787067,0.050551,0.017179,0.068097,-0.914002,-0.399584,1.535644,1.120138,0.052846,-0.014909,-0.003802,-0.974024,-0.225923,1.456919,0.963357,0.952063
74,0.616667,-0.017323,-0.044486,-0.987141,-0.152560,1.433682,0.787066,0.050549,0.017187,0.068190,-0.914015,-0.399540,1.535645,1.120149,0.052853,-0.014911,-0.003778,-0.974032,-0.225888,1.456913,0.963388,0.952083
75,0.625000,-0.017359,-0.044481,-0.987143,-0.152543,1.433686,0.787065,0.050543,0.017159,0.068159,-0.914014,-0.399548,1.535645,1.120146,0.052849,-0.014805,-0.003840,-0.974027,-0.225913,1.456954,0.963410,0.952093
76,0.633333,-0.017383,-0.044443,-0.987146,-0.152528,1.433695,0.787056,0.050544,0.017159,0.068123,-0.914016,-0.399548,1.535647,1.120146,0.052855,-0.014778,-0.003900,-0.974035,-0.225880,1.456953,0.963435,0.952102
77,0.641667,-0.017346,-0.044392,-0.987152,-0.152512,1.433692,0.787059,0.050548,0.017250,0.068180,-0.914004,-0.399564,1.535642,1.120147,0.052852,-0.014825,-0.003776,-0.974048,-0.225825,1.456940,0.963448,0.952094
78,0.650000,-0.017391,-0.044480,-0.987147,-0.152510,1.433702,0.787061,0.050537,0.017205,0.068248,-0.914005,-0.399551,1.535634,1.120143,0.052850,-0.014922,-0.003809,-0.974051,-0.225802,1.456949,0.963459,0.952080
79,0.658333,-0.017361,-0.044444,-0.987151,-0.152499,1.433693,0.787064,0.050545,0.017218,0.068246,-0.914002,-0.399559,1.535640,1.120142,0.052850,-0.014879,-0.003879,-0.974044,-0.225837,1.456981,0.963468,0.952082
80,0.666667,-0.017333,-0.044463,-0.987157,-0.152459,1.433696,0.787066,0.050547,0.017186,0.068250,-0.914013,-0.399532,1.535645,1.120137,0.052843,-0.014810,-0.003899,-0.974046,-0.225832,1.456986,0.963473,0.952075
81,0.675000,-0.017352,-0.044411,-0.987158,-0.152467,1.433701,0.787068,0.050539,0.017148,0.068245,-0.913999,-0.399567,1.535639,1.120134,0.052840,-0.014903,-0.003855,-0.974059,-0.225769,1.456964,0.963482,0.952073
82,0.683333,-0.017310,-0.044485,-0.987151,-0.152493,1.433688,0.787055,0.050551,0.017193,0.068276,-0.913983,-0.399597,1.535633,1.120134,0.052843,-0.014978,-0.003883,-0.974060,-0.225761,1.456988,0.963452,0.952076
83,0.691667,-0.017291,-0.044449,-0.987156,-0.152476,1.433695,0.787059,0.050544,0.017208,0.068242,-0.913981,-0.399608,1.535626,1.120121,0.052842,-0.014842,-0.003936,-0.974052,-0.225804,1.457008,0.963462,0.952071
84,0.700000,-0.017312,-0.044450,-0.987152,-0.152498,1.433690,0.787056,0.050548,0.017198,0.068246,-0.913963,-0.399648,1.535629,1.120117,0.052836,-0.014908,-0.003938,-0.974056,-0.225779,1.457015,0.963452,0.952051
85,0.708333,-0.017348,-0.044414,-0.987157,-0.152470,1.433702,0.787053,0.050545,0.017221,0.068303,-0.913977,-0.399606,1.535622,1.120118,0.052845,-0.014973,-0.003974,-0.974052,-0.225792,1.457021,0.963442,0.952058
86,0.716667,-0.017310,-0.044488,-0.987147,-0.152521,1.433685,0.787055,0.050564,0.017224,0.068343,-0.913957,-0.399643,1.535623,1.120116,0.052840,-0.014936,-0.004013,-0.974061,-0.225758,1.457034,0.963418,0.952058
87,0.725000,-0.017331,-0.044396,-0.987152,-0.152509,1.433687,0.787056,0.050547,0.017236,0.068314,-0.913961,-0.399640,1.535627,1.120106,0.052829,-0.014904,-0.004005,-0.974063,-0.225750,1.457034,0.963419,0.952051
88,0.733333,-0.017331,-0.044362,-0.987156,-0.152493,1.433685,0.787054,0.050544,0.017254,0.068449,-0.913982,-0.399568,1.535627,1.120111,0.052833,-0.014990,-0.004053,-0.974083,-0.225657,1.457020,0.963392,0.952060
89,0.741667,-0.017364,-0.044400,-0.987155,-0.152488,1.433680,0.787051,0.050541,0.017283,0.068495,-0.913981,-0.399560,1.535629,1.120110,0.052838,-0.014937,-0.004033,-0.974078,-0.225684,1.457038,0.963382,0.952031
90,0.750000,-0.017364,-0.044380,-0.987152,-0.152513,1.433680,0.787049,0.050539,0.017328,0.068532,-0.913965,-0.399588,1.535625,1.120109,0.052839,-0.014978,-0.004005,-0.974097,-0.225599,1.457031,0.963348,0.952047
91,0.758333,-0.017339,-0.044350,-0.987153,-0.152515,1.433674,0.787043,0.050546,0.017327,0.068581,-0.913953,-0.399609,1.535622,1.120096,0.052834,-0.015011,-0.003971,-0.974113,-0.225528,1.457022,0.963316,0.952018
92,0.766667,-0.017365,-0.044341,-0.987150,-0.152534,1.433685,0.787043,0.050532,0.017277,0.068592,-0.913951,-0.399612,1.535613,1.120095,0.052831,-0.015005,-0.004004,-0.974132,-0.225445,1.457018,0.963290,0.952019
93,0.775000,-0.017348,-0.044300,-0.987159,-0.152492,1.433682,0.787036,0.050536,0.017290,0.068538,-0.913941,-0.399645,1.535609,1.120088,0.052829,-0.015029,-0.003971,-0.974143,-0.225395,1.456996,0.963270,0.951969
94,0.783333,-0.017359,-0.044297,-0.987151,-0.152541,1.433681,0.787035,0.050534,0.017340,0.068677,-0.913938,-0.399626,1.535605,1.120094,0.052839,-0.014953,-0.004011,-0.974163,-0.225314,1.457009,0.963224,0.951976
95,0.791667,-0.017371,-0.044215,-0.987154,-0.152547,1.433682,0.787027,0.050534,0.017275,0.068674,-0.913936,-0.399632,1.535605,1.120097,0.052829,-0.015004,-0.004047,-0.974179,-0.225242,1.457008,0.963185,0.951956
96,0.800000,-0.017384,-0.044192,-0.987154,-0.152549,1.433680,0.787020,0.050547,0.017238,0.068702,-0.913922,-0.399662,1.535605,1.120088,0.052831,-0.015010,-0.004101,-0.974217,-0.225078,1.456999,0.963138,0.951956
97,0.808333,-0.017391,-0.044095,-0.987162,-0.152525,1.433680,0.787020,0.050536,0.017262,0.068652,-0.913918,-0.399679,1.535601,1.120090,0.052826,-0.015233,-0.003998,-0.974225,-0.225028,1.457008,0.963061,0.951923
98,0.816667,-0.017399,-0.044104,-0.987155,-0.152570,1.433684,0.787017,0.050536,0.017305,0.068776,-0.913907,-0.399679,1.535599,1.120085,0.052833,-0.015304,-0.004086,-0.974241,-0.224953,1.457020,0.963005,0.951913
99,0.825000,-0.017458,-0.044157,-0.987151,-0.152572,1.433683,0.787017,0.050533,0.017353,0.068788,-0.913895,-0.399703,1.535593,1.120085,0.052839,-0.015254,-0.004043,-0.974257,-0.224886,1.457030,0.962947,0.951910
100,0.833333,-0.017439,-0.044266,-0.987151,-0.152545,1.433683,0.787009,0.050532,0.017304,0.068804,-0.913888,-0.399720,1.535593,1.120076,0.052831,-0.015372,-0.004014,-0.974240,-0.224952,1.457085,0.962877,0.951885
101,0.841667,-0.017400,-0.044098,-0.987160,-0.152536,1.433681,0.787014,0.050536,0.017401,0.068987,-0.913882,-0.399696,1.535585,1.120079,0.052843,-0.015323,-0.004036,-0.974267,-0.224838,1.457072,0.962830,0.951892
102,0.850000,-0.017426,-0.044117,-0.987157,-0.152551,1.433682,0.787013,0.050526,0.017364,0.068915,-0.913885,-0.399705,1.535583,1.120070,0.052831,-0.015324,-0.004025,-0.974272,-0.224816,1.457091,0.962768,0.951889
103,0.858333,-0.017379,-0.044155,-0.987153,-0.152566,1.433678,0.787009,0.050527,0.017383,0.069022,-0.913877,-0.399703,1.535581,1.120057,0.052826,-0.015216,-0.003994,-0.974290,-0.224746,1.457105,0.962725,0.951885
104,0.866667,-0.017399,-0.044142,-0.987150,-0.152587,1.433678,0.787008,0.050524,0.017338,0.068985,-0.913862,-0.399745,1.535575,1.120058,0.052828,-0.015229,-0.004065,-0.974301,-0.224696,1.457130,0.962664,0.951892
105,0.875000,-0.017378,-0.044157,-0.987155,-0.152558,1.433677,0.787008,0.050534,0.017424,0.069189,-0.913840,-0.399756,1.535565,1.120055,0.052835,-0.015099,-0.004118,-0.974321,-0.224620,1.457145,0.962617,0.951899
106,0.883333,-0.017448,-0.044059,-0.987157,-0.152562,1.433682,0.787006,0.050523,0.017451,0.069163,-0.913833,-0.399776,1.535566,1.120042,0.052830,-0.015191,-0.004057,-0.974340,-0.224531,1.457139,0.962562,0.951914
107,0.891667,-0.017429,-0.044040,-0.987159,-0.152558,1.433682,0.787004,0.050526,0.017422,0.069220,-0.913832,-0.399770,1.535559,1.120043,0.052830,-0.015119,-0.004049,-0.974357,-0.224462,1.457158,0.962513,0.951912
108,0.900000,-0.017483,-0.044070,-0.987152,-0.152589,1.433678,0.787003,0.050519,0.017459,0.069267,-0.913833,-0.399757,1.535553,1.120042,0.052843,-0.015096,-0.004081,-0.974366,-0.224426,1.457175,0.962463,0.951918
109,0.908333,-0.017407,-0.044164,-0.987146,-0.152608,1.433674,0.786996,0.050530,0.017509,0.069439,-0.913827,-0.399740,1.535560,1.120032,0.052828,-0.015137,-0.004117,-0.974371,-0.224401,1.457213,0.962421,0.951914
110,0.916667,-0.017470,-0.044130,-0.987144,-0.152622,1.433674,0.786992,0.050526,0.017569,0.069548,-0.913824,-0.399725,1.535553,1.120035,0.052844,-0.015190,-0.004024,-0.974385,-0.224338,1.457224,0.962355,0.951924
111,0.925000,-0.017438,-0.044027,-0.987151,-0.152612,1.433674,0.786987,0.050522,0.017548,0.069670,-0.913816,-0.399724,1.535555,1.120034,0.052837,-0.015715,-0.003593,-0.974363,-0.224405,1.457270,0.962208,0.951936
112,0.933333,-0.017456,-0.044080,-0.987144,-0.152638,1.433672,0.786981,0.050518,0.017599,0.069618,-0.913835,-0.399686,1.535558,1.120028,0.052839,-0.015566,-0.003678,-0.974388,-0.224305,1.457245,0.962202,0.951940
113,0.941667,-0.017402,-0.044009,-0.987142,-0.152677,1.433667,0.786976,0.050527,0.017629,0.069682,-0.913805,-0.399743,1.535551,1.120016,0.052825,-0.015417,-0.003665,-0.974397,-0.224277,1.457295,0.962154,0.951964
114,0.950000,-0.017460,-0.044040,-0.987141,-0.152672,1.433666,0.786969,0.050523,0.017491,0.069669,-0.913799,-0.399764,1.535546,1.120007,0.052815,-0.015407,-0.003743,-0.974432,-0.224124,1.457264,0.962127,0.951954
115,0.958333,-0.017491,-0.044027,-0.987137,-0.152698,1.433666,0.786965,0.050517,0.017542,0.069668,-0.913808,-0.399743,1.535547,1.120004,0.052820,-0.015435,-0.003852,-0.974453,-0.224028,1.457279,0.962079,0.951967
116,0.966667,-0.017478,-0.043970,-0.987136,-0.152723,1.433663,0.786968,0.050524,0.017574,0.069805,-0.913798,-0.399739,1.535544,1.120008,0.052823,-0.015465,-0.003828,-0.974451,-0.224034,1.457332,0.962009,0.951954
117,0.975000,-0.017522,-0.043960,-0.987135,-0.152722,1.433667,0.786962,0.050519,0.017525,0.069729,-0.913799,-0.399753,1.535536,1.120005,0.052832,-0.015523,-0.003761,-0.974453,-0.224021,1.457397,0.961927,0.951937
118,0.983333,-0.017450,-0.043936,-0.987132,-0.152757,1.433661,0.786959,0.050529,0.017592,0.069803,-0.913802,-0.399730,1.535542,1.120001,0.052825,-0.015434,-0.003826,-0.974450,-0.224039,1.457449,0.961883,0.951937
119,0.991667,-0.017460,-0.043940,-0.987131,-0.152762,1.433663,0.786955,0.050525,0.017572,0.069790,-0.913799,-0.399741,1.535539,1.119996,0.052822,-0.015410,-0.003878,-0.974437,-0.224101,1.457508,0.961849,0.951923
120,1.000000,-0.017475,-0.043982,-0.987123,-0.152804,1.433659,0.786952,0.050535,0.017573,0.069756,-0.913801,-0.399740,1.535539,1.120004,0.052831,-0.015692,-0.003839,-0.974415,-0.224174,1.457626,0.961741,0.951894
121,1.008333,-0.017465,-0.043882,-0.987131,-0.152779,1.433667,0.786947,0.050528,0.017528,0.069833,-0.913809,-0.399712,1.535544,1.120008,0.052827,-0.015753,-0.003838,-0.974413,-0.224182,1.457709,0.961678,0.951892
122,1.016667,-0.017493,-0.043886,-0.987131,-0.152776,1.433666,0.786938,0.050519,0.017612,0.069761,-0.913826,-0.399681,1.535544,1.119999,0.052830,-0.015630,-0.003824,-0.974422,-0.224148,1.457783,0.961622,0.951907
123,1.025000,-0.017508,-0.043843,-0.987128,-0.152807,1.433666,0.786940,0.050519,0.017570,0.069685,-0.913825,-0.399698,1.535549,1.120003,0.052834,-0.015502,-0.003776,-0.974423,-0.224153,1.457828,0.961596,0.951921
124,1.033333,-0.017454,-0.043927,-0.987124,-0.152817,1.433655,0.786933,0.050534,0.017540,0.069663,-0.913843,-0.399663,1.535553,1.120006,0.052838,-0.015382,-0.003738,-0.974420,-0.224177,1.457882,0.961562,0.951933
125,1.041667,-0.017484,-0.043895,-0.987120,-0.152843,1.433658,0.786937,0.050528,0.017516,0.069740,-0.913829,-0.399682,1.535548,1.120001,0.052831,-0.015232,-0.003720,-0.974412,-0.224223,1.457936,0.961524,0.951945
126,1.050000,-0.017436,-0.043856,-0.987120,-0.152861,1.433650,0.786943,0.050522,0.017650,0.069771,-0.913810,-0.399715,1.535542,1.119997,0.052844,-0.015041,-0.003704,-0.974405,-0.224263,1.457952,0.961522,0.951956
127,1.058333,-0.016822,-0.043839,-0.987093,-0.153109,1.433668,0.786902,0.050600,0.017567,0.069731,-0.913808,-0.399730,1.535542,1.119987,0.052831,-0.014929,-0.003702,-0.974401,-0.224288,1.457986,0.961494,0.951957
128,1.066667,-0.017477,-0.043828,-0.987116,-0.152891,1.433658,0.786925,0.050535,0.017660,0.069747,-0.913800,-0.399741,1.535536,1.119989,0.052846,-0.014916,-0.003684,-0.974389,-0.224343,1.458036,0.961444,0.951970
129,1.075000,-0.017477,-0.043814,-0.987116,-0.152898,1.433648,0.786925,0.050538,0.017614,0.069757,-0.913806,-0.399727,1.535542,1.119987,0.052834,-0.014762,-0.003589,-0.974392,-0.224343,1.458050,0.961433,0.951958
130,1.083333,-0.017464,-0.043773,-0.987116,-0.152905,1.433648,0.786927,0.050537,0.017616,0.069780,-0.913792,-0.399755,1.535544,1.119984,0.052836,-0.014672,-0.003582,-0.974394,-0.224338,1.458076,0.961412,0.951972
131,1.091667,-0.017543,-0.043709,-0.987112,-0.152942,1.433650,0.786926,0.050535,0.017608,0.069697,-0.913785,-0.399786,1.535540,1.119984,0.052843,-0.014658,-0.003598,-0.974392,-0.224349,1.458104,0.961383,0.951970
132,1.100000,-0.016939,-0.043673,-0.987087,-0.153182,1.433672,0.786884,0.050611,0.017585,0.069687,-0.913802,-0.399750,1.535546,1.119984,0.052842,-0.014564,-0.003673,-0.974398,-0.224329,1.458101,0.961390,0.951959
133,1.108333,-0.016801,-0.043657,-0.987088,-0.153197,1.433683,0.786867,0.050623,0.017536,0.069721,-0.913798,-0.399755,1.535546,1.119990,0.052837,-0.014568,-0.003643,-0.974396,-0.224337,1.458125,0.961373,0.951965
134,1.116667,-0.016750,-0.043656,-0.987080,-0.153252,1.433673,0.786861,0.050652,0.017571,0.069780,-0.913807,-0.399723,1.535547,1.119986,0.052843,-0.014559,-0.003662,-0.974398,-0.224328,1.458157,0.961330,0.951959
135,1.125000,-0.017523,-0.043670,-0.987106,-0.152996,1.433654,0.786893,0.050560,0.017550,0.069731,-0.913777,-0.399801,1.535544,1.119982,0.052835,-0.014554,-0.003624,-0.974397,-0.224332,1.458166,0.961319,0.951960
136,1.133333,-0.017549,-0.043650,-0.987105,-0.153006,1.433656,0.786883,0.050551,0.017502,0.069668,-0.913769,-0.399832,1.535538,1.119970,0.052823,-0.014430,-0.003645,-0.974392,-0.224364,1.458174,0.961304,0.951960
137,1.141667,-0.017585,-0.043580,-0.987108,-0.153001,1.433660,0.786885,0.050559,0.017400,0.069564,-0.913766,-0.399862,1.535540,1.119969,0.052831,-0.014387,-0.003862,-0.974368,-0.224465,1.458231,0.961318,0.951910
138,1.150000,-0.017642,-0.043416,-0.987119,-0.152967,1.433682,0.786882,0.050540,0.017478,0.069586,-0.913789,-0.399803,1.535545,1.119971,0.052827,-0.014391,-0.003884,-0.974361,-0.224495,1.458245,0.961309,0.951899
139,1.158333,-0.017661,-0.043449,-0.987125,-0.152923,1.433689,0.786882,0.050541,0.017507,0.069435,-0.913786,-0.399835,1.535542,1.119972,0.052852,-0.014243,-0.003894,-0.974332,-0.224629,1.458291,0.961290,0.951894
140,1.166667,-0.017625,-0.043466,-0.987125,-0.152921,1.433688,0.786885,0.050544,0.017550,0.069602,-0.913769,-0.399842,1.535543,1.119975,0.052848,-0.014179,-0.003869,-0.974330,-0.224646,1.458301,0.961263,0.951910
141,1.175000,-0.017671,-0.043305,-0.987139,-0.152868,1.433698,0.786897,0.050537,0.017571,0.069585,-0.913763,-0.399858,1.535536,1.119981,0.052858,-0.014211,-0.003904,-0.974304,-0.224756,1.458365,0.961234,0.951897
142,1.183333,-0.017006,-0.043328,-0.987108,-0.153138,1.433708,0.786867,0.050620,0.017595,0.069637,-0.913764,-0.399846,1.535538,1.119987,0.052870,-0.013990,-0.003934,-0.974301,-0.224780,1.458367,0.961232,0.951909
143,1.191667,-0.016790,-0.043325,-0.987109,-0.153155,1.433717,0.786860,0.050641,0.017599,0.069597,-0.913784,-0.399806,1.535541,1.119979,0.052859,-0.013999,-0.003868,-0.974280,-0.224873,1.458403,0.961215,0.951910
144,1.200000,-0.016838,-0.043391,-0.987103,-0.153174,1.433707,0.786858,0.050644,0.017591,0.069680,-0.913782,-0.399798,1.535542,1.119991,0.052866,-0.013954,-0.003911,-0.974276,-0.224893,1.458425,0.961207,0.951925
145,1.208333,-0.016849,-0.043359,-0.987111,-0.153127,1.433713,0.786856,0.050634,0.017610,0.069629,-0.913784,-0.399801,1.535540,1.119988,0.052867,-0.013916,-0.003974,-0.974273,-0.224905,1.458446,0.961184,0.951926
146,1.216667,-0.017634,-0.043414,-0.987131,-0.152897,1.433698,0.786890,0.050543,0.017581,0.069613,-0.913766,-0.399845,1.535541,1.119983,0.052853,-0.013855,-0.003996,-0.974280,-0.224878,1.458448,0.961194,0.951928
147,1.225000,-0.017100,-0.043347,-0.987113,-0.153088,1.433709,0.786861,0.050603,0.017569,0.069594,-0.913770,-0.399841,1.535540,1.119979,0.052853,-0.013914,-0.004032,-0.974280,-0.224877,1.458467,0.961179,0.951922
148,1.233333,-0.017601,-0.043331,-0.987138,-0.152878,1.433694,0.786886,0.050548,0.017676,0.069715,-0.913773,-0.399809,1.535535,1.119980,0.052856,-0.013961,-0.004059,-0.974280,-0.224872,1.458488,0.961161,0.951925
149,1.241667,-0.017593,-0.043338,-0.987138,-0.152873,1.433690,0.786887,0.050555,0.017676,0.069739,-0.913772,-0.399806,1.535531,1.119985,0.052860,-0.013965,-0.004095,-0.974283,-0.224856,1.458492,0.961167,0.951928
150,1.250000,-0.016968,-0.043308,-0.987119,-0.153076,1.433707,0.786859,0.050620,0.017694,0.069758,-0.913777,-0.399789,1.535531,1.119988,0.052868,-0.014084,-0.004111,-0.974277,-0.224877,1.458517,0.961137,0.951931
151,1.258333,-0.017600,-0.043393,-0.987138,-0.152859,1.433683,0.786895,0.050549,0.017671,0.069842,-0.913766,-0.399802,1.535543,1.119982,0.052847,-0.014079,-0.004116,-0.974278,-0.224871,1.458537,0.961127,0.951927
152,1.266667,-0.017610,-0.043322,-0.987147,-0.152822,1.433687,0.786895,0.050535,0.017674,0.069738,-0.913760,-0.399833,1.535540,1.119986,0.052854,-0.014157,-0.004173,-0.974269,-0.224906,1.458554,0.961110,0.951935
153,1.275000,-0.017591,-0.043400,-0.987142,-0.152833,1.433683,0.786899,0.050546,0.017745,0.069857,-0.913762,-0.399806,1.535532,1.119985,0.052859,-0.014218,-0.004097,-0.974262,-0.224933,1.458582,0.961079,0.951928
154,1.283333,-0.017559,-0.043365,-0.987150,-0.152796,1.433681,0.786907,0.050541,0.017725,0.069741,-0.913753,-0.399846,1.535530,1.119981,0.052858,-0.014126,-0.004161,-0.974260,-0.224946,1.458571,0.961091,0.951942
155,1.291667,-0.017523,-0.043299,-0.987153,-0.152801,1.433680,0.786909,0.050534,0.017735,0.069827,-0.913747,-0.399846,1.535530,1.119983,0.052854,-0.014237,-0.004175,-0.974244,-0.225010,1.458587,0.961074,0.951943
156,1.300000,-0.017554,-0.043378,-0.987152,-0.152775,1.433684,0.786907,0.050523,0.017706,0.069728,-0.913757,-0.399840,1.535534,1.119983,0.052850,-0.014136,-0.004164,-0.974234,-0.225057,1.458587,0.961066,0.951931
157,1.308333,-0.017548,-0.043369,-0.987154,-0.152769,1.433680,0.786901,0.050531,0.017677,0.069809,-0.913749,-0.399845,1.535537,1.119976,0.052834,-0.014168,-0.004151,-0.974220,-0.225115,1.458587,0.961064,0.951938
158,1.316667,-0.017514,-0.043350,-0.987150,-0.152805,1.433671,0.786914,0.050539,0.017618,0.069861,-0.913742,-0.399857,1.535532,1.119977,0.052829,-0.014193,-0.004137,-0.974218,-0.225125,1.458601,0.961040,0.951947
159,1.325000,-0.017515,-0.043351,-0.987155,-0.152768,1.433676,0.786910,0.050531,0.017658,0.069815,-0.913725,-0.399902,1.535517,1.119977,0.052837,-0.014220,-0.004088,-0.974186,-0.225261,1.458616,0.961008,0.951954
160,1.333333,-0.017491,-0.043345,-0.987157,-0.152761,1.433664,0.786914,0.050538,0.017755,0.069930,-0.913702,-0.399928,1.535509,1.119976,0.052841,-0.014095,-0.004076,-0.974179,-0.225300,1.458597,0.961031,0.951963
161,1.341667,-0.017513,-0.043375,-0.987166,-0.152695,1.433671,0.786914,0.050527,0.017817,0.070106,-0.913712,-0.399873,1.535510,1.119984,0.052837,-0.014092,-0.004016,-0.974165,-0.225363,1.458609,0.961012,0.951968
162,1.350000,-0.017443,-0.043413,-0.987163,-0.152711,1.433666,0.786917,0.050534,0.017707,0.069946,-0.913708,-0.399915,1.535501,1.119980,0.052834,-0.014081,-0.004030,-0.974163,-0.225370,1.458596,0.961018,0.951970
163,1.358333,-0.017469,-0.043454,-0.987161,-0.152711,1.433666,0.786927,0.050531,0.017825,0.070045,-0.913694,-0.399924,1.535492,1.119978,0.052842,-0.014002,-0.004072,-0.974136,-0.225493,1.458608,0.961026,0.951966
164,1.366667,-0.017480,-0.043356,-0.987175,-0.152645,1.433676,0.786925,0.050517,0.017760,0.070107,-0.913686,-0.399935,1.535491,1.119972,0.052826,-0.013997,-0.004169,-0.974155,-0.225407,1.458564,0.961037,0.951987
165,1.375000,-0.017507,-0.043413,-0.987171,-0.152650,1.433683,0.786923,0.050522,0.017784,0.070022,-0.913683,-0.399956,1.535492,1.119978,0.052835,-0.013945,-0.004144,-0.974147,-0.225447,1.458542,0.961049,0.952001
166,1.383333,-0.017471,-0.043388,-0.987180,-0.152603,1.433671,0.786935,0.050525,0.017797,0.070109,-0.913699,-0.399902,1.535495,1.119980,0.052835,-0.013857,-0.004227,-0.974150,-0.225438,1.458521,0.961060,0.952023
167,1.391667,-0.017449,-0.043454,-0.987180,-0.152587,1.433672,0.786934,0.050517,0.017780,0.070117,-0.913694,-0.399913,1.535491,1.119982,0.052843,-0.013853,-0.004204,-0.974153,-0.225426,1.458491,0.961070,0.952018
168,1.400000,-0.017452,-0.043491,-0.987183,-0.152555,1.433673,0.786936,0.050519,0.017797,0.070160,-0.913695,-0.399902,1.535488,1.119979,0.052827,-0.013874,-0.004335,-0.974136,-0.225494,1.458490,0.961088,0.952024
169,1.408333,-0.017405,-0.043419,-0.987184,-0.152574,1.433675,0.786935,0.050524,0.017793,0.070192,-0.913681,-0.399930,1.535484,1.119980,0.052833,-0.013893,-0.004171,-0.974112,-0.225598,1.458445,0.961124,0.951986
170,1.416667,-0.017418,-0.043376,-0.987189,-0.152557,1.433675,0.786935,0.050512,0.017799,0.070141,-0.913673,-0.399957,1.535476,1.119976,0.052828,-0.013937,-0.004164,-0.974108,-0.225613,1.458432,0.961119,0.951992
171,1.425000,-0.017430,-0.043438,-0.987186,-0.152555,1.433668,0.786937,0.050520,0.017808,0.070236,-0.913662,-0.399964,1.535478,1.119974,0.052831,-0.013970,-0.004148,-0.974091,-0.225686,1.458421,0.961124,0.951992
172,1.433333,-0.017383,-0.043411,-0.987191,-0.152538,1.433670,0.786940,0.050513,0.017804,0.070182,-0.913664,-0.399969,1.535472,1.119975,0.052833,-0.013975,-0.004139,-0.974083,-0.225723,1.458416,0.961125,0.951995
173,1.441667,-0.017432,-0.043414,-0.987192,-0.152525,1.433674,0.786937,0.050506,0.017812,0.070162,-0.913668,-0.399964,1.535473,1.119965,0.052822,-0.014009,-0.004165,-0.974072,-0.225764,1.458424,0.961112,0.952012
174,1.450000,-0.017382,-0.043481,-0.987184,-0.152563,1.433663,0.786934,0.050520,0.017826,0.070310,-0.913661,-0.399954,1.535472,1.119980,0.052832,-0.014042,-0.004017,-0.974045,-0.225881,1.458436,0.961092,0.952006
175,1.458333,-0.017410,-0.043420,-0.987193,-0.152521,1.433663,0.786942,0.050512,0.017924,0.070320,-0.913657,-0.399956,1.535470,1.119975,0.052833,-0.014067,-0.004111,-0.974036,-0.225918,1.458453,0.961081,0.952018
176,1.466667,-0.017414,-0.043486,-0.987188,-0.152532,1.433663,0.786948,0.050518,0.017886,0.070262,-0.913649,-0.399987,1.535463,1.119976,0.052834,-0.014141,-0.004092,-0.974017,-0.225996,1.458464,0.961079,0.952020
177,1.475000,-0.017376,-0.043397,-0.987194,-0.152525,1.433668,0.786943,0.050509,0.017911,0.070370,-0.913647,-0.399970,1.535462,1.119980,0.052838,-0.013978,-0.004102,-0.973990,-0.226120,1.458474,0.961058,0.952049
178,1.483333,-0.017413,-0.043508,-0.987186,-0.152539,1.433657,0.786941,0.050514,0.017930,0.070440,-0.913650,-0.399949,1.535463,1.119985,0.052847,-0.014154,-0.003968,-0.973958,-0.226254,1.458511,0.961024,0.952035
179,1.491667,-0.017370,-0.043422,-0.987198,-0.152492,1.433665,0.786947,0.050506,0.017942,0.070383,-0.913651,-0.399957,1.535467,1.119980,0.052839,-0.013906,-0.004093,-0.973950,-0.226301,1.458508,0.961042,0.952073
180,1.500000,-0.017369,-0.043535,-0.987181,-0.152568,1.433657,0.786952,0.050519,0.017775,0.070225,-0.913644,-0.400009,1.535473,1.119971,0.052823,-0.014097,-0.003916,-0.973913,-0.226449,1.458550,0.961000,0.952055
181,1.508333,-0.017367,-0.043510,-0.987191,-0.152511,1.433668,0.786949,0.050511,0.017841,0.070316,-0.913647,-0.399984,1.535470,1.119972,0.052822,-0.013881,-0.004024,-0.973908,-0.226481,1.458552,0.961013,0.952086
182,1.516667,-0.017395,-0.043568,-0.987183,-0.152542,1.433668,0.786942,0.050504,0.017866,0.070416,-0.913657,-0.399942,1.535471,1.119974,0.052819,-0.013852,-0.003921,-0.973889,-0.226566,1.458550,0.961021,0.952069
183,1.525000,-0.017411,-0.043599,-0.987181,-0.152541,1.433663,0.786940,0.050512,0.017847,0.070483,-0.913644,-0.399960,1.535471,1.119974,0.052828,-0.013883,-0.003932,-0.973857,-0.226704,1.458575,0.961012,0.952089
184,1.533333,-0.017396,-0.043587,-0.987181,-0.152552,1.433664,0.786938,0.050502,0.017894,0.070516,-0.913665,-0.399906,1.535471,1.119973,0.052822,-0.014323,-0.003771,-0.973813,-0.226867,1.458617,0.960946,0.952080
185,1.541667,-0.017386,-0.043506,-0.987184,-0.152556,1.433667,0.786936,0.050503,0.017858,0.070475,-0.913647,-0.399954,1.535473,1.119967,0.052817,-0.013835,-0.003900,-0.973821,-0.226859,1.458615,0.960986,0.952109
186,1.550000,-0.017389,-0.043567,-0.987177,-0.152584,1.433655,0.786940,0.050508,0.017915,0.070527,-0.913647,-0.399942,1.535467,1.119968,0.052816,-0.014324,-0.003850,-0.973780,-0.227007,1.458661,0.960915,0.952106
187,1.558333,-0.017438,-0.043519,-0.987174,-0.152606,1.433656,0.786943,0.050507,0.017858,0.070506,-0.913650,-0.399943,1.535469,1.119967,0.052815,-0.014343,-0.003769,-0.973755,-0.227117,1.458686,0.960908,0.952116
188,1.566667,-0.017417,-0.043595,-0.987169,-0.152624,1.433644,0.786941,0.050518,0.017870,0.070558,-0.913651,-0.399929,1.535471,1.119974,0.052825,-0.014370,-0.003720,-0.973734,-0.227204,1.458718,0.960902,0.952117
189,1.575000,-0.017383,-0.043448,-0.987175,-0.152628,1.433652,0.786945,0.050519,0.017794,0.070413,-0.913649,-0.399965,1.535471,1.119964,0.052811,-0.014323,-0.004155,-0.973717,-0.227271,1.458760,0.960949,0.952046
190,1.583333,-0.017412,-0.043560,-0.987173,-0.152608,1.433650,0.786940,0.050515,0.017840,0.070479,-0.913637,-0.399978,1.535465,1.119971,0.052816,-0.014526,-0.004064,-0.973699,-0.227340,1.458842,0.960874,0.952040
191,1.591667,-0.017385,-0.043552,-0.987171,-0.152624,1.433648,0.786938,0.050515,0.017897,0.070549,-0.913646,-0.399943,1.535470,1.119963,0.052818,-0.014570,-0.004072,-0.973682,-0.227408,1.458888,0.960858,0.952043
192,1.600000,-0.017319,-0.043634,-0.987165,-0.152651,1.433642,0.786928,0.050522,0.017783,0.070461,-0.913640,-0.399976,1.535476,1.119968,0.052819,-0.014616,-0.004013,-0.973673,-0.227446,1.458938,0.960829,0.952041
193,1.608333,-0.017354,-0.043582,-0.987162,-0.152676,1.433644,0.786925,0.050519,0.017829,0.070514,-0.913638,-0.399968,1.535468,1.119965,0.052818,-0.014585,-0.004001,-0.973662,-0.227493,1.458977,0.960824,0.952023
194,1.616667,-0.017315,-0.043587,-0.987162,-0.152681,1.433645,0.786928,0.050529,0.017864,0.070564,-0.913644,-0.399945,1.535471,1.119962,0.052817,-0.014623,-0.004003,-0.973659,-0.227504,1.459037,0.960787,0.952031
195,1.625000,-0.017406,-0.043509,-0.987162,-0.152690,1.433652,0.786927,0.050518,0.017856,0.070556,-0.913644,-0.399947,1.535470,1.119959,0.052817,-0.014680,-0.003985,-0.973684,-0.227394,1.459020,0.960801,0.952034
196,1.633333,-0.017367,-0.043511,-0.987165,-0.152678,1.433649,0.786927,0.050526,0.017834,0.070502,-0.913643,-0.399960,1.535467,1.119960,0.052815,-0.014725,-0.004092,-0.973706,-0.227293,1.459087,0.960745,0.952057
197,1.641667,-0.017338,-0.043474,-0.987168,-0.152670,1.433652,0.786932,0.050525,0.017861,0.070594,-0.913640,-0.399949,1.535468,1.119962,0.052822,-0.014702,-0.003976,-0.973702,-0.227314,1.459111,0.960737,0.952041
198,1.650000,-0.017414,-0.043499,-0.987162,-0.152692,1.433659,0.786932,0.050506,0.017858,0.070536,-0.913625,-0.399994,1.535468,1.119956,0.052819,-0.014810,-0.004123,-0.973724,-0.227213,1.459178,0.960689,0.952081
199,1.658333,-0.017380,-0.043472,-0.987161,-0.152716,1.433656,0.786928,0.050528,0.017753,0.070408,-0.913628,-0.400015,1.535469,1.119948,0.052807,-0.014548,-0.004133,-0.973733,-0.227189,1.459216,0.960717,0.952117
200,1.666667,-0.017409,-0.043491,-0.987164,-0.152687,1.433657,0.786924,0.050533,0.017787,0.070407,-0.913636,-0.399995,1.535467,1.119949,0.052811,-0.014678,-0.004109,-0.973730,-0.227194,1.459274,0.960683,0.952119
201,1.675000,-0.017451,-0.043545,-0.987153,-0.152735,1.433663,0.786920,0.050524,0.017770,0.070598,-0.913616,-0.400006,1.535463,1.119959,0.052817,-0.014723,-0.004150,-0.973738,-0.227157,1.459346,0.960637,0.952152
202,1.683333,-0.017461,-0.043406,-0.987164,-0.152703,1.433669,0.786921,0.050513,0.017844,0.070575,-0.913626,-0.399986,1.535465,1.119950,0.052813,-0.014704,-0.004166,-0.973745,-0.227128,1.459404,0.960622,0.952157
203,1.691667,-0.017401,-0.043458,-0.987153,-0.152767,1.433667,0.786920,0.050525,0.017810,0.070568,-0.913628,-0.399984,1.535465,1.119953,0.052821,-0.014814,-0.004110,-0.973722,-0.227221,1.459486,0.960595,0.952132
204,1.700000,-0.017447,-0.043514,-0.987149,-0.152774,1.433660,0.786916,0.050528,0.017856,0.070647,-0.913627,-0.399970,1.535465,1.119951,0.052827,-0.014889,-0.004154,-0.973725,-0.227201,1.459559,0.960573,0.952139
205,1.708333,-0.017485,-0.043382,-0.987157,-0.152750,1.433664,0.786908,0.050529,0.017876,0.070664,-0.913628,-0.399964,1.535467,1.119945,0.052821,-0.014827,-0.004193,-0.973706,-0.227286,1.459670,0.960526,0.952134
206,1.716667,-0.017458,-0.043499,-0.987146,-0.152792,1.433654,0.786899,0.050532,0.017851,0.070577,-0.913625,-0.399986,1.535473,1.119941,0.052828,-0.014849,-0.004099,-0.973696,-0.227330,1.459763,0.960484,0.952133
207,1.725000,-0.017441,-0.043404,-0.987146,-0.152825,1.433660,0.786905,0.050530,0.017862,0.070565,-0.913628,-0.399981,1.535469,1.119943,0.052827,-0.014918,-0.004105,-0.973695,-0.227329,1.459820,0.960466,0.952160
208,1.733333,-0.017386,-0.043432,-0.987140,-0.152859,1.433657,0.786902,0.050544,0.017821,0.070559,-0.913622,-0.400000,1.535475,1.119941,0.052829,-0.014865,-0.004084,-0.973685,-0.227377,1.459899,0.960432,0.952175
209,1.741667,-0.017460,-0.043338,-0.987144,-0.152853,1.433659,0.786905,0.050534,0.017851,0.070580,-0.913635,-0.399965,1.535473,1.119945,0.052827,-0.014587,-0.004052,-0.973675,-0.227439,1.460005,0.960391,0.952185
210,1.750000,-0.017469,-0.043274,-0.987144,-0.152866,1.433657,0.786903,0.050537,0.017806,0.070591,-0.913624,-0.399989,1.535469,1.119947,0.052827,-0.014791,-0.003908,-0.973624,-0.227645,1.460109,0.960339,0.952197
211,1.758333,-0.017469,-0.043283,-0.987145,-0.152859,1.433663,0.786900,0.050536,0.017816,0.070591,-0.913623,-0.399992,1.535470,1.119943,0.052825,-0.014664,-0.003846,-0.973601,-0.227754,1.460214,0.960298,0.952200
212,1.766667,-0.017485,-0.043253,-0.987138,-0.152914,1.433667,0.786893,0.050542,0.017796,0.070441,-0.913626,-0.400010,1.535472,1.119937,0.052822,-0.014575,-0.004142,-0.973575,-0.227863,1.460309,0.960326,0.952163
213,1.775000,-0.017468,-0.043257,-0.987142,-0.152888,1.433657,0.786888,0.050555,0.017848,0.070458,-0.913646,-0.399959,1.535478,1.119944,0.052831,-0.014388,-0.004127,-0.973561,-0.227936,1.460410,0.960294,0.952158
214,1.783333,-0.016839,-0.043267,-0.987114,-0.153139,1.433680,0.786854,0.050628,0.017909,0.070533,-0.913647,-0.399942,1.535473,1.119950,0.052836,-0.014272,-0.004077,-0.973543,-0.228021,1.460475,0.960292,0.952167
215,1.791667,-0.016676,-0.043320,-0.987106,-0.153189,1.433686,0.786842,0.050655,0.017802,0.070483,-0.913634,-0.399984,1.535485,1.119944,0.052832,-0.014359,-0.004047,-0.973527,-0.228084,1.460568,0.960254,0.952170
216,1.800000,-0.017420,-0.043389,-0.987125,-0.152967,1.433661,0.786879,0.050566,0.017775,0.070465,-0.913654,-0.399944,1.535490,1.119945,0.052832,-0.014291,-0.003952,-0.973499,-0.228212,1.460645,0.960237,0.952157
217,1.808333,-0.016971,-0.043263,-0.987110,-0.153146,1.433677,0.786856,0.050618,0.017809,0.070429,-0.913658,-0.399939,1.535493,1.119945,0.052835,-0.014168,-0.003955,-0.973479,-0.228302,1.460740,0.960214,0.952176
218,1.816667,-0.017462,-0.043372,-0.987125,-0.152966,1.433664,0.786873,0.050569,0.017747,0.070395,-0.913670,-0.399921,1.535494,1.119944,0.052828,-0.014160,-0.003917,-0.973441,-0.228467,1.460841,0.960189,0.952186
219,1.825000,-0.016970,-0.043288,-0.987105,-0.153171,1.433680,0.786843,0.050633,0.017722,0.070395,-0.913659,-0.399947,1.535498,1.119939,0.052823,-0.014066,-0.003876,-0.973409,-0.228608,1.460931,0.960171,0.952200
220,1.833333,-0.016673,-0.043231,-0.987108,-0.153202,1.433688,0.786837,0.050669,0.017694,0.070414,-0.913668,-0.399924,1.535502,1.119943,0.052831,-0.014124,-0.003797,-0.973391,-0.228685,1.460995,0.960181,0.952184
221,1.841667,-0.016762,-0.043240,-0.987103,-0.153225,1.433687,0.786841,0.050663,0.017769,0.070520,-0.913662,-0.399915,1.535501,1.119942,0.052821,-0.014092,-0.003740,-0.973368,-0.228785,1.461074,0.960160,0.952208
222,1.850000,-0.016729,-0.043297,-0.987095,-0.153261,1.433686,0.786836,0.050662,0.017770,0.070435,-0.913664,-0.399927,1.535500,1.119942,0.052827,-0.014251,-0.003776,-0.973341,-0.228890,1.461131,0.960151,0.952157
223,1.858333,-0.016696,-0.043273,-0.987095,-0.153273,1.433675,0.786830,0.050668,0.017706,0.070379,-0.913647,-0.399978,1.535501,1.119933,0.052823,-0.014069,-0.003714,-0.973343,-0.228894,1.461186,0.960160,0.952210
224,1.866667,-0.016776,-0.043241,-0.987091,-0.153296,1.433689,0.786837,0.050653,0.017759,0.070488,-0.913654,-0.399941,1.535501,1.119945,0.052828,-0.014362,-0.003645,-0.973310,-0.229014,1.461243,0.960099,0.952183
225,1.875000,-0.016765,-0.043295,-0.987092,-0.153279,1.433684,0.786836,0.050661,0.017770,0.070527,-0.913643,-0.399957,1.535501,1.119945,0.052832,-0.014340,-0.003635,-0.973306,-0.229036,1.461313,0.960124,0.952187
226,1.883333,-0.016777,-0.043287,-0.987089,-0.153298,1.433691,0.786827,0.050660,0.017799,0.070512,-0.913661,-0.399919,1.535501,1.119951,0.052840,-0.014941,-0.003471,-0.973252,-0.229227,1.461393,0.960061,0.952172
227,1.891667,-0.016789,-0.043312,-0.987091,-0.153279,1.433680,0.786829,0.050660,0.017856,0.070632,-0.913648,-0.399923,1.535499,1.119946,0.052840,-0.015192,-0.003386,-0.973236,-0.229282,1.461439,0.960045,0.952182
228,1.900000,-0.016778,-0.043268,-0.987087,-0.153314,1.433677,0.786833,0.050668,0.017745,0.070498,-0.913647,-0.399955,1.535498,1.119942,0.052830,-0.015046,-0.003740,-0.973201,-0.229431,1.461523,0.960132,0.952163
229,1.908333,-0.016759,-0.043284,-0.987087,-0.153313,1.433677,0.786833,0.050667,0.017772,0.070505,-0.913651,-0.399944,1.535494,1.119939,0.052822,-0.015136,-0.003768,-0.973186,-0.229488,1.461586,0.960110,0.952180
230,1.916667,-0.016781,-0.043286,-0.987084,-0.153332,1.433670,0.786829,0.050663,0.017808,0.070516,-0.913652,-0.399938,1.535494,1.119941,0.052829,-0.015236,-0.003761,-0.973164,-0.229578,1.461655,0.960082,0.952194
231,1.925000,-0.016769,-0.043285,-0.987084,-0.153334,1.433677,0.786825,0.050667,0.017772,0.070532,-0.913647,-0.399948,1.535493,1.119944,0.052829,-0.015275,-0.003526,-0.973146,-0.229654,1.461711,0.960102,0.952232
232,1.933333,-0.016749,-0.043363,-0.987077,-0.153359,1.433671,0.786818,0.050668,0.017814,0.070469,-0.913646,-0.399961,1.535490,1.119937,0.052829,-0.015391,-0.003520,-0.973124,-0.229742,1.461776,0.960064,0.952253
233,1.941667,-0.016763,-0.043280,-0.987074,-0.153394,1.433668,0.786821,0.050668,0.017844,0.070470,-0.913648,-0.399954,1.535492,1.119935,0.052828,-0.015407,-0.003445,-0.973101,-0.229835,1.461847,0.960056,0.952273
234,1.950000,-0.016823,-0.043430,-0.987061,-0.153435,1.433666,0.786815,0.050668,0.017801,0.070561,-0.913649,-0.399937,1.535492,1.119947,0.052829,-0.015522,-0.003410,-0.973093,-0.229863,1.461898,0.960033,0.952272
235,1.958333,-0.016739,-0.043374,-0.987069,-0.153408,1.433667,0.786815,0.050677,0.017857,0.070566,-0.913642,-0.399949,1.535489,1.119943,0.052834,-0.015475,-0.003376,-0.973099,-0.229841,1.461907,0.960068,0.952289
236,1.966667,-0.016758,-0.043355,-0.987072,-0.153392,1.433678,0.786821,0.050665,0.017827,0.070555,-0.913635,-0.399968,1.535486,1.119943,0.052841,-0.015484,-0.003315,-0.973079,-0.229926,1.461998,0.960021,0.952334
237,1.975000,-0.016815,-0.043352,-0.987071,-0.153394,1.433682,0.786824,0.050659,0.017836,0.070618,-0.913636,-0.399956,1.535489,1.119944,0.052829,-0.015661,-0.003183,-0.973056,-0.230015,1.462087,0.959953,0.952345
238,1.983333,-0.016793,-0.043193,-0.987079,-0.153387,1.433686,0.786824,0.050656,0.017804,0.070568,-0.913650,-0.399933,1.535493,1.119940,0.052827,-0.015614,-0.003149,-0.973018,-0.230179,1.462201,0.959935,0.952374
239,1.991667,-0.016826,-0.043316,-0.987067,-0.153427,1.433672,0.786821,0.050673,0.017816,0.070520,-0.913650,-0.399942,1.535492,1.119942,0.052833,-0.015733,-0.002956,-0.972974,-0.230359,1.462300,0.959897,0.952413
240,2.000000,-0.016773,-0.043276,-0.987072,-0.153414,1.433682,0.786824,0.050674,0.017721,0.070503,-0.913628,-0.400000,1.535493,1.119939,0.052819,-0.015765,-0.002886,-0.972973,-0.230361,1.462354,0.959866,0.952395
241,2.008333,-0.016795,-0.043332,-0.987069,-0.153412,1.433684,0.786817,0.050682,0.017749,0.070509,-0.913634,-0.399982,1.535491,1.119938,0.052826,-0.015785,-0.002421,-0.972964,-0.230405,1.462395,0.959809,0.952452
242,2.016667,-0.016787,-0.043351,-0.987069,-0.153409,1.433687,0.786816,0.050676,0.017817,0.070592,-0.913638,-0.399956,1.535497,1.119938,0.052829,-0.015890,-0.002670,-0.972921,-0.230575,1.462558,0.959766,0.952418
243,2.025000,-0.016812,-0.043275,-0.987069,-0.153428,1.433688,0.786815,0.050678,0.017776,0.070622,-0.913630,-0.399971,1.535497,1.119942,0.052828,-0.016148,-0.002465,-0.972876,-0.230751,1.462687,0.959703,0.952438
244,2.033333,-0.016751,-0.043326,-0.987062,-0.153463,1.433685,0.786808,0.050683,0.017741,0.070479,-0.913641,-0.399972,1.535503,1.119938,0.052821,-0.015951,-0.002574,-0.972870,-0.230787,1.462742,0.959722,0.952481
245,2.041667,-0.016819,-0.043236,-0.987067,-0.153447,1.433694,0.786811,0.050672,0.017784,0.070569,-0.913637,-0.399964,1.535500,1.119939,0.052833,-0.016156,-0.002378,-0.972832,-0.230935,1.462866,0.959645,0.952463
246,2.050000,-0.016806,-0.043297,-0.987057,-0.153497,1.433687,0.786817,0.050676,0.017806,0.070587,-0.913642,-0.399948,1.535501,1.119938,0.052826,-0.016089,-0.002380,-0.972830,-0.230951,1.462926,0.959641,0.952487
247,2.058333,-0.016867,-0.043233,-0.987063,-0.153473,1.433687,0.786811,0.050672,0.017742,0.070443,-0.913619,-0.400028,1.535493,1.119932,0.052832,-0.016339,-0.002275,-0.972820,-0.230976,1.462984,0.959600,0.952485
248,2.066667,-0.016889,-0.043206,-0.987063,-0.153474,1.433694,0.786810,0.050662,0.017817,0.070578,-0.913625,-0.399989,1.535492,1.119934,0.052829,-0.016307,-0.002210,-0.972772,-0.231177,1.463073,0.959593,0.952464
249,2.075000,-0.016896,-0.043290,-0.987055,-0.153500,1.433693,0.786790,0.050664,0.017735,0.070523,-0.913620,-0.400013,1.535492,1.119936,0.052829,-0.016555,-0.002140,-0.972773,-0.231157,1.463142,0.959537,0.952529
250,2.083333,-0.016937,-0.043238,-0.987056,-0.153504,1.433689,0.786782,0.050666,0.017826,0.070635,-0.913625,-0.399979,1.535486,1.119939,0.052832,-0.016543,-0.002026,-0.972756,-0.231233,1.463200,0.959523,0.952526
251,2.091667,-0.016939,-0.043237,-0.987046,-0.153570,1.433679,0.786783,0.050678,0.017679,0.070409,-0.913623,-0.400029,1.535495,1.119926,0.052811,-0.016755,-0.001869,-0.972729,-0.231331,1.463278,0.959467,0.952516
252,2.100000,-0.016926,-0.043168,-0.987041,-0.153623,1.433669,0.786777,0.050680,0.017707,0.070480,-0.913622,-0.400017,1.535488,1.119926,0.052817,-0.016769,-0.001903,-0.972704,-0.231433,1.463346,0.959472,0.952545
253,2.108333,-0.016931,-0.043160,-0.987037,-0.153654,1.433669,0.786764,0.050680,0.017688,0.070471,-0.913625,-0.400013,1.535486,1.119917,0.052808,-0.016948,-0.001868,-0.972696,-0.231457,1.463408,0.959415,0.952540
254,2.116667,-0.017004,-0.043228,-0.987035,-0.153638,1.433673,0.786768,0.050662,0.017599,0.070307,-0.913608,-0.400084,1.535482,1.119908,0.052800,-0.016877,-0.001794,-0.972662,-0.231606,1.463485,0.959398,0.952529
255,2.125000,-0.016995,-0.043084,-0.987044,-0.153623,1.433684,0.786777,0.050663,0.017590,0.070261,-0.913597,-0.400117,1.535476,1.119901,0.052795,-0.016979,-0.001787,-0.972646,-0.231663,1.463550,0.959364,0.952541
256,2.133333,-0.017008,-0.043090,-0.987049,-0.153588,1.433694,0.786788,0.050654,0.017623,0.070246,-0.913595,-0.400123,1.535474,1.119906,0.052801,-0.016691,-0.001737,-0.972615,-0.231817,1.463617,0.959391,0.952586
257,2.141667,-0.017000,-0.043069,-0.987053,-0.153565,1.433694,0.786791,0.050651,0.017636,0.070163,-0.913589,-0.400153,1.535470,1.119901,0.052801,-0.016840,-0.002005,-0.972571,-0.231986,1.463746,0.959367,0.952538
258,2.150000,-0.017020,-0.042921,-0.987064,-0.153533,1.433697,0.786796,0.050652,0.017627,0.070130,-0.913587,-0.400162,1.535475,1.119905,0.052799,-0.016832,-0.001911,-0.972532,-0.232150,1.463832,0.959316,0.952547
259,2.158333,-0.016972,-0.043081,-0.987054,-0.153561,1.433694,0.786796,0.050653,0.017727,0.070258,-0.913605,-0.400094,1.535484,1.119911,0.052809,-0.016829,-0.001924,-0.972509,-0.232247,1.463911,0.959286,0.952549
260,2.166667,-0.016978,-0.042941,-0.987054,-0.153596,1.433693,0.786796,0.050655,0.017802,0.070377,-0.913610,-0.400058,1.535479,1.119925,0.052828,-0.016771,-0.001919,-0.972486,-0.232350,1.463979,0.959272,0.952560
261,2.175000,-0.017020,-0.043029,-0.987047,-0.153615,1.433688,0.786791,0.050657,0.017856,0.070382,-0.913610,-0.400055,1.535486,1.119929,0.052833,-0.016817,-0.001855,-0.972449,-0.232502,1.464085,0.959233,0.952544
262,2.183333,-0.017053,-0.042995,-0.987053,-0.153581,1.433697,0.786788,0.050640,0.017791,0.070451,-0.913622,-0.400018,1.535487,1.119929,0.052827,-0.016753,-0.001796,-0.972426,-0.232604,1.464156,0.959213,0.952551
263,2.191667,-0.017017,-0.043032,-0.987045,-0.153625,1.433693,0.786786,0.050655,0.017827,0.070469,-0.913600,-0.400063,1.535478,1.119932,0.052832,-0.016797,-0.001681,-0.972401,-0.232703,1.464251,0.959174,0.952566
264,2.200000,-0.016983,-0.043068,-0.987037,-0.153673,1.433689,0.786780,0.050668,0.017875,0.070440,-0.913610,-0.400043,1.535479,1.119938,0.052848,-0.016834,-0.001736,-0.972382,-0.232782,1.464325,0.959146,0.952572
265,2.208333,-0.016967,-0.042943,-0.987046,-0.153651,1.433687,0.786781,0.050671,0.017792,0.070391,-0.913591,-0.400101,1.535475,1.119927,0.052832,-0.016781,-0.001741,-0.972375,-0.232812,1.464414,0.959096,0.952613
266,2.216667,-0.016925,-0.042963,-0.987038,-0.153700,1.433686,0.786780,0.050672,0.017745,0.070328,-0.913589,-0.400117,1.535476,1.119923,0.052827,-0.016784,-0.001863,-0.972354,-0.232898,1.464526,0.959038,0.952602
267,2.225000,-0.016977,-0.042959,-0.987042,-0.153670,1.433694,0.786774,0.050665,0.017723,0.070202,-0.913585,-0.400151,1.535479,1.119916,0.052814,-0.016670,-0.001797,-0.972324,-0.233036,1.464620,0.959008,0.952605
268,2.233333,-0.016991,-0.042926,-0.987041,-0.153684,1.433692,0.786773,0.050665,0.017680,0.070263,-0.913580,-0.400153,1.535478,1.119911,0.052821,-0.016610,-0.001768,-0.972298,-0.233147,1.464698,0.958979,0.952608
269,2.241667,-0.016998,-0.042900,-0.987043,-0.153678,1.433695,0.786773,0.050658,0.017723,0.070235,-0.913578,-0.400160,1.535482,1.119916,0.052819,-0.016445,-0.001748,-0.972278,-0.233242,1.464787,0.958959,0.952612
270,2.250000,-0.017002,-0.042810,-0.987043,-0.153703,1.433697,0.786769,0.050663,0.017701,0.070291,-0.913588,-0.400129,1.535484,1.119912,0.052815,-0.016423,-0.001808,-0.972269,-0.233279,1.464869,0.958923,0.952622
271,2.258333,-0.017005,-0.042760,-0.987034,-0.153776,1.433694,0.786772,0.050671,0.017704,0.070266,-0.913574,-0.400165,1.535479,1.119920,0.052824,-0.016372,-0.001747,-0.972269,-0.233286,1.464927,0.958899,0.952645
272,2.266667,-0.016987,-0.042741,-0.987035,-0.153776,1.433695,0.786764,0.050666,0.017812,0.070343,-0.913574,-0.400146,1.535482,1.119921,0.052828,-0.016552,-0.001625,-0.972251,-0.233349,1.465008,0.958824,0.952664
273,2.275000,-0.017001,-0.042686,-0.987033,-0.153802,1.433699,0.786762,0.050664,0.017841,0.070363,-0.913598,-0.400087,1.535485,1.119921,0.052834,-0.016104,-0.001726,-0.972282,-0.233248,1.465037,0.958845,0.952671
274,2.283333,-0.016994,-0.042703,-0.987035,-0.153784,1.433695,0.786754,0.050668,0.017789,0.070407,-0.913590,-0.400100,1.535491,1.119927,0.052831,-0.016333,-0.001611,-0.972269,-0.233288,1.465108,0.958775,0.952685
275,2.291667,-0.017020,-0.042720,-0.987026,-0.153834,1.433690,0.786748,0.050680,0.017792,0.070469,-0.913603,-0.400060,1.535497,1.119930,0.052840,-0.016149,-0.001901,-0.972263,-0.233322,1.465188,0.958793,0.952619
276,2.300000,-0.016999,-0.042642,-0.987026,-0.153855,1.433697,0.786750,0.050683,0.017799,0.070453,-0.913607,-0.400053,1.535491,1.119933,0.052848,-0.016195,-0.001941,-0.972263,-0.233323,1.465250,0.958760,0.952630
277,2.308333,-0.017055,-0.042662,-0.987026,-0.153845,1.433707,0.786739,0.050679,0.017763,0.070463,-0.913608,-0.400050,1.535496,1.119935,0.052841,-0.016156,-0.001913,-0.972259,-0.233340,1.465290,0.958715,0.952621
278,2.316667,-0.016993,-0.042685,-0.987027,-0.153842,1.433701,0.786737,0.050682,0.017827,0.070477,-0.913613,-0.400034,1.535492,1.119934,0.052844,-0.016091,-0.001990,-0.972273,-0.233284,1.465336,0.958702,0.952631
279,2.325000,-0.016981,-0.042723,-0.987022,-0.153865,1.433701,0.786742,0.050687,0.017861,0.070556,-0.913599,-0.400049,1.535483,1.119931,0.052858,-0.016127,-0.001934,-0.972262,-0.233329,1.465390,0.958639,0.952621
280,2.333333,-0.016976,-0.042610,-0.987026,-0.153871,1.433697,0.786741,0.050687,0.017729,0.070428,-0.913594,-0.400089,1.535489,1.119925,0.052839,-0.016019,-0.002014,-0.972270,-0.233305,1.465428,0.958618,0.952633
281,2.341667,-0.017028,-0.042577,-0.987019,-0.153919,1.433704,0.786739,0.050689,0.017732,0.070446,-0.913597,-0.400080,1.535489,1.119923,0.052837,-0.015885,-0.002032,-0.972288,-0.233238,1.465464,0.958610,0.952636
282,2.350000,-0.017000,-0.042655,-0.987016,-0.153920,1.433706,0.786731,0.050687,0.017740,0.070397,-0.913578,-0.400132,1.535482,1.119922,0.052834,-0.015821,-0.002028,-0.972292,-0.233224,1.465499,0.958585,0.952647
283,2.358333,-0.017028,-0.042527,-0.987030,-0.153861,1.433712,0.786725,0.050678,0.017738,0.070442,-0.913582,-0.400113,1.535489,1.119920,0.052822,-0.015846,-0.001981,-0.972276,-0.233288,1.465542,0.958535,0.952633
284,2.366667,-0.017071,-0.042546,-0.987021,-0.153912,1.433713,0.786729,0.050675,0.017720,0.070353,-0.913588,-0.400117,1.535494,1.119915,0.052821,-0.015751,-0.002097,-0.972304,-0.233179,1.465562,0.958549,0.952644
285,2.375000,-0.017095,-0.042491,-0.987031,-0.153856,1.433720,0.786723,0.050665,0.017818,0.070430,-0.913579,-0.400119,1.535488,1.119917,0.052829,-0.015825,-0.002042,-0.972298,-0.233200,1.465597,0.958505,0.952629
286,2.383333,-0.017026,-0.042486,-0.987030,-0.153875,1.433714,0.786722,0.050672,0.017802,0.070462,-0.913583,-0.400106,1.535494,1.119918,0.052831,-0.015718,-0.002066,-0.972306,-0.233172,1.465616,0.958492,0.952634
287,2.391667,-0.017072,-0.042552,-0.987022,-0.153899,1.433703,0.786722,0.050675,0.017811,0.070551,-0.913590,-0.400074,1.535488,1.119923,0.052839,-0.015465,-0.002044,-0.972305,-0.233194,1.465644,0.958521,0.952687
288,2.400000,-0.017074,-0.042547,-0.987023,-0.153899,1.433709,0.786722,0.050673,0.017798,0.070589,-0.913585,-0.400078,1.535491,1.119921,0.052838,-0.015256,-0.002101,-0.972323,-0.233131,1.465653,0.958499,0.952655
289,2.408333,-0.017109,-0.042482,-0.987027,-0.153882,1.433712,0.786717,0.050670,0.017812,0.070520,-0.913587,-0.400087,1.535492,1.119920,0.052842,-0.015206,-0.002097,-0.972325,-0.233129,1.465669,0.958484,0.952659
290,2.416667,-0.017125,-0.042486,-0.987032,-0.153850,1.433712,0.786713,0.050667,0.017851,0.070512,-0.913576,-0.400112,1.535492,1.119923,0.052851,-0.015228,-0.002163,-0.972317,-0.233160,1.465687,0.958471,0.952665
291,2.425000,-0.017125,-0.042365,-0.987037,-0.153848,1.433711,0.786719,0.050664,0.017827,0.070496,-0.913582,-0.400101,1.535488,1.119920,0.052843,-0.015272,-0.002137,-0.972293,-0.233258,1.465728,0.958440,0.952638
292,2.433333,-0.017098,-0.042420,-0.987036,-0.153847,1.433709,0.786708,0.050666,0.017863,0.070559,-0.913568,-0.400119,1.535483,1.119916,0.052853,-0.015198,-0.002222,-0.972297,-0.233245,1.465738,0.958428,0.952645
293,2.441667,-0.017072,-0.042360,-0.987038,-0.153853,1.433708,0.786713,0.050662,0.017839,0.070474,-0.913560,-0.400155,1.535478,1.119913,0.052839,-0.015144,-0.002136,-0.972288,-0.233285,1.465736,0.958425,0.952620
294,2.450000,-0.017065,-0.042452,-0.987030,-0.153880,1.433704,0.786715,0.050667,0.017827,0.070413,-0.913552,-0.400183,1.535475,1.119915,0.052846,-0.015090,-0.002222,-0.972294,-0.233262,1.465735,0.958400,0.952656
295,2.458333,-0.017038,-0.042439,-0.987041,-0.153815,1.433711,0.786713,0.050660,0.017838,0.070561,-0.913581,-0.400091,1.535482,1.119920,0.052843,-0.015131,-0.002195,-0.972265,-0.233384,1.465755,0.958373,0.952629
296,2.466667,-0.017069,-0.042468,-0.987047,-0.153765,1.433707,0.786712,0.050655,0.017919,0.070573,-0.913583,-0.400080,1.535481,1.119921,0.052852,-0.015055,-0.002205,-0.972270,-0.233366,1.465736,0.958363,0.952657
297,2.475000,-0.017088,-0.042447,-0.987039,-0.153818,1.433708,0.786711,0.050653,0.017905,0.070546,-0.913573,-0.400109,1.535481,1.119916,0.052839,-0.014930,-0.002288,-0.972267,-0.233384,1.465735,0.958349,0.952677
298,2.483333,-0.017035,-0.042471,-0.987046,-0.153777,1.433703,0.786717,0.050660,0.017865,0.070494,-0.913557,-0.400156,1.535475,1.119922,0.052849,-0.014958,-0.002257,-0.972249,-0.233457,1.465728,0.958331,0.952677
299,2.491667,-0.017021,-0.042493,-0.987049,-0.153749,1.433704,0.786719,0.050661,0.017837,0.070489,-0.913564,-0.400143,1.535480,1.119918,0.052839,-0.014963,-0.002267,-0.972231,-0.233533,1.465741,0.958310,0.952664
300,2.500000,-0.017017,-0.042382,-0.987056,-0.153735,1.433699,0.786726,0.050661,0.017856,0.070422,-0.913565,-0.400150,1.535477,1.119919,0.052839,-0.014743,-0.002302,-0.972226,-0.233566,1.465706,0.958302,0.952696
301,2.508333,-0.017050,-0.042419,-0.987057,-0.153713,1.433707,0.786729,0.050651,0.017812,0.070417,-0.913563,-0.400159,1.535476,1.119913,0.052828,-0.014814,-0.002293,-0.972194,-0.233699,1.465717,0.958287,0.952679
302,2.516667,-0.016981,-0.042453,-0.987058,-0.153708,1.433705,0.786725,0.050657,0.017861,0.070574,-0.913554,-0.400150,1.535468,1.119920,0.052842,-0.015011,-0.002221,-0.972189,-0.233707,1.465676,0.958234,0.952665
303,2.525000,-0.017047,-0.042422,-0.987056,-0.153723,1.433705,0.786728,0.050643,0.017847,0.070576,-0.913559,-0.400138,1.535472,1.119923,0.052836,-0.014980,-0.002234,-0.972172,-0.233779,1.465664,0.958215,0.952666
304,2.533333,-0.016978,-0.042437,-0.987059,-0.153703,1.433698,0.786730,0.050663,0.017904,0.070655,-0.913549,-0.400144,1.535465,1.119924,0.052847,-0.015038,-0.002222,-0.972156,-0.233842,1.465641,0.958211,0.952677
305,2.541667,-0.016981,-0.042405,-0.987060,-0.153706,1.433702,0.786726,0.050661,0.017865,0.070600,-0.913536,-0.400185,1.535464,1.119920,0.052841,-0.014969,-0.002218,-0.972139,-0.233918,1.465614,0.958211,0.952676
306,2.550000,-0.016995,-0.042493,-0.987063,-0.153662,1.433702,0.786727,0.050653,0.017818,0.070599,-0.913537,-0.400186,1.535462,1.119913,0.052826,-0.015001,-0.002205,-0.972121,-0.233990,1.465585,0.958206,0.952659
307,2.558333,-0.016987,-0.042524,-0.987061,-0.153668,1.433699,0.786726,0.050657,0.017793,0.070606,-0.913547,-0.400163,1.535466,1.119912,0.052822,-0.015154,-0.002266,-0.972110,-0.234024,1.465564,0.958183,0.952650
308,2.566667,-0.017027,-0.042469,-0.987065,-0.153653,1.433704,0.786729,0.050649,0.017804,0.070625,-0.913548,-0.400156,1.535464,1.119917,0.052825,-0.015109,-0.002188,-0.972098,-0.234080,1.465540,0.958183,0.952638
309,2.575000,-0.017017,-0.042423,-0.987066,-0.153658,1.433700,0.786730,0.050646,0.017851,0.070763,-0.913540,-0.400149,1.535460,1.119917,0.052830,-0.015145,-0.002272,-0.972087,-0.234119,1.465513,0.958170,0.952646
310,2.583333,-0.016974,-0.042516,-0.987064,-0.153654,1.433693,0.786730,0.050648,0.017926,0.070813,-0.913539,-0.400139,1.535456,1.119921,0.052828,-0.015164,-0.002255,-0.972074,-0.234174,1.465470,0.958190,0.952632
311,2.591667,-0.016965,-0.042450,-0.987077,-0.153586,1.433701,0.786739,0.050648,0.017934,0.070924,-0.913528,-0.400143,1.535456,1.119920,0.052827,-0.015167,-0.002234,-0.972067,-0.234201,1.465436,0.958185,0.952627
312,2.600000,-0.016968,-0.042589,-0.987067,-0.153616,1.433687,0.786736,0.050657,0.017856,0.070923,-0.913535,-0.400130,1.535455,1.119911,0.052820,-0.015298,-0.002324,-0.972065,-0.234202,1.465413,0.958173,0.952640
313,2.608333,-0.016978,-0.042501,-0.987074,-0.153591,1.433693,0.786740,0.050653,0.017902,0.071001,-0.913523,-0.400142,1.535457,1.119908,0.052810,-0.015384,-0.002362,-0.972062,-0.234206,1.465394,0.958142,0.952640
314,2.616667,-0.016922,-0.042484,-0.987074,-0.153600,1.433681,0.786743,0.050662,0.017831,0.070925,-0.913511,-0.400188,1.535446,1.119910,0.052812,-0.015440,-0.002416,-0.972105,-0.234027,1.465264,0.958192,0.952621
315,2.625000,-0.016945,-0.042553,-0.987075,-0.153577,1.433688,0.786742,0.050650,0.017844,0.071041,-0.913496,-0.400200,1.535447,1.119908,0.052806,-0.015510,-0.002382,-0.972097,-0.234054,1.465242,0.958185,0.952607
316,2.633333,-0.016955,-0.042537,-0.987083,-0.153524,1.433687,0.786745,0.050645,0.017927,0.071140,-0.913505,-0.400157,1.535444,1.119901,0.052809,-0.015563,-0.002414,-0.972077,-0.234134,1.465242,0.958184,0.952639
317,2.641667,-0.016906,-0.042545,-0.987084,-0.153522,1.433687,0.786746,0.050640,0.017871,0.071194,-0.913503,-0.400156,1.535447,1.119899,0.052803,-0.015649,-0.002502,-0.972120,-0.233947,1.465130,0.958195,0.952608
318,2.650000,-0.016865,-0.042505,-0.987089,-0.153506,1.433682,0.786746,0.050641,0.017987,0.071188,-0.913492,-0.400176,1.535436,1.119900,0.052812,-0.015751,-0.002413,-0.972108,-0.233991,1.465115,0.958205,0.952621
319,2.658333,-0.016877,-0.042519,-0.987086,-0.153518,1.433683,0.786755,0.050643,0.017924,0.071136,-0.913469,-0.400241,1.535422,1.119888,0.052801,-0.015866,-0.002478,-0.972126,-0.233909,1.465057,0.958203,0.952641
320,2.666667,-0.016910,-0.042460,-0.987093,-0.153489,1.433686,0.786758,0.050641,0.017930,0.071188,-0.913457,-0.400258,1.535420,1.119889,0.052796,-0.016005,-0.002120,-0.972137,-0.233855,1.464980,0.958154,0.952694
321,2.675000,-0.016899,-0.042519,-0.987090,-0.153493,1.433680,0.786757,0.050639,0.017937,0.071276,-0.913472,-0.400209,1.535426,1.119893,0.052787,-0.015862,-0.002055,-0.972118,-0.233947,1.464945,0.958181,0.952669
322,2.683333,-0.016836,-0.042525,-0.987095,-0.153466,1.433682,0.786754,0.050640,0.017947,0.071349,-0.913459,-0.400224,1.535422,1.119889,0.052787,-0.015812,-0.002276,-0.972131,-0.233892,1.464956,0.958134,0.952677
323,2.691667,-0.016900,-0.042595,-0.987098,-0.153422,1.433686,0.786762,0.050622,0.017999,0.071369,-0.913465,-0.400205,1.535419,1.119888,0.052790,-0.015886,-0.002034,-0.972161,-0.233765,1.464827,0.958197,0.952671
324,2.700000,-0.016892,-0.042589,-0.987100,-0.153411,1.433690,0.786763,0.050621,0.017935,0.071467,-0.913455,-0.400214,1.535416,1.119889,0.052784,-0.015905,-0.002032,-0.972168,-0.233736,1.464772,0.958216,0.952673
325,2.708333,-0.016910,-0.042505,-0.987106,-0.153393,1.433684,0.786762,0.050629,0.017938,0.071366,-0.913451,-0.400241,1.535416,1.119884,0.052788,-0.015944,-0.002068,-0.972196,-0.233618,1.464687,0.958237,0.952673
326,2.716667,-0.016857,-0.042468,-0.987112,-0.153370,1.433677,0.786770,0.050631,0.017961,0.071431,-0.913442,-0.400248,1.535410,1.119884,0.052783,-0.015610,-0.002159,-0.972230,-0.233496,1.464603,0.958274,0.952635
327,2.725000,-0.016875,-0.042562,-0.987103,-0.153399,1.433680,0.786770,0.050624,0.018087,0.071530,-0.913440,-0.400231,1.535399,1.119886,0.052800,-0.015909,-0.002243,-0.972238,-0.233442,1.464542,0.958294,0.952646
328,2.733333,-0.016840,-0.042508,-0.987108,-0.153385,1.433683,0.786769,0.050618,0.018040,0.071471,-0.913423,-0.400281,1.535398,1.119876,0.052782,-0.015870,-0.002273,-0.972223,-0.233507,1.464527,0.958297,0.952631
329,2.741667,-0.016836,-0.042508,-0.987106,-0.153397,1.433674,0.786776,0.050633,0.017993,0.071388,-0.913431,-0.400280,1.535394,1.119885,0.052784,-0.015848,-0.002463,-0.972221,-0.233513,1.464536,0.958256,0.952644
330,2.750000,-0.016866,-0.042574,-0.987106,-0.153376,1.433669,0.786771,0.050627,0.017986,0.071463,-0.913423,-0.400285,1.535393,1.119876,0.052778,-0.015679,-0.002417,-0.972213,-0.233560,1.464484,0.958276,0.952578
331,2.758333,-0.016860,-0.042512,-0.987113,-0.153353,1.433674,0.786776,0.050627,0.017964,0.071455,-0.913418,-0.400300,1.535386,1.119882,0.052769,-0.015815,-0.002386,-0.972194,-0.233630,1.464461,0.958295,0.952594
332,2.766667,-0.016815,-0.042600,-0.987107,-0.153369,1.433676,0.786768,0.050625,0.018073,0.071594,-0.913407,-0.400294,1.535378,1.119880,0.052781,-0.015665,-0.002494,-0.972196,-0.233632,1.464408,0.958314,0.952557
333,2.775000,-0.016839,-0.042574,-0.987113,-0.153337,1.433674,0.786768,0.050622,0.018060,0.071654,-0.913415,-0.400266,1.535382,1.119882,0.052775,-0.015646,-0.002563,-0.972196,-0.233634,1.464374,0.958338,0.952557
334,2.783333,-0.016821,-0.042521,-0.987116,-0.153332,1.433671,0.786776,0.050625,0.017997,0.071618,-0.913406,-0.400296,1.535377,1.119873,0.052762,-0.015564,-0.002586,-0.972191,-0.233660,1.464341,0.958349,0.952551
335,2.791667,-0.016751,-0.042585,-0.987115,-0.153329,1.433658,0.786784,0.050623,0.018056,0.071652,-0.913388,-0.400327,1.535375,1.119868,0.052763,-0.015530,-0.002602,-0.972189,-0.233666,1.464288,0.958370,0.952532
336,2.800000,-0.016778,-0.042630,-0.987115,-0.153316,1.433669,0.786785,0.050617,0.017968,0.071477,-0.913393,-0.400351,1.535378,1.119869,0.052765,-0.015512,-0.002632,-0.972191,-0.233660,1.464248,0.958388,0.952523
337,2.808333,-0.016776,-0.042534,-0.987125,-0.153275,1.433671,0.786778,0.050618,0.018098,0.071624,-0.913407,-0.400288,1.535370,1.119867,0.052769,-0.015390,-0.002680,-0.972192,-0.233663,1.464195,0.958414,0.952532
338,2.816667,-0.016789,-0.042529,-0.987125,-0.153276,1.433669,0.786773,0.050622,0.018122,0.071715,-0.913406,-0.400274,1.535368,1.119874,0.052776,-0.015342,-0.002711,-0.972205,-0.233611,1.464139,0.958455,0.952531
339,2.825000,-0.016724,-0.042579,-0.987114,-0.153339,1.433657,0.786784,0.050631,0.018037,0.071627,-0.913407,-0.400290,1.535370,1.119875,0.052771,-0.015377,-0.002720,-0.972212,-0.233583,1.464097,0.958466,0.952530
340,2.833333,-0.016778,-0.042586,-0.987115,-0.153326,1.433658,0.786784,0.050626,0.018116,0.071701,-0.913420,-0.400242,1.535370,1.119877,0.052778,-0.015186,-0.003018,-0.972238,-0.233483,1.464025,0.958504,0.952584
341,2.841667,-0.016767,-0.042542,-0.987123,-0.153291,1.433660,0.786784,0.050618,0.018043,0.071628,-0.913405,-0.400295,1.535367,1.119869,0.052764,-0.015130,-0.002843,-0.972240,-0.233480,1.463972,0.958527,0.952544
342,2.850000,-0.016821,-0.042610,-0.987118,-0.153295,1.433666,0.786767,0.050610,0.018064,0.071679,-0.913399,-0.400297,1.535369,1.119871,0.052770,-0.015198,-0.003033,-0.972251,-0.233425,1.463933,0.958530,0.952555
343,2.858333,-0.016737,-0.042631,-0.987118,-0.153299,1.433670,0.786768,0.050618,0.017973,0.071635,-0.913405,-0.400297,1.535374,1.119865,0.052754,-0.015475,-0.003079,-0.972261,-0.233364,1.463884,0.958498,0.952518
344,2.866667,-0.016707,-0.042687,-0.987108,-0.153353,1.433647,0.786780,0.050628,0.018081,0.071660,-0.913421,-0.400249,1.535368,1.119874,0.052778,-0.015473,-0.003062,-0.972268,-0.233338,1.463847,0.958506,0.952505
345,2.875000,-0.016738,-0.042644,-0.987112,-0.153336,1.433654,0.786784,0.050625,0.018046,0.071706,-0.913418,-0.400250,1.535371,1.119876,0.052764,-0.015565,-0.003099,-0.972263,-0.233350,1.463814,0.958504,0.952492
346,2.883333,-0.016735,-0.042694,-0.987111,-0.153325,1.433662,0.786780,0.050631,0.018135,0.071721,-0.913409,-0.400264,1.535365,1.119870,0.052770,-0.015648,-0.003157,-0.972261,-0.233353,1.463799,0.958500,0.952506
347,2.891667,-0.016718,-0.042624,-0.987111,-0.153346,1.433650,0.786785,0.050630,0.018051,0.071675,-0.913401,-0.400294,1.535363,1.119872,0.052764,-0.015555,-0.003170,-0.972261,-0.233359,1.463763,0.958515,0.952488
348,2.900000,-0.016733,-0.042622,-0.987111,-0.153348,1.433648,0.786785,0.050631,0.017987,0.071688,-0.913396,-0.400306,1.535365,1.119874,0.052762,-0.015516,-0.003201,-0.972260,-0.233367,1.463729,0.958542,0.952476
349,2.908333,-0.016652,-0.042651,-0.987109,-0.153363,1.433645,0.786790,0.050625,0.018025,0.071710,-0.913396,-0.400301,1.535368,1.119874,0.052763,-0.015589,-0.003162,-0.972248,-0.233410,1.463705,0.958546,0.952456
350,2.916667,-0.016708,-0.042748,-0.987097,-0.153407,1.433639,0.786784,0.050627,0.018012,0.071715,-0.913402,-0.400286,1.535365,1.119873,0.052761,-0.015535,-0.003048,-0.972262,-0.233359,1.463648,0.958544,0.952520
351,2.925000,-0.016684,-0.042718,-0.987099,-0.153405,1.433636,0.786784,0.050632,0.018000,0.071673,-0.913387,-0.400329,1.535367,1.119868,0.052755,-0.015571,-0.002872,-0.972254,-0.233390,1.463642,0.958525,0.952536
352,2.933333,-0.016707,-0.042628,-0.987103,-0.153396,1.433644,0.786775,0.050635,0.018090,0.071781,-0.913395,-0.400287,1.535367,1.119864,0.052756,-0.015420,-0.003163,-0.972245,-0.233436,1.463662,0.958570,0.952476
353,2.941667,-0.016703,-0.042522,-0.987107,-0.153404,1.433648,0.786775,0.050625,0.017969,0.071647,-0.913386,-0.400336,1.535365,1.119867,0.052754,-0.015448,-0.002970,-0.972251,-0.233413,1.463608,0.958567,0.952521
354,2.950000,-0.016784,-0.042496,-0.987108,-0.153399,1.433646,0.786775,0.050628,0.018030,0.071721,-0.913406,-0.400275,1.535365,1.119873,0.052769,-0.015197,-0.003121,-0.972272,-0.233339,1.463554,0.958629,0.952539
355,2.958333,-0.016749,-0.042608,-0.987099,-0.153427,1.433645,0.786768,0.050631,0.017973,0.071726,-0.913394,-0.400305,1.535366,1.119864,0.052746,-0.015167,-0.003126,-0.972269,-0.233353,1.463538,0.958639,0.952534
356,2.966667,-0.016770,-0.042548,-0.987101,-0.153429,1.433647,0.786770,0.050640,0.017931,0.071691,-0.913389,-0.400325,1.535367,1.119867,0.052751,-0.015127,-0.003295,-0.972261,-0.233385,1.463559,0.958664,0.952474
357,2.975000,-0.016812,-0.042515,-0.987100,-0.153438,1.433653,0.786759,0.050638,0.018012,0.071749,-0.913380,-0.400330,1.535364,1.119865,0.052761,-0.015088,-0.003301,-0.972258,-0.233401,1.463554,0.958674,0.952486
358,2.983333,-0.016861,-0.042464,-0.987102,-0.153435,1.433656,0.786756,0.050628,0.018025,0.071782,-0.913403,-0.400271,1.535367,1.119864,0.052754,-0.015088,-0.003031,-0.972271,-0.233352,1.463509,0.958660,0.952502
359,2.991667,-0.016868,-0.042499,-0.987099,-0.153446,1.433659,0.786752,0.050628,0.017992,0.071773,-0.913388,-0.400308,1.535366,1.119861,0.052760,-0.015002,-0.003077,-0.972277,-0.233331,1.463507,0.958661,0.952497
360,3.000000,-0.016809,-0.042481,-0.987092,-0.153501,1.433651,0.786748,0.050641,0.017973,0.071696,-0.913399,-0.400299,1.535375,1.119855,0.052749,-0.014921,-0.003052,-0.972280,-0.233324,1.463495,0.958658,0.952474
361,3.008333,-0.016828,-0.042470,-0.987092,-0.153502,1.433658,0.786743,0.050638,0.018080,0.071783,-0.913421,-0.400227,1.535376,1.119861,0.052758,-0.014877,-0.002955,-0.972277,-0.233341,1.463496,0.958655,0.952468
362,3.016667,-0.016840,-0.042488,-0.987086,-0.153535,1.433652,0.786738,0.050642,0.018079,0.071794,-0.913417,-0.400235,1.535375,1.119863,0.052768,-0.014734,-0.002965,-0.972281,-0.233333,1.463513,0.958631,0.952472
363,3.025000,-0.016845,-0.042424,-0.987088,-0.153536,1.433660,0.786733,0.050640,0.017991,0.071603,-0.913426,-0.400252,1.535380,1.119855,0.052754,-0.014711,-0.003128,-0.972268,-0.233384,1.463556,0.958657,0.952414
364,3.033333,-0.016870,-0.042409,-0.987095,-0.153497,1.433662,0.786731,0.050648,0.018084,0.071741,-0.913430,-0.400214,1.535375,1.119864,0.052767,-0.014583,-0.003035,-0.972257,-0.233441,1.463564,0.958661,0.952403
365,3.041667,-0.016886,-0.042404,-0.987087,-0.153548,1.433666,0.786737,0.050639,0.018033,0.071658,-0.913431,-0.400230,1.535375,1.119869,0.052765,-0.014438,-0.002921,-0.972247,-0.233493,1.463581,0.958655,0.952389
366,3.050000,-0.016837,-0.042333,-0.987090,-0.153548,1.433666,0.786742,0.050646,0.018007,0.071532,-0.913430,-0.400256,1.535378,1.119864,0.052762,-0.014249,-0.002929,-0.972238,-0.233542,1.463601,0.958679,0.952360
367,3.058333,-0.016887,-0.042278,-0.987092,-0.153550,1.433669,0.786732,0.050640,0.018032,0.071511,-0.913417,-0.400288,1.535381,1.119856,0.052770,-0.014143,-0.002995,-0.972214,-0.233647,1.463649,0.958682,0.952360
368,3.066667,-0.016854,-0.042244,-0.987093,-0.153556,1.433674,0.786728,0.050644,0.018010,0.071468,-0.913405,-0.400323,1.535375,1.119860,0.052776,-0.014015,-0.002983,-0.972207,-0.233685,1.463691,0.958656,0.952328
369,3.075000,-0.016879,-0.042225,-0.987088,-0.153587,1.433672,0.786723,0.050649,0.018079,0.071512,-0.913419,-0.400280,1.535374,1.119868,0.052784,-0.013717,-0.002791,-0.972188,-0.233783,1.463703,0.958698,0.952313
370,3.083333,-0.016923,-0.042076,-0.987088,-0.153625,1.433675,0.786718,0.050645,0.018074,0.071512,-0.913397,-0.400331,1.535372,1.119860,0.052776,-0.013588,-0.002687,-0.972178,-0.233835,1.463724,0.958702,0.952312
371,3.091667,-0.016929,-0.042060,-0.987088,-0.153631,1.433681,0.786703,0.050648,0.018071,0.071473,-0.913400,-0.400332,1.535373,1.119857,0.052777,-0.013375,-0.002583,-0.972177,-0.233852,1.463735,0.958711,0.952301
372,3.100000,-0.016874,-0.042096,-0.987084,-0.153648,1.433673,0.786703,0.050652,0.018052,0.071605,-0.913402,-0.400304,1.535375,1.119868,0.052779,-0.013373,-0.002473,-0.972186,-0.233815,1.463706,0.958742,0.952305
373,3.108333,-0.016870,-0.042063,-0.987082,-0.153672,1.433671,0.786696,0.050646,0.018118,0.071539,-0.913407,-0.400302,1.535381,1.119863,0.052790,-0.013187,-0.002559,-0.972178,-0.233858,1.463756,0.958711,0.952300
374,3.116667,-0.016903,-0.042063,-0.987082,-0.153670,1.433671,0.786683,0.050651,0.017964,0.071499,-0.913405,-0.400322,1.535381,1.119866,0.052781,-0.013099,-0.002568,-0.972178,-0.233863,1.463763,0.958710,0.952303
