Format Version,1.25,Take Name,step_up_012,Take Notes,,Capture Frame Rate,120.000000,Export Frame Rate,120.000000,Capture Start Time,2025-10-30 09.46.58.444 PM,Capture Start Frame,532236,Total Frames in Take,368,Total Exported Frames,368,Rotation Type,Quaternion,Length Units,Meters,Coordinate Space,Global

,Type,Rigid Body,Rigid Body,Rigid Body,Rigid Body,Rigid Body,Rigid Body,Rigid Body,Rigid Body,Rigid Body,Rigid Body,Rigid Body,Rigid Body,Rigid Body,Rigid Body,Rigid Body,Rigid Body,Rigid Body,Rigid Body,Rigid Body,Rigid Body,Rigid Body
,Name,RFoot,RFoot,RFoot,RFoot,RFoot,RFoot,RFoot,LFoot,LFoot,LFoot,LFoot,LFoot,LFoot,LFoot,Waist,Waist,Waist,Waist,Waist,Waist,Waist
,ID,83078AC3B5F211F034C857AE43D8E8B6,83078AC3B5F211F034C857AE43D8E8B6,83078AC3B5F211F034C857AE43D8E8B6,83078AC3B5F211F034C857AE43D8E8B6,83078AC3B5F211F034C857AE43D8E8B6,83078AC3B5F211F034C857AE43D8E8B6,83078AC3B5F211F034C857AE43D8E8B6,9231711FB5F311F034C857AE43D8E8B6,9231711FB5F311F034C857AE43D8E8B6,9231711FB5F311F034C857AE43D8E8B6,9231711FB5F311F034C857AE43D8E8B6,9231711FB5F311F034C857AE43D8E8B6,9231711FB5F311F034C857AE43D8E8B6,9231711FB5F311F034C857AE43D8E8B6,3693159B5F511F034C857AE43D8E8B6,3693159B5F511F034C857AE43D8E8B6,3693159B5F511F034C857AE43D8E8B6,3693159B5F511F034C857AE43D8E8B6,3693159B5F511F034C857AE43D8E8B6,3693159B5F511F034C857AE43D8E8B6,3693159B5F511F034C857AE43D8E8B6
,Parent,,,,,,,,,,,,,,,,,,,,,
,,Rotation,Rotation,Rotation,Rotation,Position,Position,Position,Rotation,Rotation,Rotation,Rotation,Position,Position,Position,Rotation,Rotation,Rotation,Rotation,Position,Position,Position
Frame,Time (Seconds),X,Y,Z,W,X,Y,Z,X,Y,Z,W,X,Y,Z,X,Y,Z,W,X,Y,Z
0,0.000000,0.013722,-0.008432,-0.137929,0.990311,-0.855110,1.334039,0.049426,0.013178,-0.035294,0.394903,-0.917950,-0.918168,1.060244,0.048146,0.160939,0.741709,-0.195288,0.621152,-0.907986,1.147263,0.112243
1,0.008333,0.013045,-0.008340,-0.137956,0.990317,-0.855089,1.334095,0.049425,0.008906,-0.036115,0.395121,-0.917876,-0.918128,1.060211,0.048647,0.160753,0.741583,-0.195182,0.621384,-0.908043,1.147321,0.112268
2,0.016667,0.012463,-0.008177,-0.138039,0.990315,-0.855080,1.334153,0.049425,0.012940,-0.035090,0.395079,-0.917886,-0.918111,1.060280,0.048207,0.160657,0.741434,-0.195060,0.621624,-0.908095,1.147359,0.112305
3,0.025000,0.011947,-0.008126,-0.138150,0.990306,-0.855077,1.334220,0.049410,0.012856,-0.034967,0.395338,-0.917780,-0.918057,1.060323,0.048257,0.160613,0.741416,-0.194866,0.621717,-0.908119,1.147366,0.112331
4,0.033333,0.011418,-0.008147,-0.138252,0.990298,-0.855080,1.334277,0.049396,0.007894,-0.036078,0.395827,-0.917582,-0.917956,1.060289,0.048839,0.160332,0.741340,-0.194743,0.621919,-0.908160,1.147430,0.112360
5,0.041667,0.010926,-0.008124,-0.138283,0.990299,-0.855092,1.334350,0.049361,0.007797,-0.036014,0.396004,-0.917509,-0.917913,1.060315,0.048877,0.160297,0.741521,-0.194652,0.621741,-0.908117,1.147431,0.112363
6,0.050000,0.010415,-0.008179,-0.138274,0.990306,-0.855090,1.334410,0.049331,0.007658,-0.035848,0.395944,-0.917543,-0.917953,1.060329,0.048953,0.160187,0.741286,-0.194545,0.622084,-0.908191,1.147477,0.112417
7,0.058333,0.009976,-0.008224,-0.138370,0.990296,-0.855092,1.334474,0.049310,0.004510,-0.037806,0.395890,-0.917508,-0.917984,1.060223,0.049493,0.160026,0.741360,-0.194455,0.622065,-0.908192,1.147496,0.112437
8,0.066667,0.009542,-0.008360,-0.138401,0.990295,-0.855086,1.334542,0.049269,0.002595,-0.040683,0.394745,-0.917886,-0.918264,1.059980,0.050009,0.159948,0.741068,-0.194319,0.622475,-0.908285,1.147536,0.112499
9,0.075000,0.009186,-0.008494,-0.138425,0.990294,-0.855082,1.334603,0.049240,-0.001679,-0.042478,0.395352,-0.917545,-0.918125,1.059932,0.050684,0.159801,0.741039,-0.194199,0.622585,-0.908329,1.147561,0.112527
10,0.083333,0.008841,-0.008660,-0.138442,0.990293,-0.855077,1.334665,0.049208,0.016345,-0.022351,0.395691,-0.917966,-0.918674,1.060680,0.047033,0.159654,0.740905,-0.194045,0.622830,-0.908385,1.147611,0.112556
11,0.091667,0.008380,-0.008812,-0.138476,0.990291,-0.855068,1.334714,0.049194,0.016037,-0.021482,0.395975,-0.917870,-0.918657,1.060701,0.047021,0.159600,0.740934,-0.193945,0.622840,-0.908392,1.147620,0.112578
12,0.100000,0.008071,-0.008986,-0.138434,0.990298,-0.855080,1.334769,0.049157,0.016390,-0.020071,0.396430,-0.917699,-0.918593,1.060776,0.046914,0.159392,0.740708,-0.193949,0.623161,-0.908457,1.147690,0.112627
13,0.108333,0.007681,-0.009172,-0.138420,0.990301,-0.855081,1.334819,0.049136,0.017350,-0.019456,0.396547,-0.917644,-0.918582,1.060803,0.046778,0.159312,0.740623,-0.193879,0.623305,-0.908500,1.147711,0.112653
14,0.116667,0.007448,-0.009297,-0.138440,0.990299,-0.855080,1.334872,0.049118,0.018445,-0.018601,0.396597,-0.917619,-0.918557,1.060854,0.046639,0.159070,0.740703,-0.193829,0.623286,-0.908504,1.147751,0.112659
15,0.125000,0.007194,-0.009398,-0.138426,0.990302,-0.855089,1.334926,0.049096,0.019232,-0.017664,0.396877,-0.917500,-0.918496,1.060926,0.046487,0.158949,0.740578,-0.193652,0.623521,-0.908544,1.147784,0.112693
16,0.133333,0.006949,-0.009519,-0.138401,0.990306,-0.855103,1.334967,0.049078,0.020705,-0.016763,0.396904,-0.917473,-0.918504,1.060947,0.046320,0.158752,0.740325,-0.193732,0.623847,-0.908639,1.147853,0.112732
17,0.141667,0.006702,-0.009668,-0.138383,0.990309,-0.855122,1.335021,0.049059,0.021630,-0.016315,0.396925,-0.917451,-0.918514,1.060968,0.046217,0.158750,0.740333,-0.193649,0.623864,-0.908644,1.147856,0.112749
18,0.150000,0.006243,-0.009760,-0.138419,0.990306,-0.855173,1.335081,0.049077,0.021919,-0.016106,0.396887,-0.917464,-0.918536,1.060963,0.046185,0.158764,0.740245,-0.193521,0.624004,-0.908695,1.147836,0.112783
19,0.158333,0.006076,-0.009851,-0.138424,0.990306,-0.855190,1.335129,0.049073,0.021965,-0.016168,0.396853,-0.917477,-0.918574,1.060938,0.046210,0.158806,0.740100,-0.193486,0.624176,-0.908745,1.147846,0.112811
20,0.166667,0.005926,-0.009965,-0.138393,0.990310,-0.855222,1.335168,0.049072,0.021378,-0.016822,0.396624,-0.917578,-0.918638,1.060886,0.046326,0.158821,0.739804,-0.193415,0.624545,-0.908858,1.147842,0.112861
21,0.175000,0.005743,-0.010100,-0.138312,0.990321,-0.855261,1.335213,0.049067,0.020983,-0.017296,0.396543,-0.917613,-0.918721,1.060824,0.046433,0.158901,0.740155,-0.193375,0.624122,-0.908788,1.147784,0.112833
22,0.183333,0.005515,-0.010266,-0.138210,0.990334,-0.855290,1.335244,0.049072,0.020543,-0.018597,0.395993,-0.917835,-0.918867,1.060675,0.046632,0.158931,0.739765,-0.193355,0.624582,-0.908916,1.147789,0.112889
23,0.191667,0.005471,-0.010348,-0.138108,0.990348,-0.855318,1.335278,0.049074,0.020109,-0.020005,0.395280,-0.918123,-0.919021,1.060538,0.046848,0.159030,0.739824,-0.193363,0.624485,-0.908915,1.147742,0.112904
24,0.200000,0.005335,-0.010454,-0.137978,0.990366,-0.855345,1.335293,0.049078,0.019816,-0.020458,0.394936,-0.918267,-0.919104,1.060464,0.046942,0.159125,0.739565,-0.193279,0.624794,-0.909014,1.147709,0.112948
25,0.208333,0.005317,-0.010537,-0.137832,0.990385,-0.855362,1.335317,0.049087,0.019386,-0.021045,0.394562,-0.918424,-0.919199,1.060381,0.047072,0.159237,0.739523,-0.193297,0.624808,-0.909041,1.147679,0.112955
26,0.216667,0.005195,-0.010649,-0.137686,0.990405,-0.855386,1.335334,0.049085,0.018806,-0.021113,0.394397,-0.918505,-0.919252,1.060348,0.047150,0.159423,0.739450,-0.193294,0.624849,-0.909065,1.147632,0.112970
27,0.225000,0.005138,-0.010694,-0.137536,0.990426,-0.855404,1.335346,0.049086,0.018582,-0.021702,0.394091,-0.918627,-0.919319,1.060284,0.047239,0.159550,0.739611,-0.193257,0.624637,-0.909032,1.147572,0.112952
28,0.233333,0.005032,-0.010794,-0.137344,0.990452,-0.855425,1.335369,0.049071,0.021638,-0.021812,0.394010,-0.918593,-0.919129,1.060461,0.046839,0.159562,0.739495,-0.193423,0.624719,-0.909068,1.147576,0.112955
29,0.241667,0.004938,-0.010841,-0.137169,0.990476,-0.855442,1.335383,0.049067,0.021556,-0.021744,0.393955,-0.918619,-0.919115,1.060485,0.046835,0.159702,0.739571,-0.193511,0.624567,-0.909046,1.147530,0.112936
30,0.250000,0.004770,-0.010835,-0.136976,0.990504,-0.855459,1.335400,0.049061,0.021357,-0.021481,0.393864,-0.918670,-0.919122,1.060497,0.046840,0.159624,0.739791,-0.193644,0.624285,-0.908977,1.147509,0.112905
31,0.258333,0.004553,-0.010841,-0.136749,0.990536,-0.855478,1.335407,0.049048,0.022278,-0.021693,0.393291,-0.918888,-0.919193,1.060495,0.046773,0.159403,0.739576,-0.193761,0.624559,-0.909043,1.147538,0.112915
32,0.266667,0.004329,-0.010840,-0.136454,0.990578,-0.855504,1.335422,0.049035,0.022333,-0.021537,0.393091,-0.918976,-0.919183,1.060525,0.046739,0.159377,0.739584,-0.194035,0.624471,-0.909044,1.147501,0.112906
33,0.275000,0.004098,-0.010739,-0.136072,0.990632,-0.855522,1.335427,0.049016,0.022032,-0.020432,0.393210,-0.918958,-0.919123,1.060589,0.046691,0.159298,0.739599,-0.194189,0.624427,-0.909049,1.147473,0.112886
34,0.283333,0.003724,-0.010643,-0.135665,0.990691,-0.855557,1.335420,0.049010,0.021985,-0.017672,0.393821,-0.918754,-0.918968,1.060789,0.046416,0.159076,0.739356,-0.194434,0.624694,-0.909130,1.147464,0.112907
35,0.291667,0.003496,-0.010327,-0.135277,0.990748,-0.855567,1.335411,0.049027,0.022471,-0.016209,0.393839,-0.918762,-0.918899,1.060919,0.046187,0.158934,0.739423,-0.194652,0.624583,-0.909129,1.147427,0.112880
36,0.300000,0.003369,-0.009763,-0.135004,0.990791,-0.855526,1.335402,0.049095,0.023334,-0.016244,0.392984,-0.919106,-0.918935,1.060977,0.046011,0.158896,0.739467,-0.194878,0.624470,-0.909129,1.147380,0.112848
37,0.308333,0.003265,-0.009021,-0.134658,0.990846,-0.855494,1.335392,0.049171,0.026141,-0.017917,0.391128,-0.919790,-0.919223,1.060886,0.045754,0.159099,0.739603,-0.195304,0.624124,-0.909090,1.147263,0.112819
38,0.316667,0.002796,-0.008183,-0.134210,0.990915,-0.855484,1.335412,0.049279,0.025224,-0.019423,0.390612,-0.920005,-0.919213,1.060905,0.045759,0.159237,0.739646,-0.195558,0.623958,-0.909072,1.147184,0.112780
39,0.325000,0.002803,-0.007250,-0.133721,0.990989,-0.855455,1.335421,0.049358,0.025549,-0.022837,0.389136,-0.920543,-0.919376,1.060793,0.045838,0.159260,0.739780,-0.195947,0.623672,-0.909056,1.147094,0.112728
40,0.333333,0.003021,-0.005759,-0.133409,0.991040,-0.855388,1.335422,0.049519,0.025642,-0.025804,0.387853,-0.921003,-0.919529,1.060691,0.045914,0.159412,0.739730,-0.196329,0.623573,-0.909052,1.147014,0.112697
41,0.341667,0.003338,-0.004154,-0.132799,0.991129,-0.855315,1.335406,0.049730,0.025767,-0.026905,0.387021,-0.921318,-0.919638,1.060620,0.046019,0.159707,0.740197,-0.196765,0.622804,-0.908922,1.146866,0.112593
42,0.350000,0.003693,-0.002934,-0.131900,0.991252,-0.855184,1.335315,0.049906,0.039566,-0.037308,0.386749,-0.920580,-0.918888,1.061085,0.044666,0.159873,0.740502,-0.197136,0.622282,-0.908837,1.146770,0.112494
43,0.358333,0.004087,-0.000890,-0.130160,0.991484,-0.854967,1.335039,0.050244,0.038677,-0.037720,0.386302,-0.920789,-0.918940,1.061044,0.044769,0.160301,0.741021,-0.197609,0.621403,-0.908674,1.146593,0.112384
44,0.366667,0.004545,0.002635,-0.128165,0.991739,-0.854655,1.334713,0.050797,0.037122,-0.037339,0.386034,-0.920981,-0.919032,1.061019,0.044861,0.160567,0.741184,-0.198057,0.620998,-0.908610,1.146494,0.112299
45,0.375000,0.004621,0.006819,-0.125825,0.992018,-0.854285,1.334264,0.051558,0.036578,-0.037023,0.385428,-0.921269,-0.919166,1.060961,0.044883,0.160920,0.741795,-0.198474,0.620043,-0.908423,1.146322,0.112173
46,0.383333,0.005366,0.011229,-0.123044,0.992323,-0.853915,1.333700,0.052325,0.035404,-0.036816,0.385079,-0.921469,-0.919225,1.060948,0.044933,0.161348,0.742457,-0.198918,0.618996,-0.908228,1.146145,0.112030
47,0.391667,0.005621,0.016731,-0.119848,0.992635,-0.853495,1.332865,0.053396,0.034961,-0.036469,0.384653,-0.921678,-0.919312,1.060934,0.044940,0.161725,0.742882,-0.199427,0.618223,-0.908108,1.145992,0.111916
48,0.400000,0.005881,0.023199,-0.116348,0.992920,-0.853126,1.331831,0.054698,0.033744,-0.036405,0.384265,-0.921887,-0.919380,1.060916,0.045013,0.161852,0.741113,-0.199348,0.620335,-0.908557,1.146120,0.112019
49,0.408333,0.007094,0.031163,-0.113212,0.993057,-0.852765,1.330707,0.056207,0.034030,-0.036509,0.383565,-0.922164,-0.919524,1.060870,0.045023,0.162127,0.741294,-0.199784,0.619907,-0.908484,1.146019,0.111923
50,0.416667,0.009107,0.040448,-0.110022,0.993064,-0.852283,1.329458,0.058008,0.033413,-0.036418,0.383116,-0.922377,-0.919601,1.060859,0.045092,0.162180,0.741451,-0.200195,0.619572,-0.908398,1.145994,0.111819
51,0.425000,0.009912,0.052404,-0.107376,0.992787,-0.851704,1.328108,0.060196,0.032768,-0.036188,0.382878,-0.922508,-0.919645,1.060888,0.045147,0.162287,0.741519,-0.200614,0.619327,-0.908329,1.145965,0.111726
52,0.433333,0.017767,0.073298,-0.105619,0.991542,-0.851976,1.326958,0.063388,0.033053,-0.036252,0.382324,-0.922725,-0.919720,1.060881,0.045124,0.162319,0.741461,-0.201045,0.619249,-0.908311,1.145952,0.111645
53,0.441667,0.025863,0.090827,-0.104831,0.989996,-0.852277,1.325338,0.065943,0.033563,-0.036233,0.381887,-0.922889,-0.919778,1.060903,0.045096,0.162309,0.741530,-0.201438,0.619041,-0.908232,1.145965,0.111544
54,0.450000,0.045218,0.100931,-0.105868,0.988211,-0.852541,1.324042,0.069205,0.033640,-0.036349,0.381487,-0.923047,-0.919808,1.060935,0.045108,0.162175,0.741580,-0.201875,0.618873,-0.908177,1.146001,0.111441
55,0.458333,0.050938,0.119812,-0.101319,0.986299,-0.850617,1.321890,0.073795,0.033416,-0.036258,0.381154,-0.923196,-0.919829,1.060977,0.045130,0.162130,0.741637,-0.202245,0.618697,-0.908111,1.146014,0.111345
56,0.466667,0.053006,0.142571,-0.095145,0.983774,-0.848137,1.319463,0.078966,0.032660,-0.035794,0.380932,-0.923333,-0.919858,1.061022,0.045212,0.161905,0.741660,-0.202619,0.618606,-0.908047,1.146079,0.111252
57,0.475000,0.047389,0.163602,-0.086132,0.981616,-0.845046,1.316993,0.084794,0.032340,-0.035691,0.380636,-0.923470,-0.919883,1.061056,0.045250,0.160983,0.741228,-0.203211,0.619169,-0.908108,1.146283,0.111231
58,0.483333,0.035885,0.183688,-0.072184,0.979674,-0.840735,1.314762,0.091828,0.031134,-0.034833,0.380622,-0.923550,-0.919866,1.061123,0.045334,0.160308,0.741220,-0.203575,0.619235,-0.908017,1.146485,0.111131
59,0.491667,0.041769,0.202872,-0.067671,0.975971,-0.837869,1.311890,0.098314,0.030861,-0.034614,0.380426,-0.923648,-0.919882,1.061157,0.045369,0.160222,0.741065,-0.203994,0.619304,-0.908007,1.146519,0.111075
60,0.500000,0.036227,0.222135,-0.057987,0.972616,-0.833875,1.308680,0.105953,0.030683,-0.034359,0.380364,-0.923689,-0.919897,1.061182,0.045385,0.160338,0.741262,-0.204398,0.618905,-0.907914,1.146485,0.110969
61,0.508333,0.038354,0.242514,-0.050453,0.968076,-0.830326,1.305290,0.113350,0.030812,-0.034136,0.380256,-0.923737,-0.919903,1.061214,0.045371,0.160307,0.741339,-0.204646,0.618739,-0.907839,1.146501,0.110878
62,0.516667,0.028092,0.258627,-0.040303,0.964727,-0.825515,1.300746,0.122783,0.030564,-0.033924,0.380261,-0.923751,-0.919894,1.061264,0.045398,0.160293,0.741366,-0.204995,0.618594,-0.907762,1.146532,0.110795
63,0.525000,0.014595,0.268093,-0.029451,0.962832,-0.819520,1.296351,0.132595,0.029632,-0.035560,0.379534,-0.924019,-0.919878,1.061244,0.045532,0.160300,0.741571,-0.205301,0.618246,-0.907620,1.146556,0.110696
64,0.533333,0.013555,0.271288,-0.021778,0.962156,-0.814673,1.292024,0.142808,0.029142,-0.035410,0.379517,-0.924047,-0.919856,1.061285,0.045568,0.160075,0.741374,-0.205729,0.618399,-0.907626,1.146632,0.110644
65,0.541667,0.014982,0.260779,-0.020285,0.965069,-0.809684,1.286377,0.154522,0.029061,-0.035509,0.379442,-0.924077,-0.919874,1.061299,0.045575,0.159998,0.741484,-0.206001,0.618195,-0.907537,1.146657,0.110561
66,0.550000,0.008141,0.247855,-0.018741,0.968582,-0.803975,1.280631,0.167445,0.028495,-0.035473,0.379471,-0.924084,-0.919872,1.061317,0.045637,0.160084,0.741584,-0.206295,0.617956,-0.907454,1.146647,0.110484
67,0.558333,0.010188,0.247456,-0.015226,0.968726,-0.798827,1.275441,0.179328,0.011679,-0.051362,0.383414,-0.922073,-0.918411,1.061074,0.048948,0.160275,0.741805,-0.206554,0.617554,-0.907336,1.146592,0.110404
68,0.566667,0.022055,0.246919,-0.006912,0.968760,-0.795482,1.270786,0.192126,-0.003317,-0.056310,0.394932,-0.916977,-0.915907,1.061945,0.050872,0.160318,0.741874,-0.206779,0.617384,-0.907278,1.146568,0.110347
69,0.575000,0.024111,0.247592,-0.001946,0.968562,-0.791417,1.265492,0.204721,0.009106,-0.051956,0.383733,-0.921936,-0.918310,1.061083,0.049297,0.160394,0.741808,-0.207032,0.617359,-0.907249,1.146560,0.110307
70,0.583333,0.020189,0.237213,0.000537,0.971248,-0.787026,1.259637,0.217916,0.022789,-0.049909,0.377108,-0.924543,-0.919819,1.060527,0.047975,0.158816,0.752388,-0.208142,0.604455,-0.903890,1.145257,0.109416
71,0.591667,0.022814,0.230266,0.004146,0.972852,-0.783375,1.254368,0.231107,0.020856,-0.051245,0.375492,-0.925173,-0.920199,1.060378,0.048489,0.158840,0.752974,-0.208761,0.603506,-0.903626,1.145243,0.109271
72,0.600000,0.017987,0.222833,0.006172,0.974671,-0.777760,1.247474,0.245541,0.019805,-0.052227,0.374322,-0.925615,-0.920448,1.060271,0.048847,0.159438,0.754030,-0.209515,0.601766,-0.903230,1.145040,0.109067
73,0.608333,0.016357,0.217721,0.013589,0.975779,-0.772364,1.241350,0.259456,0.018517,-0.052836,0.373477,-0.925948,-0.920642,1.060175,0.049139,0.160435,0.755689,-0.210285,0.599145,-0.902640,1.144724,0.108768
74,0.616667,0.014244,0.211640,0.017974,0.977079,-0.767088,1.234990,0.273393,0.017353,-0.053537,0.372990,-0.926127,-0.920743,1.060096,0.049255,0.161625,0.757584,-0.211161,0.596116,-0.901956,1.144366,0.108429
75,0.625000,0.010036,0.205085,0.020939,0.978469,-0.761650,1.228352,0.287155,0.016335,-0.053809,0.372917,-0.926159,-0.920809,1.060015,0.049327,0.162765,0.759531,-0.212243,0.592936,-0.901254,1.143967,0.108091
76,0.633333,0.010874,0.200659,0.022296,0.979347,-0.756714,1.221763,0.300555,0.015372,-0.053892,0.373110,-0.926093,-0.920822,1.059956,0.049308,0.164109,0.761731,-0.213203,0.589388,-0.900475,1.143538,0.107704
77,0.641667,0.012222,0.197471,0.022104,0.979983,-0.751471,1.214965,0.313830,0.005483,-0.054910,0.376480,-0.924780,-0.919831,1.059690,0.049604,0.165599,0.764146,-0.214244,0.585455,-0.899595,1.143094,0.107266
78,0.650000,0.010541,0.195732,0.021669,0.980361,-0.745727,1.208066,0.327170,0.003920,-0.053630,0.376930,-0.924680,-0.919836,1.059662,0.049546,0.167228,0.766627,-0.215240,0.581369,-0.898699,1.142570,0.106840
79,0.658333,0.010637,0.194200,0.019347,0.980714,-0.740131,1.201189,0.340060,0.007191,-0.054408,0.377776,-0.924269,-0.919413,1.059988,0.048751,0.169096,0.769276,-0.216213,0.576951,-0.897804,1.141918,0.106390
80,0.666667,0.011491,0.190775,0.015305,0.981447,-0.734959,1.194378,0.352205,0.006058,-0.053126,0.378969,-0.923863,-0.919177,1.060071,0.048497,0.171705,0.771879,-0.217301,0.572276,-0.896865,1.141154,0.105936
81,0.675000,0.006639,0.187247,0.011697,0.982221,-0.729231,1.187242,0.364171,0.005949,-0.051423,0.380789,-0.923212,-0.918974,1.060128,0.048188,0.173853,0.774912,-0.218125,0.567193,-0.895844,1.140447,0.105390
82,0.683333,0.010238,0.186933,0.003069,0.982315,-0.723360,1.180254,0.375768,0.005605,-0.050216,0.382131,-0.922726,-0.918708,1.060243,0.047796,0.175464,0.777622,-0.218941,0.562656,-0.894935,1.139875,0.104898
83,0.691667,0.006280,0.182745,-0.003735,0.983133,-0.717339,1.173227,0.386719,0.003657,-0.048553,0.383389,-0.922303,-0.918459,1.060320,0.047554,0.176802,0.780275,-0.219783,0.558218,-0.894081,1.139346,0.104401
84,0.700000,0.017604,0.175054,-0.011814,0.984331,-0.711461,1.166737,0.397070,-0.000421,-0.046011,0.384634,-0.921922,-0.918217,1.060367,0.047604,0.178392,0.782962,-0.220469,0.553661,-0.893243,1.138701,0.103925
85,0.708333,0.015503,0.169004,-0.019436,0.985302,-0.705247,1.160036,0.406781,-0.005427,-0.043690,0.385934,-0.921475,-0.917942,1.060428,0.047710,0.180253,0.785687,-0.221059,0.548943,-0.892403,1.138008,0.103425
86,0.716667,0.008412,0.164068,-0.026755,0.986050,-0.698516,1.153142,0.416204,-0.008065,-0.042571,0.387150,-0.920998,-0.917715,1.060486,0.047552,0.182169,0.788644,-0.221417,0.543903,-0.891535,1.137288,0.102853
87,0.725000,-0.003520,0.159543,-0.033566,0.986614,-0.691118,1.145850,0.425067,-0.010377,-0.041456,0.388018,-0.920661,-0.917567,1.060499,0.047368,0.184206,0.791322,-0.221723,0.539182,-0.890697,1.136595,0.102339
88,0.733333,-0.010826,0.153678,-0.041064,0.987208,-0.683739,1.138967,0.433099,-0.012580,-0.040661,0.388942,-0.920279,-0.917423,1.060537,0.047274,0.186131,0.793784,-0.221988,0.534774,-0.889922,1.135957,0.101864
89,0.741667,-0.019224,0.147629,-0.046956,0.987741,-0.675976,1.132384,0.440679,-0.004314,-0.037531,0.387426,-0.921126,-0.917810,1.060960,0.046703,0.187887,0.796230,-0.222123,0.530450,-0.889177,1.135335,0.101394
90,0.750000,-0.023065,0.141159,-0.053942,0.988247,-0.668172,1.125815,0.447564,-0.010910,-0.038226,0.392187,-0.919026,-0.917398,1.061805,0.046643,0.189760,0.798599,-0.222063,0.526232,-0.888463,1.134679,0.100956
91,0.758333,-0.031235,0.134796,-0.059520,0.988591,-0.659936,1.119352,0.453985,-0.011940,-0.037900,0.394028,-0.918239,-0.917149,1.062047,0.046517,0.191442,0.800707,-0.222025,0.522421,-0.887814,1.134140,0.100547
92,0.766667,-0.031170,0.126420,-0.066623,0.989246,-0.651510,1.113313,0.459728,-0.012638,-0.037118,0.395156,-0.917777,-0.917012,1.062168,0.046358,0.192850,0.802568,-0.221979,0.519055,-0.887256,1.133702,0.100177
93,0.775000,-0.036825,0.118971,-0.073414,0.989495,-0.642803,1.107291,0.464935,-0.012887,-0.035950,0.395411,-0.917710,-0.917007,1.062155,0.046164,0.194197,0.804318,-0.221792,0.515915,-0.886723,1.133277,0.099854
94,0.783333,-0.053832,0.110988,-0.079858,0.989144,-0.633253,1.100496,0.468803,-0.013668,-0.034877,0.396117,-0.917436,-0.916944,1.062156,0.046101,0.195301,0.805751,-0.221637,0.513322,-0.886293,1.132957,0.099596
95,0.791667,-0.060216,0.097614,-0.081667,0.990038,-0.624036,1.094721,0.473468,-0.014469,-0.033537,0.396222,-0.917428,-0.916946,1.062070,0.046047,0.196231,0.807105,-0.221355,0.510956,-0.885909,1.132674,0.099365
96,0.800000,-0.066068,0.090300,-0.094261,0.989240,-0.614029,1.088823,0.476431,-0.015188,-0.032636,0.396190,-0.917462,-0.916980,1.061994,0.046003,0.197013,0.808254,-0.221092,0.508950,-0.885596,1.132449,0.099182
97,0.808333,-0.068966,0.081182,-0.100324,0.989236,-0.604027,1.083272,0.479754,-0.016854,-0.031872,0.396659,-0.917258,-0.916959,1.061925,0.046090,0.197810,0.809393,-0.220566,0.507055,-0.885299,1.132222,0.099019
98,0.816667,-0.072868,0.072874,-0.106785,0.988927,-0.593615,1.077496,0.482722,-0.019495,-0.030896,0.396634,-0.917250,-0.917077,1.061840,0.046090,0.198478,0.810377,-0.220085,0.505428,-0.885051,1.132060,0.098888
99,0.825000,-0.074457,0.060971,-0.111836,0.989056,-0.583249,1.072015,0.485327,-0.022128,-0.028345,0.396983,-0.917121,-0.917228,1.061803,0.046295,0.199065,0.811131,-0.219574,0.504208,-0.884872,1.131941,0.098823
100,0.833333,-0.074241,0.048946,-0.115408,0.989330,-0.573103,1.066649,0.487323,-0.024018,-0.026736,0.397457,-0.916917,-0.917370,1.061740,0.046513,0.199513,0.811841,-0.218998,0.503138,-0.884722,1.131848,0.098786
101,0.841667,-0.085482,0.044115,-0.125478,0.987422,-0.561453,1.059979,0.488279,-0.024119,-0.025666,0.397422,-0.916960,-0.917546,1.061577,0.046724,0.199934,0.812513,-0.218315,0.502183,-0.884584,1.131768,0.098771
102,0.850000,-0.083587,0.035302,-0.130508,0.987287,-0.550641,1.055038,0.489497,-0.023268,-0.024616,0.397284,-0.917071,-0.917617,1.061414,0.046993,0.200329,0.812955,-0.217572,0.501633,-0.884518,1.131730,0.098823
103,0.858333,-0.078005,0.024667,-0.134564,0.987522,-0.539339,1.050333,0.490916,-0.033750,-0.011657,0.406474,-0.912965,-0.916828,1.062546,0.045628,0.200564,0.813404,-0.216934,0.501087,-0.884449,1.131731,0.098869
104,0.866667,-0.094074,0.012599,-0.140484,0.985523,-0.527452,1.044467,0.490146,-0.033894,-0.011290,0.407140,-0.912667,-0.916759,1.062585,0.045656,0.200676,0.813754,-0.216191,0.500794,-0.884422,1.131773,0.098951
105,0.875000,-0.087631,0.004707,-0.146115,0.985368,-0.515715,1.039429,0.491035,-0.033277,-0.010884,0.406862,-0.912819,-0.916810,1.062644,0.045543,0.200688,0.814037,-0.215499,0.500628,-0.884411,1.131849,0.099049
106,0.883333,-0.089136,-0.005689,-0.150432,0.984577,-0.504189,1.034402,0.490871,-0.019484,-0.007640,0.399524,-0.916484,-0.918590,1.062190,0.044536,0.200732,0.814274,-0.214790,0.500529,-0.884397,1.131941,0.099161
107,0.891667,-0.090700,-0.013071,-0.154666,0.983708,-0.492809,1.029850,0.490444,-0.019274,-0.007653,0.399899,-0.916324,-0.918434,1.062306,0.044326,0.200217,0.814418,-0.214102,0.500796,-0.884429,1.132127,0.099316
108,0.900000,-0.087949,-0.020831,-0.157084,0.983441,-0.481568,1.025378,0.489898,-0.019253,-0.007264,0.400460,-0.916083,-0.918226,1.062427,0.044060,0.199148,0.814261,-0.213434,0.501762,-0.884582,1.132389,0.099592
109,0.908333,-0.085935,-0.030605,-0.159935,0.982904,-0.470374,1.021515,0.489171,-0.019610,-0.006898,0.401080,-0.915807,-0.918020,1.062526,0.043786,0.198344,0.814022,-0.212717,0.502772,-0.884772,1.132633,0.099862
110,0.916667,-0.082785,-0.036052,-0.166054,0.981974,-0.459073,1.016895,0.488060,-0.020608,-0.007090,0.401638,-0.915539,-0.917798,1.062609,0.043524,0.198137,0.813973,-0.211825,0.503309,-0.884880,1.132792,0.100051
111,0.925000,-0.077014,-0.042703,-0.169890,0.981521,-0.448135,1.012597,0.486704,-0.021220,-0.007148,0.402096,-0.915324,-0.917594,1.062697,0.043314,0.198254,0.814036,-0.211033,0.503493,-0.884935,1.132912,0.100173
112,0.933333,-0.073554,-0.041426,-0.175714,0.980815,-0.436307,1.009238,0.486562,-0.023277,-0.010356,0.402453,-0.915086,-0.916901,1.062351,0.043337,0.198394,0.814074,-0.210186,0.503731,-0.884995,1.133005,0.100321
113,0.941667,-0.073304,-0.042942,-0.180798,0.979844,-0.425570,1.005184,0.484835,-0.023438,-0.010391,0.402587,-0.915023,-0.916760,1.062411,0.043145,0.199413,0.814341,-0.209418,0.503217,-0.884939,1.132955,0.100361
114,0.950000,-0.072166,-0.041467,-0.185476,0.979118,-0.415202,1.001370,0.483028,-0.023772,-0.010239,0.402812,-0.914917,-0.916652,1.062492,0.042967,0.199063,0.814420,-0.208710,0.503523,-0.885018,1.133088,0.100515
115,0.958333,-0.073561,-0.041603,-0.189940,0.978152,-0.404876,0.997884,0.481138,-0.023275,-0.010330,0.402982,-0.914854,-0.916592,1.062542,0.042836,0.198821,0.814555,-0.207981,0.503700,-0.885081,1.133200,0.100647
116,0.966667,-0.072733,-0.040331,-0.193638,0.977542,-0.394868,0.994662,0.479301,-0.022705,-0.010421,0.403126,-0.914803,-0.916546,1.062587,0.042750,0.198706,0.814607,-0.207398,0.503902,-0.885151,1.133314,0.100780
117,0.975000,-0.069752,-0.038246,-0.197903,0.976988,-0.385221,0.991252,0.476976,-0.022308,-0.010529,0.403174,-0.914791,-0.916534,1.062607,0.042704,0.198710,0.814914,-0.206784,0.503657,-0.885144,1.133363,0.100855
118,0.983333,-0.067020,-0.036318,-0.201521,0.976514,-0.376018,0.988106,0.474629,-0.022888,-0.010206,0.403367,-0.914695,-0.916512,1.062650,0.042653,0.198735,0.815198,-0.206123,0.503458,-0.885162,1.133398,0.100933
119,0.991667,-0.062571,-0.028570,-0.204519,0.976443,-0.367059,0.985135,0.472761,-0.011696,-0.031669,0.395928,-0.917661,-0.917980,1.061346,0.045489,0.198813,0.815487,-0.205475,0.503224,-0.885176,1.133406,0.101015
120,1.000000,-0.060642,-0.025653,-0.209628,0.975562,-0.358917,0.982667,0.469304,-0.017900,-0.011030,0.398924,-0.916743,-0.918193,1.062569,0.043112,0.199231,0.815814,-0.204960,0.502739,-0.885142,1.133385,0.101057
121,1.008333,-0.055499,-0.022435,-0.212674,0.975288,-0.351118,0.979918,0.466995,-0.017229,-0.010501,0.398776,-0.916826,-0.918357,1.062549,0.043368,0.199011,0.816201,-0.204200,0.502507,-0.885150,1.133419,0.101133
122,1.016667,-0.052244,-0.032536,-0.217420,0.974136,-0.343658,0.977819,0.463297,-0.015573,-0.012144,0.398453,-0.916976,-0.918631,1.062403,0.043734,0.199078,0.816580,-0.203502,0.502147,-0.885137,1.133392,0.101205
123,1.025000,-0.051397,-0.043560,-0.220563,0.973043,-0.336544,0.975627,0.459234,-0.015007,-0.013760,0.398365,-0.917001,-0.918792,1.062343,0.044129,0.201608,0.817715,-0.201087,0.500261,-0.884964,1.132770,0.101264
124,1.033333,-0.044449,-0.042973,-0.223451,0.972753,-0.329944,0.974011,0.457039,-0.013940,-0.014395,0.398537,-0.916933,-0.918915,1.062281,0.044238,0.201580,0.817675,-0.200168,0.500705,-0.885116,1.132810,0.101487
125,1.041667,-0.036653,-0.044171,-0.225112,0.972641,-0.323873,0.972351,0.454781,-0.013548,-0.013519,0.398941,-0.916777,-0.918916,1.062348,0.044235,0.201450,0.817587,-0.199304,0.501245,-0.885284,1.132883,0.101735
126,1.050000,-0.030115,-0.043566,-0.225190,0.972874,-0.318079,0.970914,0.452503,-0.013664,-0.012098,0.399481,-0.916560,-0.918845,1.062465,0.044130,0.201156,0.817423,-0.198177,0.502078,-0.885507,1.132981,0.102028
127,1.058333,-0.028710,-0.041028,-0.223561,0.973403,-0.312441,0.969526,0.450812,-0.013837,-0.028146,0.391476,-0.919654,-0.920166,1.060567,0.045956,0.200799,0.817280,-0.197043,0.502899,-0.885732,1.133069,0.102331
128,1.066667,-0.028932,-0.040935,-0.222456,0.973653,-0.307309,0.968517,0.448752,-0.015146,-0.028404,0.391199,-0.919743,-0.920232,1.060508,0.046099,0.201064,0.817358,-0.196307,0.502955,-0.885835,1.133101,0.102487
129,1.075000,-0.027544,-0.039250,-0.220449,0.974219,-0.302537,0.967608,0.446767,-0.035958,-0.044531,0.388417,-0.919705,-0.920063,1.059156,0.049878,0.200872,0.817360,-0.195523,0.503332,-0.885989,1.133174,0.102672
130,1.083333,-0.031073,-0.037688,-0.217607,0.974814,-0.298005,0.966859,0.445047,-0.035430,-0.044871,0.387672,-0.920022,-0.920419,1.058971,0.049990,0.200744,0.817492,-0.194635,0.503513,-0.886085,1.133204,0.102829
131,1.091667,-0.034383,-0.036239,-0.215055,0.975323,-0.293904,0.966082,0.443201,-0.031778,-0.015208,0.401034,-0.915386,-0.918950,1.060596,0.046817,0.200557,0.817500,-0.193963,0.503834,-0.886183,1.133272,0.102989
132,1.100000,-0.031751,-0.034139,-0.214954,0.975511,-0.290213,0.965359,0.441142,-0.037632,-0.014377,0.402473,-0.914545,-0.918541,1.060723,0.047122,0.200478,0.817533,-0.193312,0.504062,-0.886242,1.133318,0.103127
133,1.108333,-0.030638,-0.031209,-0.214613,0.975720,-0.286691,0.964619,0.438971,-0.023577,-0.003347,0.404269,-0.914330,-0.919210,1.061470,0.045812,0.200450,0.817606,-0.192896,0.504114,-0.886260,1.133347,0.103216
134,1.116667,-0.030211,-0.026998,-0.214084,0.975975,-0.283454,0.963880,0.437006,-0.023270,-0.003973,0.404530,-0.914220,-0.919204,1.061450,0.045702,0.200365,0.817678,-0.192462,0.504197,-0.886256,1.133370,0.103293
135,1.125000,-0.029548,-0.021331,-0.213509,0.976261,-0.280579,0.963036,0.434944,-0.017616,-0.003256,0.405193,-0.914055,-0.918789,1.062311,0.044800,0.200135,0.817611,-0.191998,0.504573,-0.886286,1.133398,0.103409
136,1.133333,-0.024368,-0.016659,-0.214295,0.976323,-0.278026,0.962234,0.432884,-0.024699,-0.010233,0.404342,-0.914217,-0.918847,1.061532,0.045105,0.200222,0.817743,-0.191844,0.504385,-0.886233,1.133378,0.103418
137,1.141667,-0.021765,-0.014187,-0.215121,0.976242,-0.275910,0.961603,0.430743,-0.021454,-0.007842,0.406086,-0.913549,-0.918012,1.062636,0.043990,0.200424,0.817924,-0.191829,0.504015,-0.886134,1.133326,0.103382
138,1.150000,-0.021747,-0.012527,-0.216193,0.976028,-0.273962,0.961059,0.428772,-0.027846,-0.009432,0.416651,-0.908591,-0.915826,1.063464,0.043551,0.200339,0.817990,-0.191743,0.503975,-0.886070,1.133292,0.103390
139,1.158333,-0.020814,-0.011378,-0.218053,0.975649,-0.272388,0.960353,0.426681,-0.024339,-0.011944,0.415186,-0.909332,-0.915534,1.063655,0.043149,0.200551,0.818216,-0.191846,0.503486,-0.885956,1.133201,0.103314
140,1.166667,-0.014788,-0.010841,-0.220024,0.975322,-0.271150,0.959718,0.424582,-0.021652,-0.014629,0.415547,-0.909196,-0.915056,1.063922,0.043021,0.200651,0.818433,-0.191969,0.503045,-0.885821,1.133100,0.103249
141,1.175000,-0.010847,-0.009618,-0.221885,0.974965,-0.270030,0.959010,0.422744,-0.018510,-0.016123,0.414999,-0.909491,-0.915042,1.063921,0.042675,0.200851,0.818650,-0.192208,0.502521,-0.885645,1.132986,0.103179
142,1.183333,-0.013087,-0.007349,-0.223328,0.974628,-0.268960,0.958318,0.421013,-0.014268,-0.016961,0.414973,-0.909564,-0.915098,1.063811,0.042427,0.201035,0.818815,-0.192414,0.502099,-0.885475,1.132878,0.103121
143,1.191667,-0.017246,-0.004645,-0.224820,0.974237,-0.268126,0.957493,0.419168,-0.011775,-0.016710,0.415552,-0.909340,-0.915032,1.063677,0.042202,0.201274,0.819065,-0.192736,0.501472,-0.885258,1.132750,0.103041
144,1.200000,-0.014298,-0.002196,-0.226284,0.973954,-0.267599,0.956710,0.417044,-0.011526,-0.015592,0.416535,-0.908913,-0.914857,1.063594,0.042066,0.201461,0.819207,-0.193120,0.501016,-0.885038,1.132639,0.102993
145,1.208333,-0.012559,-0.000158,-0.227524,0.973691,-0.267229,0.955945,0.414762,-0.012375,-0.014541,0.417312,-0.908563,-0.914753,1.063516,0.042037,0.201958,0.819384,-0.193486,0.500386,-0.884742,1.132473,0.102957
146,1.216667,-0.013935,0.002335,-0.228152,0.973523,-0.266948,0.955207,0.412489,-0.013976,-0.013512,0.418066,-0.908209,-0.914680,1.063475,0.042169,0.202697,0.819522,-0.194069,0.499634,-0.884380,1.132263,0.102926
147,1.225000,-0.015080,0.005988,-0.228653,0.973373,-0.266765,0.954374,0.410201,-0.017150,-0.011973,0.419020,-0.907736,-0.915152,1.063677,0.042425,0.203740,0.819631,-0.194733,0.498773,-0.883961,1.132000,0.102907
148,1.233333,-0.011584,0.004068,-0.231347,0.972794,-0.266768,0.953907,0.407068,-0.019333,-0.011028,0.419299,-0.907575,-0.914734,1.063494,0.042728,0.204571,0.819818,-0.195327,0.497891,-0.883557,1.131770,0.102868
149,1.241667,-0.019658,0.020908,-0.225664,0.973782,-0.266584,0.952224,0.407317,-0.019627,-0.010529,0.419953,-0.907273,-0.914841,1.063373,0.042956,0.205694,0.820057,-0.196062,0.496746,-0.883081,1.131496,0.102802
150,1.250000,-0.019343,0.023476,-0.222173,0.974533,-0.266699,0.951132,0.406333,-0.020777,-0.010853,0.421056,-0.906732,-0.915379,1.063471,0.043315,0.206836,0.820301,-0.196893,0.495539,-0.882595,1.131229,0.102713
151,1.258333,-0.023124,0.021238,-0.219798,0.975040,-0.266826,0.950331,0.405361,-0.025066,-0.007296,0.425946,-0.904372,-0.914953,1.064104,0.043078,0.208036,0.820662,-0.197824,0.494065,-0.882047,1.130932,0.102585
152,1.266667,-0.024874,0.019162,-0.216736,0.975725,-0.266822,0.949967,0.404221,-0.027447,-0.007247,0.426351,-0.904112,-0.914901,1.064091,0.043247,0.209531,0.821002,-0.198811,0.492470,-0.881465,1.130591,0.102441
153,1.275000,-0.018176,0.017992,-0.215515,0.976166,-0.266520,0.949663,0.403196,-0.029315,-0.006903,0.427156,-0.903676,-0.914773,1.064105,0.043378,0.211283,0.821482,-0.200101,0.490395,-0.880735,1.130193,0.102244
154,1.283333,-0.012281,0.015740,-0.216052,0.976178,-0.266338,0.949448,0.402019,-0.029911,-0.007178,0.427745,-0.903376,-0.914669,1.064117,0.043553,0.213046,0.821866,-0.201358,0.488469,-0.880062,1.129784,0.102054
155,1.291667,-0.014484,0.013359,-0.216609,0.976060,-0.266189,0.949498,0.401094,-0.030884,-0.005158,0.428860,-0.902828,-0.914602,1.064293,0.043385,0.216403,0.823330,-0.204712,0.483105,-0.878538,1.129001,0.101652
156,1.300000,-0.014417,0.008890,-0.217486,0.975917,-0.266229,0.949531,0.400076,-0.031372,-0.004642,0.429415,-0.902550,-0.914468,1.064328,0.043414,0.217687,0.823529,-0.205917,0.481674,-0.877972,1.128643,0.101487
157,1.308333,-0.008348,0.001971,-0.222505,0.974894,-0.266219,0.950049,0.398600,-0.030647,-0.004333,0.430607,-0.902008,-0.914329,1.064331,0.043424,0.218932,0.823806,-0.207230,0.480071,-0.877396,1.128264,0.101283
158,1.316667,-0.007937,0.001650,-0.221818,0.975055,-0.266237,0.949822,0.398048,-0.028741,-0.004231,0.430743,-0.902007,-0.914418,1.064257,0.043461,0.220139,0.824128,-0.208689,0.478331,-0.876830,1.127859,0.101036
159,1.325000,-0.005502,0.000365,-0.221617,0.975118,-0.266319,0.949592,0.397090,-0.025481,-0.004448,0.427141,-0.903815,-0.915077,1.063740,0.043376,0.221089,0.824417,-0.210108,0.476771,-0.876320,1.127487,0.100788
160,1.333333,-0.004376,0.000639,-0.221886,0.975063,-0.266341,0.949242,0.396808,-0.025188,-0.005169,0.427323,-0.903733,-0.915056,1.063577,0.043480,0.222179,0.824728,-0.211702,0.475018,-0.875762,1.127068,0.100519
161,1.341667,-0.001500,0.001313,-0.221790,0.975093,-0.266318,0.948923,0.396587,-0.025168,-0.003497,0.428195,-0.903329,-0.914949,1.063517,0.043316,0.223312,0.825045,-0.213260,0.473237,-0.875206,1.126615,0.100232
162,1.350000,0.000743,0.001668,-0.221834,0.975083,-0.266271,0.948610,0.396468,-0.024448,-0.002734,0.428848,-0.903042,-0.914906,1.063379,0.043362,0.224259,0.825322,-0.214914,0.471554,-0.874692,1.126201,0.099948
163,1.358333,0.003319,0.001407,-0.222073,0.975023,-0.266270,0.948343,0.396501,-0.026671,-0.002744,0.433860,-0.900581,-0.914124,1.063594,0.043711,0.225260,0.825676,-0.216631,0.469669,-0.874169,1.125757,0.099626
164,1.366667,0.005105,0.001035,-0.222247,0.974977,-0.266302,0.948194,0.396638,-0.026980,-0.003025,0.434260,-0.900378,-0.914104,1.063504,0.043795,0.226168,0.825984,-0.218244,0.467941,-0.873671,1.125325,0.099315
165,1.375000,0.005528,0.001158,-0.222385,0.974943,-0.266341,0.948121,0.396921,-0.027146,-0.003109,0.434631,-0.900194,-0.914091,1.063417,0.043884,0.227057,0.826330,-0.219950,0.466097,-0.873162,1.124887,0.098984
166,1.383333,0.005932,0.001497,-0.222486,0.974917,-0.266449,0.948072,0.397130,-0.027354,-0.003536,0.435024,-0.899996,-0.914050,1.063329,0.044023,0.228202,0.826649,-0.221783,0.464099,-0.872592,1.124401,0.098646
167,1.391667,0.005459,0.002023,-0.222775,0.974853,-0.266541,0.948072,0.397322,-0.029805,-0.002098,0.437143,-0.898896,-0.913822,1.063512,0.043997,0.229296,0.827085,-0.223768,0.461823,-0.871982,1.123895,0.098265
168,1.400000,0.005290,0.002408,-0.223121,0.974773,-0.266611,0.948094,0.397398,-0.030456,-0.002433,0.437624,-0.898639,-0.913767,1.063454,0.044131,0.230186,0.827626,-0.225605,0.459513,-0.871394,1.123416,0.097863
169,1.408333,0.005286,0.002955,-0.223395,0.974709,-0.266646,0.948111,0.397412,-0.026765,-0.004299,0.434218,-0.900400,-0.914408,1.062937,0.044200,0.230903,0.828113,-0.227385,0.457394,-0.870868,1.122972,0.097467
170,1.416667,0.005549,0.003390,-0.223607,0.974658,-0.266669,0.948130,0.397317,-0.027687,-0.006466,0.433999,-0.900464,-0.914392,1.062747,0.044507,0.232027,0.830797,-0.230246,0.450473,-0.869555,1.122088,0.096468
171,1.425000,0.005980,0.003629,-0.223766,0.974618,-0.266682,0.948139,0.397157,-0.028542,-0.008536,0.433876,-0.900480,-0.914383,1.062577,0.044852,0.232745,0.831022,-0.232016,0.448777,-0.869076,1.121681,0.096125
172,1.433333,0.006287,0.003653,-0.223982,0.974566,-0.266702,0.948131,0.396940,-0.020158,-0.006198,0.432547,-0.901365,-0.914593,1.061501,0.044905,0.233309,0.831193,-0.233419,0.447437,-0.868696,1.121358,0.095854
173,1.441667,0.006484,0.003713,-0.224169,0.974522,-0.266709,0.948089,0.396719,-0.021055,-0.003953,0.439276,-0.898097,-0.913513,1.061289,0.045319,0.233309,0.831193,-0.233419,0.447437,-0.868696,1.121358,0.095854
174,1.450000,0.007775,0.003345,-0.224614,0.974411,-0.266717,0.947988,0.396470,-0.025768,-0.006873,0.439179,-0.898004,-0.913417,1.061348,0.045682,0.233309,0.831193,-0.233419,0.447437,-0.868696,1.121358,0.095854
175,1.458333,0.009186,0.002572,-0.224852,0.974346,-0.266722,0.947900,0.396129,-0.037002,-0.010431,0.436079,-0.899087,-0.914171,1.061114,0.046686,0.233309,0.831193,-0.233419,0.447437,-0.868696,1.121358,0.095854
176,1.466667,0.009528,0.002628,-0.224989,0.974311,-0.266716,0.947713,0.395701,-0.044081,-0.014497,0.436574,-0.898471,-0.914250,1.061050,0.047291,0.233309,0.831193,-0.233419,0.447437,-0.868696,1.121358,0.095854
177,1.475000,0.009838,0.003901,-0.224806,0.974346,-0.266663,0.947524,0.395414,-0.051523,-0.019849,0.434978,-0.898746,-0.914553,1.061045,0.048152,0.233309,0.831193,-0.233419,0.447437,-0.868696,1.121358,0.095854
178,1.483333,0.013041,0.003958,-0.224980,0.974268,-0.266637,0.947512,0.394932,-0.056544,-0.024488,0.432032,-0.899751,-0.914933,1.060718,0.048826,0.233309,0.831193,-0.233419,0.447437,-0.868696,1.121358,0.095854
179,1.491667,0.014092,0.003449,-0.224676,0.974326,-0.266632,0.947361,0.394653,-0.059098,-0.027356,0.430622,-0.900180,-0.915127,1.060282,0.049355,0.233309,0.831193,-0.233419,0.447437,-0.868696,1.121358,0.095854
180,1.500000,0.015606,0.003108,-0.224597,0.974322,-0.266700,0.947246,0.394509,-0.065349,-0.029616,0.425746,-0.901994,-0.915556,1.060188,0.049950,0.233309,0.831193,-0.233419,0.447437,-0.868696,1.121358,0.095854
181,1.508333,0.015642,0.002847,-0.224673,0.974305,-0.266761,0.947127,0.394373,-0.064294,-0.032338,0.426456,-0.901641,-0.915210,1.060293,0.050234,0.233309,0.831193,-0.233419,0.447437,-0.868696,1.121358,0.095854
182,1.516667,0.016506,0.002841,-0.224582,0.974311,-0.266833,0.947063,0.394265,-0.065423,-0.034130,0.426363,-0.901537,-0.915206,1.059980,0.050591,0.233309,0.831193,-0.233419,0.447437,-0.868696,1.121358,0.095854
183,1.525000,0.017151,0.002838,-0.224475,0.974325,-0.266866,0.947041,0.394179,-0.064783,-0.035579,0.425269,-0.902044,-0.915352,1.059350,0.050829,0.233309,0.831193,-0.233419,0.447437,-0.868696,1.121358,0.095854
184,1.533333,0.017202,0.002997,-0.224343,0.974354,-0.266834,0.946955,0.394146,-0.064054,-0.036881,0.425877,-0.901757,-0.915473,1.058755,0.051050,0.233309,0.831193,-0.233419,0.447437,-0.868696,1.121358,0.095854
185,1.541667,0.017314,0.003172,-0.224217,0.974380,-0.266745,0.946856,0.394091,-0.065700,-0.036908,0.425757,-0.901694,-0.915730,1.058207,0.051424,0.233309,0.831193,-0.233419,0.447437,-0.868696,1.121358,0.095854
186,1.550000,0.017076,0.003295,-0.224002,0.974434,-0.266628,0.946918,0.393954,-0.065033,-0.038836,0.424961,-0.902037,-0.915636,1.057873,0.051726,0.233309,0.831193,-0.233419,0.447437,-0.868696,1.121358,0.095854
187,1.558333,0.016459,0.003519,-0.224064,0.974429,-0.266514,0.946977,0.393841,-0.063448,-0.041909,0.424616,-0.902175,-0.915389,1.057736,0.052135,0.233309,0.831193,-0.233419,0.447437,-0.868696,1.121358,0.095854
188,1.566667,0.016225,0.003338,-0.224031,0.974441,-0.266419,0.947079,0.393706,-0.064292,-0.045786,0.423324,-0.902534,-0.915344,1.057466,0.052540,0.233309,0.831193,-0.233419,0.447437,-0.868696,1.121358,0.095854
189,1.575000,0.016187,0.003165,-0.224120,0.974422,-0.266364,0.947152,0.393532,-0.065606,-0.049305,0.422196,-0.902782,-0.915258,1.057221,0.052901,0.233309,0.831193,-0.233419,0.447437,-0.868696,1.121358,0.095854
190,1.583333,0.015876,0.003099,-0.224099,0.974432,-0.266308,0.947215,0.393413,-0.064027,-0.055439,0.420822,-0.903181,-0.915092,1.056944,0.053760,0.233309,0.831193,-0.233419,0.447437,-0.868696,1.121358,0.095854
191,1.591667,0.015322,0.003157,-0.223958,0.974473,-0.266248,0.947316,0.393284,-0.064927,-0.059411,0.419784,-0.903347,-0.914738,1.056789,0.054283,0.233309,0.831193,-0.233419,0.447437,-0.868696,1.121358,0.095854
192,1.600000,0.015631,0.003489,-0.223975,0.974463,-0.266214,0.947468,0.393164,-0.065635,-0.065140,0.419361,-0.903098,-0.914554,1.056545,0.054886,0.233309,0.831193,-0.233419,0.447437,-0.868696,1.121358,0.095854
193,1.608333,0.014542,0.003568,-0.223017,0.974700,-0.266178,0.947397,0.392984,-0.066598,-0.070700,0.419283,-0.902645,-0.914232,1.056300,0.055505,0.233309,0.831193,-0.233419,0.447437,-0.868696,1.121358,0.095854
194,1.616667,0.014658,0.003758,-0.222892,0.974726,-0.266184,0.947372,0.392834,-0.068654,-0.076099,0.418148,-0.902579,-0.914087,1.055906,0.056224,0.233309,0.831193,-0.233419,0.447437,-0.868696,1.121358,0.095854
195,1.625000,0.015120,0.003372,-0.222568,0.974794,-0.266176,0.947412,0.392652,-0.070463,-0.081667,0.416895,-0.902532,-0.913948,1.055516,0.056915,0.233309,0.831193,-0.233419,0.447437,-0.868696,1.121358,0.095854
196,1.633333,0.014538,0.003442,-0.222566,0.974803,-0.266184,0.947368,0.392453,-0.071395,-0.086624,0.414845,-0.902941,-0.913647,1.055118,0.057854,0.082254,0.039939,-0.373143,0.923257,-0.669424,1.008629,0.959191
197,1.641667,0.015522,0.003350,-0.222135,0.974887,-0.266137,0.947390,0.392174,-0.069529,-0.092954,0.413560,-0.903047,-0.913574,1.054452,0.058931,0.105255,0.037225,-0.377124,0.919409,-0.664015,1.004490,0.965515
198,1.650000,0.015386,0.002619,-0.222386,0.974834,-0.266121,0.947524,0.391833,-0.071410,-0.100013,0.412165,-0.902784,-0.913319,1.053876,0.059659,0.103641,0.039527,-0.376442,0.919776,-0.658813,1.004174,0.965313
199,1.658333,0.014810,0.002872,-0.222042,0.974920,-0.266039,0.947385,0.391671,-0.074060,-0.107125,0.411129,-0.902226,-0.913077,1.053288,0.060403,0.104902,0.043385,-0.376116,0.919592,-0.653417,1.003420,0.965660
200,1.666667,0.014508,0.003361,-0.221580,0.975029,-0.265801,0.947293,0.391647,-0.075816,-0.115364,0.409874,-0.901635,-0.912746,1.052681,0.061410,0.110205,0.045023,-0.375485,0.919151,-0.648642,1.002262,0.967363
201,1.675000,0.016606,0.004159,-0.221151,0.975089,-0.265688,0.947433,0.391473,-0.076669,-0.123163,0.407581,-0.901571,-0.912270,1.052111,0.062736,0.119150,0.050770,-0.376204,0.917440,-0.642695,1.000174,0.970531
202,1.683333,0.016299,0.004205,-0.220889,0.975154,-0.265554,0.947490,0.391293,-0.079181,-0.130753,0.404817,-0.901531,-0.911731,1.051340,0.064232,0.120929,0.051880,-0.375502,0.917433,-0.637403,0.999320,0.972057
203,1.691667,0.015835,0.004190,-0.220597,0.975228,-0.265421,0.947545,0.391065,-0.080107,-0.140215,0.402361,-0.901126,-0.911076,1.050505,0.065917,0.122521,0.052930,-0.372971,0.918194,-0.633018,0.998854,0.973417
204,1.700000,0.015713,0.003841,-0.220097,0.975344,-0.265313,0.947608,0.390831,-0.082758,-0.150074,0.400359,-0.900190,-0.910360,1.049735,0.067661,0.123309,0.055579,-0.371925,0.918356,-0.627940,0.998237,0.975215
205,1.708333,0.014872,0.003787,-0.219801,0.975424,-0.265229,0.947647,0.390540,-0.088338,-0.160346,0.397740,-0.899049,-0.909428,1.048969,0.069261,0.124630,0.055830,-0.369884,0.918986,-0.623454,0.997735,0.977117
206,1.716667,0.015115,0.003888,-0.219254,0.975543,-0.265208,0.947680,0.390298,-0.091177,-0.174075,0.395367,-0.897257,-0.908288,1.048301,0.071155,0.125007,0.058578,-0.369227,0.919029,-0.618214,0.997079,0.979446
207,1.725000,0.015818,0.003718,-0.218757,0.975644,-0.265228,0.947728,0.389989,-0.096451,-0.187054,0.392880,-0.895184,-0.907154,1.047477,0.072999,0.126742,0.061822,-0.367969,0.919083,-0.613200,0.996116,0.982000
208,1.733333,0.018882,0.003637,-0.218371,0.975677,-0.265199,0.947783,0.389544,-0.099736,-0.200895,0.390954,-0.892664,-0.905621,1.046624,0.075282,0.130470,0.062841,-0.365727,0.919387,-0.609289,0.995575,0.984428
209,1.741667,0.017516,0.003993,-0.217564,0.975881,-0.265016,0.947601,0.389369,-0.103804,-0.215071,0.388546,-0.889944,-0.903951,1.045615,0.077530,0.130030,0.065848,-0.365185,0.919454,-0.603886,0.994301,0.987590
210,1.750000,0.016800,0.004062,-0.217017,0.976015,-0.264782,0.947514,0.389150,-0.107627,-0.230093,0.387567,-0.886152,-0.902267,1.044567,0.079891,0.131791,0.073420,-0.365810,0.918381,-0.597437,0.992579,0.991417
211,1.758333,0.017686,0.003900,-0.216565,0.976100,-0.264524,0.947512,0.388871,-0.116679,-0.243756,0.387080,-0.881554,-0.899930,1.043129,0.082325,0.131344,0.075573,-0.364478,0.918800,-0.592544,0.991995,0.995306
212,1.766667,0.018847,0.004458,-0.216014,0.976198,-0.264131,0.947479,0.388646,-0.129771,-0.255932,0.384997,-0.877175,-0.896943,1.042050,0.084453,0.132158,0.078252,-0.364024,0.918639,-0.587331,0.990951,0.999404
213,1.775000,0.019506,0.004235,-0.215510,0.976298,-0.263690,0.947389,0.388253,-0.131916,-0.272476,0.384347,-0.872142,-0.894732,1.040672,0.087092,0.132486,0.083276,-0.363511,0.918353,-0.581805,0.989849,1.003717
214,1.783333,0.020069,0.003955,-0.214931,0.976415,-0.263167,0.947231,0.387876,-0.132776,-0.288961,0.385041,-0.866381,-0.891738,1.038365,0.089256,0.133218,0.085750,-0.362306,0.918495,-0.576980,0.988482,1.008419
215,1.791667,0.019776,0.003486,-0.214513,0.976515,-0.262561,0.946956,0.387463,-0.132448,-0.307591,0.382533,-0.861112,-0.888829,1.036245,0.091744,0.134087,0.090393,-0.361692,0.918166,-0.571681,0.987155,1.013372
216,1.800000,0.020041,0.003133,-0.214030,0.976617,-0.262026,0.946735,0.387141,-0.128535,-0.331098,0.382393,-0.853012,-0.886035,1.033963,0.093804,0.134821,0.094284,-0.361532,0.917730,-0.566545,0.985812,1.018688
217,1.808333,0.021098,0.003089,-0.213724,0.976662,-0.261467,0.946537,0.386825,-0.118180,-0.357813,0.379496,-0.844977,-0.882746,1.031015,0.095926,0.135553,0.096810,-0.360749,0.917667,-0.561713,0.984464,1.024068
218,1.816667,0.021179,0.003057,-0.213407,0.976729,-0.260897,0.946322,0.386623,-0.122334,-0.370958,0.382787,-0.837197,-0.878060,1.028407,0.098363,0.109012,0.078934,-0.351219,0.926570,-0.561173,0.986740,1.024396
219,1.825000,0.021093,0.003012,-0.213193,0.976778,-0.260378,0.946109,0.386435,-0.139970,-0.385264,0.379060,-0.829634,-0.873482,1.026319,0.100041,0.086128,0.080394,-0.340171,0.932954,-0.559301,0.989228,1.023886
220,1.833333,0.021712,0.002924,-0.213086,0.976788,-0.259969,0.945958,0.386210,-0.142643,-0.389735,0.373812,-0.829472,-0.868241,1.023623,0.102967,0.102700,0.090585,-0.346214,0.928107,-0.552462,0.984876,1.032719
221,1.841667,0.021955,0.002985,-0.213046,0.976791,-0.259655,0.945773,0.386082,-0.152125,-0.401935,0.367388,-0.824823,-0.863419,1.021693,0.106207,0.092711,0.088103,-0.343438,0.930426,-0.548575,0.984133,1.036938
222,1.850000,0.022423,0.003424,-0.212723,0.976849,-0.259336,0.945613,0.385942,-0.155376,-0.413146,0.363985,-0.820173,-0.858260,1.019280,0.108711,0.101009,0.097480,-0.346550,0.927468,-0.542259,0.981180,1.044281
223,1.858333,0.023058,0.003614,-0.212583,0.976864,-0.259152,0.945522,0.385786,-0.163352,-0.424139,0.367659,-0.811326,-0.853576,1.017608,0.113308,0.075669,0.109357,-0.336035,0.932414,-0.539527,0.982835,1.043105
224,1.866667,0.023598,0.003659,-0.212490,0.976871,-0.259077,0.945477,0.385655,-0.149561,-0.429449,0.366137,-0.811880,-0.848716,1.014472,0.116801,0.069572,0.112128,-0.328518,0.935234,-0.536546,0.982729,1.048485
225,1.875000,0.024119,0.003619,-0.212391,0.976880,-0.259035,0.945469,0.385544,-0.122663,-0.368338,0.383681,-0.837896,-0.838581,1.007077,0.128686,0.069654,0.113585,-0.327686,0.935344,-0.531526,0.980471,1.054762
226,1.883333,0.024775,0.003565,-0.212343,0.976875,-0.259051,0.945462,0.385427,-0.108334,-0.367728,0.382890,-0.840497,-0.833001,1.004225,0.135276,0.068442,0.116599,-0.326295,0.935549,-0.526762,0.978548,1.060715
227,1.891667,0.025585,0.003650,-0.212285,0.976866,-0.259089,0.945431,0.385336,-0.114484,-0.369216,0.381730,-0.839556,-0.826368,1.003163,0.140295,0.067517,0.117005,-0.324433,0.936213,-0.522324,0.976438,1.066875
228,1.900000,0.025716,0.003400,-0.212504,0.976816,-0.259017,0.945352,0.385224,-0.124277,-0.400051,0.368949,-0.829694,-0.821986,1.003796,0.143825,0.065908,0.117946,-0.322210,0.936977,-0.517544,0.974582,1.072853
229,1.908333,0.026228,0.003397,-0.212511,0.976801,-0.258992,0.945301,0.385157,-0.120202,-0.411934,0.371760,-0.823199,-0.817439,1.003094,0.151251,0.064573,0.119507,-0.320073,0.937604,-0.512750,0.972613,1.078773
230,1.916667,0.026780,0.003390,-0.212541,0.976779,-0.258964,0.945270,0.385121,-0.125115,-0.419615,0.369587,-0.819558,-0.812012,1.002342,0.158284,0.061850,0.120998,-0.317740,0.938390,-0.508086,0.970595,1.084406
231,1.925000,0.027092,0.003509,-0.212519,0.976775,-0.258957,0.945246,0.385076,-0.118623,-0.433944,0.351537,-0.821001,-0.806758,1.002519,0.161085,0.059775,0.122183,-0.314068,0.939606,-0.503777,0.969243,1.090074
232,1.933333,0.027562,0.003359,-0.212651,0.976734,-0.258945,0.945198,0.385039,-0.126050,-0.488335,0.321155,-0.801561,-0.802730,1.005128,0.165445,0.058457,0.121420,-0.312077,0.940451,-0.499182,0.967122,1.096086
233,1.941667,0.028021,0.003338,-0.212766,0.976696,-0.258944,0.945153,0.385007,-0.131032,-0.520289,0.318668,-0.781396,-0.799172,1.005963,0.173776,0.058884,0.119786,-0.310427,0.941180,-0.494598,0.965071,1.101882
234,1.950000,0.028536,0.003382,-0.212839,0.976665,-0.258943,0.945112,0.384981,-0.134470,-0.513592,0.321169,-0.784214,-0.792131,1.004303,0.182147,0.056562,0.120504,-0.307249,0.942272,-0.490117,0.963373,1.107500
235,1.958333,0.029048,0.003392,-0.212948,0.976626,-0.258933,0.945068,0.384959,-0.151707,-0.497397,0.338833,-0.784075,-0.785595,1.002150,0.193120,0.056740,0.117103,-0.305840,0.943149,-0.485708,0.961360,1.113362
236,1.966667,0.029580,0.003396,-0.213130,0.976570,-0.258932,0.945026,0.384923,-0.144394,-0.507283,0.343277,-0.777159,-0.781313,1.000901,0.203890,0.057026,0.114851,-0.303840,0.944054,-0.481335,0.959494,1.119216
237,1.975000,0.030187,0.003431,-0.213269,0.976521,-0.258923,0.944960,0.384909,-0.133652,-0.504400,0.351515,-0.777274,-0.776823,1.000119,0.215260,0.056318,0.113844,-0.302181,0.944751,-0.476981,0.957697,1.124876
238,1.983333,0.030701,0.003414,-0.213273,0.976504,-0.258924,0.944879,0.384872,-0.120171,-0.490862,0.364338,-0.782222,-0.773038,0.999065,0.226193,0.057101,0.109685,-0.300621,0.945693,-0.472803,0.955887,1.130606
239,1.991667,0.031287,0.003363,-0.213118,0.976520,-0.258949,0.944802,0.384820,-0.129711,-0.474604,0.385536,-0.780569,-0.768771,0.995829,0.238712,0.056915,0.109528,-0.299113,0.946201,-0.468351,0.954011,1.136115
240,2.000000,0.031788,0.003657,-0.213435,0.976433,-0.258956,0.944786,0.384812,-0.124297,-0.474775,0.396898,-0.775636,-0.765956,0.993820,0.252365,0.057848,0.105409,-0.298180,0.946906,-0.464080,0.951943,1.141816
241,2.008333,0.032317,0.003579,-0.213646,0.976370,-0.258952,0.944764,0.384757,-0.113221,-0.472049,0.406708,-0.773911,-0.762688,0.992056,0.265166,0.056262,0.104846,-0.297418,0.947304,-0.459499,0.949851,1.147239
242,2.016667,0.032672,0.003589,-0.213798,0.976325,-0.258948,0.944768,0.384715,-0.091557,-0.469518,0.412398,-0.775305,-0.759317,0.990328,0.278614,0.055688,0.102703,-0.296613,0.947825,-0.455369,0.948072,1.152639
243,2.025000,0.033004,0.003716,-0.213943,0.976281,-0.258943,0.944750,0.384679,-0.084890,-0.471338,0.420263,-0.770723,-0.755003,0.987863,0.293260,0.054181,0.101060,-0.295611,0.948402,-0.451373,0.946327,1.157833
244,2.033333,0.033475,0.003875,-0.214034,0.976245,-0.258929,0.944722,0.384633,-0.075483,-0.473536,0.427696,-0.766252,-0.749912,0.985110,0.308272,0.052759,0.096988,-0.293530,0.949553,-0.448132,0.944768,1.163119
245,2.041667,0.033941,0.003989,-0.214011,0.976233,-0.258911,0.944693,0.384571,-0.055559,-0.473076,0.429350,-0.767314,-0.744994,0.982292,0.323042,0.051091,0.094962,-0.292869,0.950053,-0.444278,0.943072,1.168342
246,2.050000,0.034378,0.004664,-0.214160,0.976182,-0.258873,0.944678,0.384571,-0.040395,-0.466721,0.436558,-0.768087,-0.738814,0.979192,0.338268,0.048642,0.092265,-0.292485,0.950565,-0.440346,0.941672,1.173294
247,2.058333,0.034440,0.005002,-0.214375,0.976131,-0.258827,0.944684,0.384539,-0.034241,-0.469609,0.439028,-0.765212,-0.731192,0.974789,0.353751,0.047082,0.090169,-0.291312,0.951205,-0.436836,0.940245,1.178380
248,2.066667,0.034821,0.005138,-0.214422,0.976107,-0.258767,0.944654,0.384555,-0.022515,-0.466941,0.439877,-0.766790,-0.723469,0.970411,0.368170,0.045202,0.088223,-0.290722,0.951659,-0.433474,0.938745,1.183434
249,2.075000,0.035216,0.005475,-0.214482,0.976078,-0.258726,0.944607,0.384551,-0.011176,-0.462284,0.440083,-0.769737,-0.715430,0.966031,0.382206,0.042558,0.085958,-0.289831,0.952260,-0.430086,0.937375,1.188112
250,2.083333,0.035574,0.005845,-0.214492,0.976060,-0.258699,0.944571,0.384570,0.000324,-0.456102,0.438919,-0.774158,-0.706916,0.961520,0.395515,0.040130,0.084559,-0.289760,0.952512,-0.426804,0.935904,1.192998
251,2.091667,0.035912,0.006138,-0.214440,0.976058,-0.258676,0.944547,0.384579,0.006763,-0.450301,0.437531,-0.778299,-0.697980,0.956869,0.408528,0.037496,0.083726,-0.289500,0.952772,-0.423413,0.934233,1.197630
252,2.100000,0.036075,0.006386,-0.214433,0.976051,-0.258687,0.944521,0.384588,0.016223,-0.439720,0.435428,-0.785357,-0.688766,0.952236,0.420083,0.038516,0.080985,-0.290801,0.952572,-0.419968,0.932045,1.203283
253,2.108333,0.037134,0.007358,-0.214296,0.976035,-0.258673,0.944484,0.384703,0.024904,-0.429142,0.431852,-0.792919,-0.679113,0.947461,0.430566,0.035420,0.079336,-0.290017,0.953070,-0.417132,0.930639,1.207892
254,2.116667,0.037948,0.007742,-0.214176,0.976027,-0.258708,0.944476,0.384772,0.030334,-0.415753,0.426919,-0.802477,-0.669461,0.942604,0.439972,0.032362,0.078070,-0.289321,0.953494,-0.414083,0.929535,1.212431
255,2.125000,0.038045,0.008097,-0.214100,0.976037,-0.258718,0.944460,0.384821,0.034744,-0.398843,0.422631,-0.813081,-0.658763,0.937266,0.447895,0.029115,0.076392,-0.288271,0.954053,-0.411322,0.928184,1.216960
256,2.133333,0.037636,0.008322,-0.213891,0.976097,-0.258724,0.944418,0.384848,0.042501,-0.386164,0.414088,-0.823166,-0.648418,0.931932,0.454828,0.026119,0.075624,-0.287039,0.954572,-0.408679,0.926854,1.221434
257,2.141667,0.037975,0.009100,-0.213706,0.976117,-0.258687,0.944338,0.384950,0.043374,-0.373374,0.407991,-0.832018,-0.637124,0.926199,0.461124,0.023449,0.075084,-0.286659,0.954798,-0.405814,0.925391,1.225655
258,2.150000,0.037887,0.009495,-0.213696,0.976119,-0.258661,0.944297,0.385013,0.041296,-0.362470,0.403556,-0.839079,-0.625317,0.920148,0.466449,0.020620,0.074081,-0.285538,0.955277,-0.403279,0.924088,1.229960
259,2.158333,0.037974,0.009873,-0.213477,0.976160,-0.258647,0.944216,0.385084,0.038543,-0.350116,0.400048,-0.846106,-0.613649,0.913753,0.470651,0.017835,0.073552,-0.284525,0.955677,-0.400591,0.922841,1.234124
260,2.166667,0.037575,0.010689,-0.213264,0.976213,-0.258606,0.944152,0.385162,0.038703,-0.339023,0.395520,-0.852719,-0.602134,0.907095,0.473583,0.014279,0.074266,-0.284015,0.955833,-0.397563,0.921704,1.237670
261,2.175000,0.037978,0.011631,-0.212958,0.976254,-0.258572,0.944031,0.385276,0.020742,-0.322641,0.402760,-0.856304,-0.589375,0.900031,0.475917,0.012026,0.073163,-0.283329,0.956152,-0.395051,0.920417,1.241680
262,2.183333,0.038370,0.012047,-0.212792,0.976270,-0.258551,0.943931,0.385393,0.015372,-0.309633,0.402933,-0.861125,-0.576749,0.892347,0.476788,0.009492,0.072778,-0.282612,0.956422,-0.393091,0.918409,1.245709
263,2.191667,0.038492,0.012680,-0.212567,0.976306,-0.258580,0.943830,0.385474,0.016880,-0.296511,0.400376,-0.866888,-0.563930,0.883914,0.476842,0.007232,0.071333,-0.282020,0.956726,-0.390078,0.917684,1.249673
264,2.200000,0.038680,0.012962,-0.212381,0.976335,-0.258606,0.943722,0.385550,0.015913,-0.285640,0.400920,-0.870298,-0.551622,0.875387,0.475930,0.003296,0.071569,-0.280476,0.957183,-0.388167,0.916749,1.252992
265,2.208333,0.038964,0.012919,-0.212174,0.976369,-0.258624,0.943610,0.385593,0.015117,-0.272023,0.402760,-0.873819,-0.539558,0.866906,0.473854,0.000271,0.071240,-0.278641,0.957749,-0.386185,0.915709,1.256583
266,2.216667,0.041150,0.011341,-0.212654,0.976195,-0.258810,0.943598,0.385404,0.021903,-0.255875,0.405508,-0.877275,-0.526901,0.857422,0.471330,-0.002724,0.071203,-0.278214,0.957872,-0.384085,0.914333,1.260000
267,2.225000,0.041449,0.011323,-0.212452,0.976227,-0.258873,0.943500,0.385433,0.022979,-0.238415,0.407072,-0.881432,-0.513271,0.846685,0.468313,-0.006026,0.071303,-0.277518,0.958052,-0.382164,0.912980,1.263246
268,2.233333,0.041458,0.011728,-0.212789,0.976148,-0.258897,0.943485,0.385480,0.022128,-0.220900,0.410854,-0.884258,-0.500259,0.836598,0.464981,-0.008340,0.069667,-0.277469,0.958169,-0.379794,0.911476,1.266679
269,2.241667,0.041871,0.011346,-0.212387,0.976222,-0.258926,0.943426,0.385429,0.022734,-0.200323,0.414911,-0.887245,-0.486361,0.825669,0.461097,-0.011416,0.067790,-0.279594,0.957654,-0.377067,0.909189,1.270021
270,2.250000,0.041798,0.011387,-0.212118,0.976283,-0.258930,0.943368,0.385461,0.024269,-0.180776,0.417180,-0.890332,-0.472953,0.815024,0.456972,-0.015172,0.066242,-0.281717,0.957088,-0.374626,0.906894,1.273106
271,2.258333,0.041302,0.011410,-0.211922,0.976347,-0.258962,0.943278,0.385491,0.025941,-0.161841,0.418269,-0.893412,-0.459560,0.804297,0.452583,-0.020220,0.070219,-0.280613,0.957035,-0.373944,0.905304,1.275043
272,2.266667,0.041502,0.011890,-0.211902,0.976337,-0.258992,0.943247,0.385528,0.027356,-0.142991,0.418996,-0.896241,-0.446214,0.793676,0.448019,-0.021210,0.070089,-0.280887,0.956943,-0.371625,0.903722,1.277557
273,2.275000,0.042064,0.012644,-0.211511,0.976388,-0.258967,0.943199,0.385602,0.027916,-0.125438,0.419190,-0.898758,-0.432971,0.783229,0.443382,-0.023242,0.069822,-0.281052,0.956867,-0.369450,0.901863,1.279916
274,2.283333,0.042634,0.012955,-0.211255,0.976415,-0.258979,0.943129,0.385601,0.028635,-0.109652,0.418493,-0.901122,-0.420004,0.772899,0.438745,-0.024925,0.069725,-0.281109,0.956815,-0.367469,0.899987,1.282053
275,2.291667,0.043082,0.012966,-0.210979,0.976455,-0.259007,0.943038,0.385566,0.026831,-0.093313,0.416026,-0.904154,-0.407273,0.763051,0.434319,-0.027874,0.069991,-0.280368,0.956932,-0.365777,0.898261,1.284070
276,2.300000,0.042057,0.013417,-0.209791,0.976749,-0.258911,0.942817,0.385660,0.020892,-0.078737,0.415613,-0.905886,-0.394668,0.753381,0.430292,-0.030097,0.070600,-0.279242,0.957149,-0.364302,0.896416,1.285952
277,2.308333,0.041225,0.013581,-0.208931,0.976967,-0.258870,0.942608,0.385679,0.019897,-0.064191,0.411203,-0.909063,-0.382667,0.744428,0.426009,-0.032056,0.070954,-0.278266,0.957343,-0.362617,0.894552,1.287489
278,2.316667,0.041307,0.012804,-0.209073,0.976943,-0.259013,0.942708,0.385462,0.016831,-0.051568,0.406480,-0.912048,-0.371187,0.735844,0.421869,-0.033359,0.070582,-0.277406,0.957576,-0.360545,0.892667,1.288906
279,2.325000,0.040655,0.013964,-0.208281,0.977124,-0.258924,0.942480,0.385591,0.014233,-0.041389,0.400132,-0.915412,-0.360269,0.727811,0.417857,-0.034220,0.070295,-0.276175,0.957922,-0.358566,0.890630,1.290192
280,2.333333,0.041765,0.014051,-0.207945,0.977148,-0.258986,0.942462,0.385511,0.009280,-0.031717,0.391901,-0.919414,-0.350010,0.720702,0.413798,-0.034785,0.070118,-0.274515,0.958392,-0.356904,0.888583,1.291352
281,2.341667,0.042343,0.014526,-0.207594,0.977190,-0.258968,0.942452,0.385486,0.005065,-0.017046,0.385690,-0.922457,-0.340400,0.714733,0.408575,-0.035326,0.069787,-0.272729,0.958906,-0.354870,0.886654,1.292210
282,2.350000,0.040742,0.013393,-0.207769,0.977237,-0.258926,0.942386,0.385326,-0.005127,-0.012567,0.376924,-0.926145,-0.332206,0.709855,0.404722,-0.035458,0.069326,-0.270812,0.959478,-0.352050,0.884250,1.292737
283,2.358333,0.040691,0.012536,-0.207708,0.977264,-0.259034,0.942425,0.385175,-0.014726,-0.009786,0.367972,-0.929669,-0.324827,0.705831,0.400552,-0.035724,0.068551,-0.267971,0.960321,-0.350284,0.882521,1.293277
284,2.366667,0.040509,0.012238,-0.207527,0.977313,-0.259047,0.942453,0.385094,-0.025441,-0.009781,0.359713,-0.932665,-0.318279,0.702718,0.396255,-0.035181,0.068222,-0.265621,0.961017,-0.348227,0.880405,1.293583
285,2.375000,0.040539,0.012258,-0.207444,0.977330,-0.259063,0.942480,0.385014,-0.033547,-0.014771,0.351992,-0.935285,-0.313423,0.700817,0.391834,-0.033990,0.067331,-0.262726,0.961918,-0.346237,0.878261,1.293767
286,2.383333,0.040694,0.012420,-0.207312,0.977349,-0.259029,0.942486,0.384885,-0.026804,-0.029115,0.345020,-0.937761,-0.310746,0.699758,0.387912,-0.032713,0.066746,-0.259749,0.962811,-0.344461,0.876280,1.293831
287,2.391667,0.040685,0.012369,-0.207180,0.977378,-0.258908,0.942469,0.384778,-0.014837,-0.044502,0.337642,-0.940105,-0.309004,0.699132,0.385027,-0.028377,0.064508,-0.257529,0.963697,-0.342297,0.874327,1.294435
288,2.400000,0.040597,0.012388,-0.207079,0.977403,-0.258845,0.942470,0.384657,-0.006983,-0.050071,0.332239,-0.941839,-0.309062,0.698532,0.383828,-0.016369,0.059484,-0.252016,0.965754,-0.340738,0.873085,1.297192
289,2.408333,0.040602,0.012515,-0.207004,0.977417,-0.258801,0.942479,0.384619,-0.002475,-0.048980,0.327971,-0.943414,-0.310669,0.698758,0.383563,-0.008867,0.048190,-0.246280,0.967959,-0.339666,0.871871,1.299539
290,2.416667,0.040982,0.013027,-0.206872,0.977423,-0.258822,0.942505,0.384714,0.000528,-0.042439,0.329173,-0.943315,-0.312996,0.699851,0.382480,-0.002737,0.045894,-0.242217,0.969132,-0.338764,0.869175,1.300504
291,2.425000,0.040823,0.013212,-0.206688,0.977466,-0.258947,0.942604,0.384799,-0.002722,-0.035646,0.330647,-0.943077,-0.315108,0.700933,0.381869,-0.002211,0.042842,-0.239847,0.969863,-0.336961,0.867114,1.300470
292,2.433333,0.040878,0.013152,-0.206477,0.977509,-0.259059,0.942689,0.384839,-0.004201,-0.029881,0.331011,-0.943144,-0.316881,0.702097,0.381221,-0.000892,0.036782,-0.235193,0.971252,-0.335370,0.865083,1.300831
293,2.441667,0.041021,0.013316,-0.206345,0.977529,-0.259113,0.942734,0.384885,-0.006645,-0.028330,0.332740,-0.942570,-0.318275,0.702803,0.380576,0.000193,0.036596,-0.231808,0.972073,-0.334140,0.863035,1.300568
294,2.450000,0.040960,0.013617,-0.206105,0.977578,-0.259109,0.942743,0.384963,-0.012105,-0.026452,0.334687,-0.941880,-0.318587,0.703077,0.379719,0.001156,0.036643,-0.228302,0.972900,-0.333044,0.861020,1.300362
295,2.458333,0.040221,0.013954,-0.205991,0.977627,-0.258982,0.942727,0.385058,-0.012170,-0.024838,0.335397,-0.941671,-0.318085,0.703015,0.378967,0.001876,0.036691,-0.225179,0.973625,-0.331980,0.859182,1.300186
296,2.466667,0.040092,0.014257,-0.205858,0.977656,-0.258869,0.942700,0.385157,-0.007280,-0.022261,0.335040,-0.941913,-0.317269,0.702557,0.378075,0.002242,0.036883,-0.221922,0.974364,-0.331113,0.857398,1.300024
297,2.475000,0.039787,0.014588,-0.205724,0.977692,-0.258768,0.942678,0.385241,-0.000484,-0.019966,0.335231,-0.941924,-0.316830,0.702234,0.377156,0.002856,0.036271,-0.218987,0.975049,-0.330187,0.855795,1.299940
298,2.483333,0.039538,0.015105,-0.205562,0.977728,-0.258727,0.942677,0.385336,-0.000520,-0.018978,0.335335,-0.941908,-0.316785,0.702293,0.376882,0.003428,0.036750,-0.216468,0.975592,-0.329226,0.854020,1.300092
299,2.491667,0.039477,0.015219,-0.205542,0.977733,-0.258824,0.942744,0.385397,-0.001842,-0.017597,0.336151,-0.941642,-0.316938,0.702728,0.376593,0.003892,0.036737,-0.213499,0.976245,-0.328479,0.852267,1.300244
300,2.500000,0.039330,0.014869,-0.205625,0.977727,-0.259006,0.942881,0.385423,-0.001702,-0.017136,0.336569,-0.941501,-0.317290,0.703151,0.376361,0.004534,0.036583,-0.211217,0.976744,-0.327761,0.850580,1.300352
301,2.508333,0.039085,0.014309,-0.205712,0.977727,-0.259169,0.942966,0.385423,-0.001948,-0.018689,0.336735,-0.941412,-0.317674,0.703417,0.376142,0.005209,0.037180,-0.209003,0.977194,-0.327006,0.849024,1.300588
302,2.516667,0.039906,0.014325,-0.205765,0.977683,-0.259259,0.942969,0.385438,-0.000821,-0.019468,0.336578,-0.941454,-0.317784,0.703416,0.376063,0.006209,0.036875,-0.207092,0.977607,-0.326493,0.847377,1.300650
303,2.525000,0.040459,0.014448,-0.205503,0.977713,-0.259340,0.942965,0.385549,0.000822,-0.019298,0.336848,-0.941361,-0.317727,0.703347,0.375975,0.006084,0.037372,-0.204760,0.978080,-0.325961,0.845929,1.300861
304,2.533333,0.040404,0.014056,-0.205311,0.977762,-0.259479,0.942993,0.385601,0.001055,-0.019015,0.337255,-0.941221,-0.317699,0.703386,0.375840,0.007924,0.036039,-0.203506,0.978378,-0.325460,0.844456,1.301125
305,2.541667,0.039932,0.014670,-0.204841,0.977870,-0.259397,0.942944,0.385878,0.000881,-0.017726,0.337440,-0.941180,-0.317803,0.703540,0.375713,0.008448,0.036001,-0.201712,0.978747,-0.325039,0.843019,1.301314
306,2.550000,0.040555,0.014488,-0.204996,0.977815,-0.259571,0.943014,0.385976,0.001754,-0.018351,0.337135,-0.941276,-0.318116,0.703584,0.375646,0.009857,0.036603,-0.200353,0.978990,-0.324778,0.841597,1.301278
307,2.558333,0.040102,0.014316,-0.204885,0.977859,-0.259610,0.943058,0.386105,0.001592,-0.018373,0.336984,-0.941330,-0.318233,0.703532,0.375668,0.010023,0.036495,-0.198687,0.979332,-0.324422,0.840276,1.301390
308,2.566667,0.039901,0.013831,-0.204706,0.977912,-0.259765,0.943180,0.386181,0.001385,-0.017946,0.336776,-0.941413,-0.318291,0.703431,0.375701,0.010301,0.036511,-0.197391,0.979591,-0.324122,0.839062,1.301562
309,2.575000,0.040192,0.012856,-0.205060,0.977839,-0.260001,0.943377,0.386162,0.000888,-0.017378,0.336568,-0.941498,-0.318331,0.703333,0.375738,0.010332,0.036846,-0.195669,0.979923,-0.323814,0.837674,1.301674
310,2.583333,0.039913,0.012474,-0.205267,0.977812,-0.260132,0.943481,0.386244,0.000543,-0.017133,0.336418,-0.941557,-0.318368,0.703258,0.375758,0.010232,0.037071,-0.194157,0.980216,-0.323449,0.836355,1.301814
311,2.591667,0.039601,0.012180,-0.204986,0.977888,-0.260144,0.943477,0.386343,0.000348,-0.017188,0.336387,-0.941567,-0.318425,0.703194,0.375755,0.010629,0.036711,-0.192239,0.980604,-0.323097,0.835076,1.302045
312,2.600000,0.039206,0.012502,-0.204366,0.978029,-0.260018,0.943342,0.386554,-0.000063,-0.017193,0.336509,-0.941523,-0.318459,0.703172,0.375735,0.010633,0.036438,-0.190629,0.980928,-0.322739,0.833879,1.302158
313,2.608333,0.038894,0.012244,-0.203990,0.978123,-0.260016,0.943286,0.386663,-0.000363,-0.016891,0.336611,-0.941492,-0.318466,0.703168,0.375723,0.011239,0.036311,-0.189007,0.981240,-0.322497,0.832688,1.302244
314,2.616667,0.038872,0.011927,-0.203751,0.978178,-0.260093,0.943323,0.386729,-0.000029,-0.016609,0.336494,-0.941539,-0.318468,0.703143,0.375753,0.011498,0.035650,-0.187399,0.981569,-0.322036,0.831491,1.302339
315,2.625000,0.038768,0.011670,-0.203448,0.978248,-0.260159,0.943351,0.386781,0.000271,-0.016526,0.336543,-0.941523,-0.318469,0.703160,0.375730,0.012355,0.035383,-0.185772,0.981878,-0.321786,0.830215,1.302287
316,2.633333,0.038645,0.011344,-0.203114,0.978327,-0.260212,0.943352,0.386820,0.001220,-0.016616,0.336410,-0.941568,-0.318504,0.703169,0.375723,0.012727,0.036265,-0.184417,0.982096,-0.321390,0.829090,1.302331
317,2.641667,0.038439,0.010970,-0.202826,0.978399,-0.260237,0.943359,0.386877,0.002312,-0.016476,0.336341,-0.941593,-0.318486,0.703203,0.375786,0.013705,0.038836,-0.183008,0.982248,-0.321238,0.827490,1.302330
318,2.650000,0.038225,0.010720,-0.202576,0.978462,-0.260291,0.943412,0.386916,0.002937,-0.016563,0.336437,-0.941556,-0.318483,0.703273,0.375774,0.015067,0.036214,-0.181853,0.982543,-0.321166,0.826357,1.301790
319,2.658333,0.038044,0.010420,-0.202347,0.978519,-0.260353,0.943478,0.386930,0.003601,-0.016610,0.336468,-0.941541,-0.318480,0.703343,0.375756,0.015215,0.035026,-0.180123,0.982903,-0.321124,0.825265,1.301656
320,2.666667,0.037823,0.010030,-0.202220,0.978558,-0.260437,0.943561,0.386933,0.004168,-0.016477,0.336505,-0.941528,-0.318486,0.703407,0.375732,0.014411,0.036330,-0.178343,0.983192,-0.320772,0.824123,1.301557
321,2.675000,0.037226,0.009564,-0.201981,0.978635,-0.260498,0.943645,0.387006,0.004496,-0.016290,0.336531,-0.941521,-0.318499,0.703459,0.375717,0.015515,0.033506,-0.176641,0.983583,-0.320447,0.823076,1.301453
322,2.683333,0.036817,0.009098,-0.201927,0.978666,-0.260593,0.943732,0.387057,0.004783,-0.016249,0.336471,-0.941541,-0.318504,0.703497,0.375704,0.015168,0.035133,-0.174816,0.983857,-0.319988,0.821978,1.301398
323,2.691667,0.036698,0.008745,-0.201951,0.978669,-0.260717,0.943830,0.387045,0.004850,-0.015988,0.336361,-0.941585,-0.318530,0.703517,0.375692,0.015451,0.036123,-0.172660,0.984198,-0.319563,0.820912,1.301643
324,2.700000,0.036663,0.008375,-0.201977,0.978668,-0.260826,0.943932,0.386993,0.004671,-0.015713,0.336291,-0.941616,-0.318587,0.703542,0.375675,0.016835,0.031823,-0.171320,0.984557,-0.319211,0.820108,1.301165
325,2.708333,0.036624,0.008083,-0.201882,0.978691,-0.260915,0.944029,0.386955,0.004307,-0.015162,0.336127,-0.941685,-0.318632,0.703561,0.375662,0.017289,0.030285,-0.169748,0.984870,-0.318929,0.819022,1.301092
326,2.716667,0.036493,0.007824,-0.201749,0.978726,-0.260972,0.944098,0.386941,0.004007,-0.014968,0.336025,-0.941726,-0.318698,0.703570,0.375650,0.017254,0.031293,-0.168112,0.985120,-0.318380,0.817932,1.301085
327,2.725000,0.036293,0.007628,-0.201580,0.978770,-0.261002,0.944137,0.386950,0.003343,-0.014729,0.336095,-0.941707,-0.318789,0.703594,0.375600,0.014647,0.032408,-0.167894,0.985163,-0.317645,0.817464,1.300527
328,2.733333,0.036113,0.007599,-0.201326,0.978829,-0.261014,0.944144,0.386992,0.002891,-0.014604,0.336071,-0.941719,-0.318857,0.703613,0.375581,0.008778,0.041801,-0.165480,0.985288,-0.317107,0.817263,1.298956
329,2.741667,0.036278,0.005968,-0.201888,0.978718,-0.261349,0.944354,0.386660,0.002687,-0.014570,0.336018,-0.941739,-0.318908,0.703627,0.375574,0.007653,0.040997,-0.163723,0.985624,-0.317047,0.816414,1.298182
330,2.750000,0.036445,0.005757,-0.201876,0.978716,-0.261390,0.944385,0.386653,0.002617,-0.014425,0.335947,-0.941767,-0.318944,0.703643,0.375564,0.007950,0.040035,-0.164535,0.985526,-0.316656,0.814870,1.297745
331,2.758333,0.036450,0.005650,-0.201806,0.978731,-0.261405,0.944394,0.386656,0.002790,-0.014277,0.335884,-0.941791,-0.318961,0.703652,0.375574,0.008792,0.039200,-0.163888,0.985661,-0.316636,0.813914,1.297348
332,2.766667,0.036326,0.005591,-0.201707,0.978756,-0.261418,0.944413,0.386666,0.002762,-0.014163,0.335887,-0.941792,-0.318987,0.703669,0.375562,0.010174,0.037520,-0.163537,0.985771,-0.316675,0.812899,1.297416
333,2.775000,0.036274,0.005521,-0.201595,0.978781,-0.261426,0.944453,0.386682,0.002719,-0.014066,0.335942,-0.941774,-0.319006,0.703695,0.375541,0.009818,0.038417,-0.162455,0.985919,-0.316554,0.812173,1.297124
334,2.783333,0.035980,0.005399,-0.201439,0.978825,-0.261441,0.944491,0.386691,0.002692,-0.013931,0.335950,-0.941773,-0.319037,0.703721,0.375541,0.010219,0.037806,-0.161985,0.986016,-0.316520,0.811386,1.297103
335,2.791667,0.035718,0.005278,-0.201321,0.978860,-0.261460,0.944541,0.386706,0.002716,-0.013723,0.335977,-0.941766,-0.319071,0.703743,0.375548,0.010781,0.036781,-0.161851,0.986071,-0.316550,0.810595,1.297073
336,2.800000,0.035392,0.005431,-0.200979,0.978941,-0.261418,0.944601,0.386766,0.002421,-0.013598,0.336102,-0.941724,-0.319099,0.703797,0.375544,0.011408,0.037499,-0.163652,0.985739,-0.316579,0.808590,1.296973
337,2.808333,0.035008,0.005898,-0.200554,0.979039,-0.261334,0.944591,0.386936,0.002528,-0.013513,0.336084,-0.941732,-0.319170,0.703817,0.375539,0.010587,0.038473,-0.162947,0.985828,-0.316938,0.808052,1.296744
338,2.816667,0.035019,0.005098,-0.200945,0.978963,-0.261559,0.944708,0.386773,0.002352,-0.013365,0.336118,-0.941722,-0.319204,0.703849,0.375545,0.010812,0.037069,-0.162766,0.985909,-0.317001,0.807366,1.296590
339,2.825000,0.035123,0.004900,-0.200976,0.978954,-0.261600,0.944736,0.386766,0.002211,-0.013222,0.336226,-0.941686,-0.319229,0.703871,0.375544,0.011126,0.037033,-0.162982,0.985871,-0.317007,0.806707,1.296552
340,2.833333,0.035032,0.004796,-0.200897,0.978974,-0.261618,0.944748,0.386775,0.002245,-0.013029,0.336243,-0.941683,-0.319231,0.703877,0.375557,0.011502,0.036672,-0.163012,0.985875,-0.317182,0.806010,1.296511
341,2.841667,0.035020,0.004728,-0.200889,0.978977,-0.261638,0.944759,0.386785,0.002275,-0.012839,0.336293,-0.941667,-0.319241,0.703897,0.375544,0.010853,0.037238,-0.163133,0.985841,-0.317167,0.805329,1.296393
342,2.850000,0.034878,0.004711,-0.200821,0.978996,-0.261646,0.944783,0.386811,0.002323,-0.012642,0.336318,-0.941661,-0.319248,0.703912,0.375535,0.011404,0.037054,-0.163644,0.985757,-0.316937,0.804475,1.296309
343,2.858333,0.034671,0.004634,-0.200709,0.979026,-0.261671,0.944806,0.386823,0.002410,-0.012483,0.336377,-0.941642,-0.319269,0.703932,0.375523,0.011513,0.036492,-0.163610,0.985783,-0.317009,0.803962,1.296338
344,2.866667,0.034254,0.004550,-0.200649,0.979054,-0.261696,0.944821,0.386841,0.002419,-0.012443,0.336418,-0.941627,-0.319293,0.703959,0.375515,0.011752,0.036063,-0.163533,0.985808,-0.317161,0.803330,1.296347
345,2.875000,0.034086,0.004516,-0.200570,0.979076,-0.261722,0.944852,0.386855,0.002725,-0.012161,0.336547,-0.941584,-0.319339,0.704009,0.375532,0.012129,0.035152,-0.163539,0.985836,-0.317171,0.802724,1.296278
346,2.883333,0.033718,0.004478,-0.200428,0.979118,-0.261734,0.944886,0.386875,0.003612,-0.012127,0.336639,-0.941549,-0.319391,0.703976,0.375600,0.012365,0.034943,-0.163444,0.985856,-0.317175,0.802102,1.296233
347,2.891667,0.033599,0.004318,-0.200365,0.979136,-0.261760,0.944904,0.386869,0.003404,-0.011923,0.336681,-0.941537,-0.319402,0.704038,0.375569,0.012117,0.034782,-0.162990,0.985940,-0.317185,0.801586,1.296133
348,2.900000,0.033522,0.004234,-0.200288,0.979154,-0.261778,0.944924,0.386883,0.003551,-0.011824,0.336678,-0.941539,-0.319426,0.704062,0.375555,0.012941,0.033520,-0.162621,0.986034,-0.317301,0.800999,1.296104
349,2.908333,0.033373,0.004254,-0.200201,0.979177,-0.261789,0.944950,0.386910,0.003711,-0.011812,0.336691,-0.941534,-0.319445,0.704075,0.375544,0.013393,0.032779,-0.162096,0.986140,-0.317202,0.800338,1.296041
350,2.916667,0.033075,0.004225,-0.200122,0.979204,-0.261802,0.944973,0.386925,0.003838,-0.011752,0.336735,-0.941518,-0.319454,0.704101,0.375528,0.013740,0.032900,-0.161937,0.986157,-0.317050,0.799758,1.296053
351,2.925000,0.032760,0.004196,-0.199958,0.979248,-0.261808,0.944992,0.386942,0.004131,-0.011787,0.336723,-0.941521,-0.319462,0.704112,0.375514,0.013511,0.032620,-0.161237,0.986284,-0.317124,0.799234,1.295949
352,2.933333,0.032506,0.004162,-0.199710,0.979307,-0.261806,0.945011,0.386959,0.004405,-0.011719,0.336784,-0.941499,-0.319471,0.704135,0.375498,0.014589,0.031559,-0.160575,0.986411,-0.317141,0.798565,1.295880
353,2.941667,0.032299,0.004147,-0.199425,0.979372,-0.261808,0.945031,0.386986,0.004776,-0.011696,0.336862,-0.941469,-0.319480,0.704166,0.375499,0.014334,0.031890,-0.159841,0.986523,-0.316999,0.798054,1.295763
354,2.950000,0.031994,0.004100,-0.199215,0.979425,-0.261830,0.945064,0.386993,0.004777,-0.011929,0.336920,-0.941446,-0.319547,0.704205,0.375422,0.014499,0.031514,-0.159161,0.986643,-0.316894,0.797491,1.295622
355,2.958333,0.031860,0.004032,-0.198948,0.979484,-0.261848,0.945090,0.387005,0.004980,-0.011810,0.336945,-0.941437,-0.319567,0.704234,0.375408,0.015093,0.030586,-0.158145,0.986827,-0.316968,0.796946,1.295530
356,2.966667,0.031739,0.004049,-0.198677,0.979543,-0.261849,0.945106,0.387029,0.005722,-0.011511,0.336769,-0.941499,-0.319559,0.704204,0.375453,0.015396,0.029972,-0.157467,0.986949,-0.316927,0.796463,1.295449
357,2.975000,0.031668,0.003991,-0.198347,0.979612,-0.261863,0.945118,0.387052,0.004942,-0.011878,0.337156,-0.941361,-0.319590,0.704253,0.375321,0.015700,0.028725,-0.156475,0.987139,-0.316920,0.795946,1.295285
358,2.983333,0.031616,0.004015,-0.198000,0.979684,-0.261866,0.945121,0.387080,0.004261,-0.011985,0.337574,-0.941213,-0.319612,0.704331,0.375253,0.015172,0.029761,-0.155960,0.987198,-0.316722,0.795436,1.295225
359,2.991667,0.031633,0.003988,-0.197635,0.979757,-0.261872,0.945126,0.387096,0.004658,-0.011673,0.337643,-0.941190,-0.319635,0.704327,0.375254,0.015672,0.029194,-0.155115,0.987341,-0.316784,0.794977,1.295135
360,3.000000,0.031714,0.003949,-0.197229,0.979836,-0.261889,0.945137,0.387110,0.005641,-0.011192,0.337184,-0.941355,-0.319658,0.704278,0.375372,0.015699,0.029077,-0.154179,0.987490,-0.316632,0.794473,1.295016
361,3.008333,0.031652,0.003910,-0.196838,0.979917,-0.261904,0.945160,0.387107,0.005747,-0.011171,0.337182,-0.941356,-0.319688,0.704274,0.375368,0.015952,0.028369,-0.153498,0.987613,-0.316619,0.794051,1.294845
362,3.016667,0.031661,0.003765,-0.196466,0.979992,-0.261916,0.945200,0.387089,0.005339,-0.011308,0.337256,-0.941330,-0.319723,0.704261,0.375258,0.015923,0.028601,-0.152948,0.987692,-0.316524,0.793708,1.294747
363,3.025000,0.031003,0.003695,-0.195992,0.980108,-0.261847,0.945176,0.387142,0.004755,-0.011295,0.337556,-0.941226,-0.319728,0.704328,0.375212,0.016051,0.028749,-0.152216,0.987799,-0.316564,0.793257,1.294722
364,3.033333,0.031357,0.003452,-0.195732,0.980150,-0.261928,0.945296,0.387023,0.005605,-0.010876,0.337107,-0.941387,-0.319744,0.704266,0.375319,0.016221,0.027894,-0.151579,0.987918,-0.316483,0.792785,1.294589
365,3.041667,0.031259,0.003379,-0.195313,0.980237,-0.261917,0.945314,0.387025,0.005975,-0.010608,0.336869,-0.941473,-0.319759,0.704225,0.375296,0.016460,0.027762,-0.151113,0.987990,-0.316444,0.792433,1.294548
366,3.050000,0.031119,0.003555,-0.194916,0.980320,-0.261897,0.945326,0.387046,0.005666,-0.010641,0.336978,-0.941435,-0.319778,0.704251,0.375302,0.016508,0.027275,-0.150681,0.988068,-0.316449,0.792140,1.294451
367,3.058333,0.031053,0.003558,-0.194511,0.980402,-0.261883,0.945339,0.387058,0.005745,-0.010705,0.336902,-0.941461,-0.319796,0.704244,0.375313,0.016680,0.027282,-0.150308,0.988122,-0.316348,0.791764,1.294361
