Format Version,1.25,Take Name,step_down_028,Take Notes,,Capture Frame Rate,120.000000,Export Frame Rate,120.000000,Capture Start Time,2025-10-30 09.54.19.956 PM,Capture Start Frame,585217,Total Frames in Take,264,Total Exported Frames,264,Rotation Type,Quaternion,Length Units,Meters,Coordinate Space,Global

,Type,Rigid Body,Rigid Body,Rigid Body,Rigid Body,Rigid Body,Rigid Body,Rigid Body,Rigid Body,Rigid Body,Rigid Body,Rigid Body,Rigid Body,Rigid Body,Rigid Body,Rigid Body,Rigid Body,Rigid Body,Rigid Body,Rigid Body,Rigid Body,Rigid Body
,Name,RFoot,RFoot,RFoot,RFoot,RFoot,RFoot,RFoot,LFoot,LFoot,LFoot,LFoot,LFoot,LFoot,LFoot,Waist,Waist,Waist,Waist,Waist,Waist,Waist
,ID,83078AC3B5F211F034C857AE43D8E8B6,83078AC3B5F211F034C857AE43D8E8B6,83078AC3B5F211F034C857AE43D8E8B6,83078AC3B5F211F034C857AE43D8E8B6,83078AC3B5F211F034C857AE43D8E8B6,83078AC3B5F211F034C857AE43D8E8B6,83078AC3B5F211F034C857AE43D8E8B6,9231711FB5F311F034C857AE43D8E8B6,9231711FB5F311F034C857AE43D8E8B6,9231711FB5F311F034C857AE43D8E8B6,9231711FB5F311F034C857AE43D8E8B6,9231711FB5F311F034C857AE43D8E8B6,9231711FB5F311F034C857AE43D8E8B6,9231711FB5F311F034C857AE43D8E8B6,3693159B5F511F034C857AE43D8E8B6,3693159B5F511F034C857AE43D8E8B6,3693159B5F511F034C857AE43D8E8B6,3693159B5F511F034C857AE43D8E8B6,3693159B5F511F034C857AE43D8E8B6,3693159B5F511F034C857AE43D8E8B6,3693159B5F511F034C857AE43D8E8B6
,Parent,,,,,,,,,,,,,,,,,,,,,
,,Rotation,Rotation,Rotation,Rotation,Position,Position,Position,Rotation,Rotation,Rotation,Rotation,Position,Position,Position,Rotation,Rotation,Rotation,Rotation,Position,Position,Position
Frame,Time (Seconds),X,Y,Z,W,X,Y,Z,X,Y,Z,W,X,Y,Z,X,Y,Z,W,X,Y,Z
0,0.000000,-0.012472,0.021990,0.320425,-0.946937,-1.225165,-0.124724,0.365259,0.031461,0.016440,0.652413,-0.757032,-1.434393,-0.215393,0.358609,-0.023132,-0.015791,0.399425,-0.916338,-1.319685,-0.171729,1.271439
1,0.008333,-0.012415,0.022027,0.320490,-0.946914,-1.225169,-0.124707,0.365248,0.031615,0.016447,0.652371,-0.757061,-1.434398,-0.215389,0.358608,-0.021683,-0.014697,0.399091,-0.916537,-1.318973,-0.171342,1.271353
2,0.016667,-0.012424,0.022041,0.320492,-0.946913,-1.225175,-0.124692,0.365234,0.031915,0.016495,0.652339,-0.757075,-1.434396,-0.215382,0.358603,-0.023537,-0.015854,0.399832,-0.916149,-1.318347,-0.171246,1.271473
3,0.025000,-0.012984,0.021901,0.320595,-0.946874,-1.225140,-0.124633,0.365288,0.032162,0.016294,0.652357,-0.757054,-1.434392,-0.215361,0.358599,-0.021807,-0.017107,0.399381,-0.916366,-1.317935,-0.171074,1.270782
4,0.033333,-0.012349,0.022103,0.320552,-0.946892,-1.225175,-0.124662,0.365188,0.032256,0.016304,0.652360,-0.757047,-1.434389,-0.215353,0.358589,-0.021254,-0.014847,0.398564,-0.916774,-1.317001,-0.170777,1.271164
5,0.041667,-0.012935,0.021992,0.320734,-0.946826,-1.225139,-0.124619,0.365242,0.032576,0.016459,0.652312,-0.757071,-1.434377,-0.215347,0.358582,-0.023395,-0.018791,0.400070,-0.915993,-1.316321,-0.170539,1.271274
6,0.050000,-0.012873,0.022018,0.320734,-0.946826,-1.225148,-0.124602,0.365215,0.032896,0.016403,0.652286,-0.757081,-1.434375,-0.215342,0.358579,-0.020001,-0.017683,0.399224,-0.916465,-1.315324,-0.170304,1.271163
7,0.058333,-0.012898,0.022017,0.320820,-0.946796,-1.225151,-0.124581,0.365198,0.033119,0.016308,0.652306,-0.757056,-1.434377,-0.215337,0.358575,-0.021573,-0.017160,0.399807,-0.916185,-1.314774,-0.170111,1.270932
8,0.066667,-0.012927,0.022090,0.320860,-0.946781,-1.225154,-0.124567,0.365176,0.033477,0.016272,0.652278,-0.757066,-1.434367,-0.215334,0.358575,-0.021861,-0.018827,0.399680,-0.916201,-1.313882,-0.169960,1.270892
9,0.075000,-0.012765,0.022125,0.320885,-0.946774,-1.225161,-0.124549,0.365142,0.033835,0.016291,0.652216,-0.757102,-1.434363,-0.215332,0.358580,-0.020892,-0.016411,0.399160,-0.916496,-1.312937,-0.169724,1.271164
10,0.083333,-0.012760,0.022170,0.320979,-0.946741,-1.225150,-0.124536,0.365120,0.034291,0.016122,0.652153,-0.757139,-1.434373,-0.215323,0.358579,-0.022951,-0.017564,0.399691,-0.916194,-1.311984,-0.169573,1.271188
11,0.091667,-0.012692,0.022187,0.321072,-0.946710,-1.225150,-0.124516,0.365104,0.034561,0.016129,0.652105,-0.757169,-1.434365,-0.215315,0.358582,-0.022440,-0.017800,0.399616,-0.916235,-1.311274,-0.169290,1.270929
12,0.100000,-0.012523,0.022190,0.321170,-0.946679,-1.225150,-0.124495,0.365085,0.035016,0.015946,0.652063,-0.757188,-1.434370,-0.215312,0.358592,-0.020172,-0.017839,0.399537,-0.916321,-1.310219,-0.168934,1.271030
13,0.108333,-0.012281,0.022219,0.321278,-0.946645,-1.225148,-0.124483,0.365054,0.035292,0.015888,0.651996,-0.757234,-1.434358,-0.215311,0.358586,-0.021710,-0.018861,0.399707,-0.916192,-1.309260,-0.168917,1.270771
14,0.116667,-0.012084,0.022234,0.321480,-0.946578,-1.225137,-0.124490,0.365039,0.035663,0.015726,0.651937,-0.757271,-1.434349,-0.215317,0.358613,-0.021161,-0.016954,0.399572,-0.916301,-1.308589,-0.168769,1.270485
15,0.125000,-0.011852,0.022265,0.321556,-0.946555,-1.225132,-0.124485,0.365021,0.035928,0.015597,0.651897,-0.757295,-1.434325,-0.215307,0.358620,-0.021197,-0.019254,0.399615,-0.916236,-1.307287,-0.168495,1.270709
16,0.133333,-0.011674,0.022192,0.321657,-0.946524,-1.225138,-0.124481,0.365006,0.035684,0.015000,0.652134,-0.757115,-1.434392,-0.215540,0.359010,-0.021028,-0.017055,0.398966,-0.916566,-1.306152,-0.168366,1.270595
17,0.141667,-0.011446,0.022131,0.321764,-0.946492,-1.225136,-0.124485,0.364990,0.035765,0.015058,0.651996,-0.757229,-1.434382,-0.215530,0.358996,-0.020915,-0.020605,0.399357,-0.916326,-1.305093,-0.168280,1.270477
18,0.150000,-0.010536,0.022248,0.322215,-0.946346,-1.225141,-0.124508,0.364985,0.035657,0.015156,0.651971,-0.757254,-1.434344,-0.215518,0.359017,-0.021278,-0.016961,0.398987,-0.916553,-1.303981,-0.168053,1.270507
19,0.158333,-0.009415,0.022540,0.323002,-0.946083,-1.225147,-0.124585,0.364992,0.035715,0.015112,0.651914,-0.757301,-1.434315,-0.215514,0.359017,-0.020953,-0.018556,0.399230,-0.916423,-1.302990,-0.167969,1.270293
20,0.166667,-0.008033,0.022891,0.323929,-0.945770,-1.225156,-0.124692,0.365004,0.035908,0.014998,0.651861,-0.757339,-1.434283,-0.215518,0.359029,-0.020315,-0.016977,0.398753,-0.916676,-1.301678,-0.167626,1.270533
21,0.175000,-0.006436,0.023040,0.324176,-0.945694,-1.225174,-0.124716,0.364993,0.035909,0.014816,0.651916,-0.757295,-1.434228,-0.215517,0.359052,-0.021075,-0.018133,0.399651,-0.916246,-1.300708,-0.167617,1.270215
22,0.183333,-0.005549,0.022848,0.324303,-0.945661,-1.225193,-0.124743,0.364993,0.036190,0.014670,0.651879,-0.757317,-1.434173,-0.215526,0.359065,-0.019512,-0.018813,0.399236,-0.916447,-1.299512,-0.167371,1.269954
23,0.191667,-0.004810,0.022583,0.324310,-0.945669,-1.225208,-0.124770,0.364986,0.036330,0.014427,0.651886,-0.757309,-1.434113,-0.215544,0.359074,-0.019984,-0.018692,0.399880,-0.916159,-1.298217,-0.167261,1.270210
24,0.200000,-0.004370,0.022283,0.323669,-0.945898,-1.225185,-0.124745,0.365027,0.036445,0.014171,0.652025,-0.757188,-1.434045,-0.215545,0.359082,-0.019885,-0.018844,0.399894,-0.916152,-1.296939,-0.167085,1.269925
25,0.208333,-0.003716,0.021931,0.323618,-0.945926,-1.225191,-0.124740,0.365034,0.036842,0.013851,0.652050,-0.757153,-1.433980,-0.215585,0.359123,-0.018271,-0.018457,0.399753,-0.916255,-1.295464,-0.166737,1.269797
26,0.216667,-0.003062,0.021692,0.323567,-0.945952,-1.225211,-0.124742,0.365013,0.036707,0.013655,0.652306,-0.756944,-1.433897,-0.215615,0.359142,-0.020850,-0.019255,0.401448,-0.915442,-1.294505,-0.166668,1.269432
27,0.225000,-0.002383,0.021443,0.323553,-0.945964,-1.225220,-0.124729,0.364988,0.036810,0.013411,0.652466,-0.756804,-1.433809,-0.215655,0.359169,-0.019743,-0.017917,0.400741,-0.915803,-1.293041,-0.166377,1.269622
28,0.233333,-0.001719,0.021214,0.323630,-0.945944,-1.225227,-0.124700,0.364953,0.036539,0.013357,0.652767,-0.756559,-1.433709,-0.215694,0.359185,-0.019299,-0.015472,0.400878,-0.915798,-1.291664,-0.166114,1.269614
29,0.241667,-0.001079,0.021127,0.323734,-0.945912,-1.225240,-0.124659,0.364909,0.036367,0.013143,0.653041,-0.756335,-1.433610,-0.215745,0.359229,-0.020314,-0.018792,0.401633,-0.915383,-1.290375,-0.165993,1.268975
30,0.250000,-0.000611,0.021132,0.323864,-0.945868,-1.225251,-0.124622,0.364841,0.036087,0.012756,0.653401,-0.756044,-1.433516,-0.215809,0.359312,-0.024338,-0.019926,0.402498,-0.914880,-1.289037,-0.166310,1.268407
31,0.258333,0.000042,0.021109,0.323985,-0.945827,-1.225254,-0.124557,0.364757,0.033516,0.016358,0.654788,-0.754892,-1.432989,-0.215999,0.359129,-0.023910,-0.018219,0.402595,-0.914884,-1.287852,-0.166107,1.267883
32,0.266667,0.000656,0.021207,0.324151,-0.945768,-1.225246,-0.124490,0.364653,0.032667,0.017033,0.655242,-0.754521,-1.432823,-0.216075,0.359112,-0.023561,-0.018383,0.402846,-0.914780,-1.286267,-0.166093,1.267279
33,0.275000,0.002125,0.021033,0.324556,-0.945630,-1.225233,-0.124450,0.364449,0.031894,0.017699,0.655691,-0.754148,-1.432692,-0.216154,0.359093,-0.023510,-0.016571,0.403357,-0.914591,-1.285169,-0.165675,1.267261
34,0.283333,0.003637,0.020905,0.324675,-0.945588,-1.225248,-0.124358,0.364249,0.030976,0.018147,0.656214,-0.753720,-1.432584,-0.216222,0.359112,-0.023887,-0.017278,0.404226,-0.914184,-1.283707,-0.165855,1.266491
35,0.291667,0.004564,0.020932,0.324902,-0.945505,-1.225250,-0.124255,0.364098,0.029658,0.018721,0.656803,-0.753246,-1.432481,-0.216323,0.359142,-0.024097,-0.015906,0.404683,-0.914001,-1.282266,-0.165851,1.265906
36,0.300000,0.005178,0.021056,0.325234,-0.945385,-1.225261,-0.124157,0.363952,0.027717,0.019389,0.657398,-0.752784,-1.432383,-0.216400,0.359181,-0.023635,-0.014925,0.405115,-0.913838,-1.281247,-0.165621,1.265415
37,0.308333,0.004567,0.021413,0.325476,-0.945297,-1.225281,-0.124091,0.363881,0.027753,0.018110,0.656545,-0.753558,-1.432695,-0.216386,0.359340,-0.024692,-0.013987,0.406212,-0.913338,-1.280030,-0.165532,1.264981
38,0.316667,0.004725,0.021802,0.325653,-0.945226,-1.225281,-0.123958,0.363749,0.020927,0.021465,0.658719,-0.751792,-1.432394,-0.216099,0.359138,-0.023586,-0.014241,0.407062,-0.912985,-1.278728,-0.165605,1.264559
39,0.325000,0.005377,0.022063,0.325895,-0.945133,-1.225298,-0.123814,0.363579,0.019924,0.019727,0.658452,-0.752100,-1.432307,-0.216304,0.359733,-0.023391,-0.012472,0.407253,-0.912931,-1.277709,-0.165333,1.264617
40,0.333333,0.005822,0.022440,0.326158,-0.945031,-1.225326,-0.123704,0.363398,0.020414,0.008659,0.658613,-0.752155,-1.432218,-0.216565,0.361361,-0.024050,-0.010537,0.407834,-0.912679,-1.276508,-0.165202,1.264298
41,0.341667,0.006048,0.022894,0.326335,-0.944958,-1.225342,-0.123596,0.363215,0.015390,0.006349,0.659479,-0.751538,-1.432242,-0.216420,0.362006,-0.024968,-0.008271,0.408246,-0.912493,-1.275696,-0.164923,1.264504
42,0.350000,0.006248,0.023384,0.326460,-0.944901,-1.225353,-0.123493,0.363033,0.012338,-0.003111,0.660403,-0.750803,-1.432042,-0.216472,0.363864,-0.024538,-0.007059,0.408890,-0.912226,-1.274835,-0.164896,1.264336
43,0.358333,0.006227,0.023849,0.326694,-0.944809,-1.225363,-0.123420,0.362864,0.005583,-0.006715,0.661104,-0.750243,-1.431838,-0.216707,0.365149,-0.024415,-0.007054,0.410245,-0.911621,-1.273816,-0.164612,1.263720
44,0.366667,0.006040,0.024309,0.327023,-0.944684,-1.225373,-0.123346,0.362712,0.001555,-0.015347,0.660523,-0.750647,-1.431533,-0.217567,0.367062,-0.023909,-0.005169,0.410945,-0.911332,-1.273001,-0.164359,1.263909
45,0.375000,0.005905,0.024844,0.327222,-0.944602,-1.225392,-0.123283,0.362555,-0.004916,-0.019475,0.660994,-0.750122,-1.431142,-0.218125,0.368491,-0.022281,-0.003497,0.411869,-0.910964,-1.271802,-0.164101,1.263681
46,0.383333,0.006021,0.025296,0.327072,-0.944642,-1.225406,-0.123168,0.362410,-0.012216,-0.026225,0.661886,-0.749046,-1.430640,-0.218773,0.370372,-0.021347,-0.003761,0.413020,-0.910464,-1.271044,-0.163851,1.263660
47,0.391667,0.005922,0.025783,0.327128,-0.944610,-1.225397,-0.123070,0.362290,-0.021864,-0.042510,0.663828,-0.746356,-1.429912,-0.219165,0.373392,-0.021094,-0.001487,0.413937,-0.910060,-1.270033,-0.163475,1.263183
48,0.400000,0.006057,0.026032,0.327241,-0.944563,-1.225385,-0.122978,0.362147,-0.029383,-0.054415,0.664051,-0.745126,-1.429245,-0.219923,0.375982,-0.020345,-0.000996,0.414837,-0.909668,-1.269747,-0.163165,1.263814
49,0.408333,0.006082,0.026118,0.327762,-0.944380,-1.225338,-0.122926,0.362026,-0.036727,-0.071797,0.663001,-0.744262,-1.428435,-0.220899,0.379316,-0.019459,0.000124,0.415699,-0.909294,-1.268401,-0.162717,1.263479
50,0.416667,0.006319,0.026202,0.327957,-0.944308,-1.225288,-0.122778,0.361922,-0.042937,-0.086494,0.662264,-0.743022,-1.427425,-0.221771,0.382065,-0.019343,0.000666,0.416377,-0.908986,-1.267651,-0.162334,1.263453
51,0.425000,0.006948,0.026223,0.327861,-0.944336,-1.225206,-0.122635,0.361842,-0.045777,-0.104460,0.660969,-0.741696,-1.426019,-0.223181,0.385284,-0.016607,0.001534,0.418183,-0.908210,-1.266990,-0.162082,1.263524
52,0.433333,0.007289,0.026291,0.327861,-0.944332,-1.225125,-0.122493,0.361749,-0.047911,-0.116907,0.660932,-0.739734,-1.424273,-0.224299,0.388250,-0.015841,0.002631,0.418707,-0.907979,-1.266432,-0.161766,1.263564
53,0.441667,0.007696,0.026321,0.327958,-0.944294,-1.225046,-0.122436,0.361717,-0.049588,-0.139114,0.656879,-0.739391,-1.422157,-0.226715,0.392629,-0.014370,0.004284,0.419976,-0.907411,-1.265677,-0.161483,1.263849
54,0.450000,0.007930,0.026313,0.327871,-0.944323,-1.224996,-0.122357,0.361688,-0.055151,-0.152985,0.657374,-0.735808,-1.419599,-0.228547,0.396357,-0.013637,0.005039,0.420033,-0.907393,-1.264983,-0.161471,1.263954
55,0.458333,0.007639,0.026437,0.327918,-0.944305,-1.224999,-0.122318,0.361630,-0.056123,-0.163314,0.656417,-0.734367,-1.416896,-0.230938,0.399904,-0.012129,0.006776,0.420878,-0.907011,-1.263731,-0.161467,1.263939
56,0.466667,0.007238,0.026548,0.328103,-0.944241,-1.225016,-0.122351,0.361589,-0.056762,-0.166541,0.657728,-0.732418,-1.413623,-0.233186,0.402958,-0.011339,0.007271,0.421142,-0.906895,-1.263085,-0.161368,1.264203
57,0.475000,0.007302,0.026340,0.328301,-0.944178,-1.224982,-0.122359,0.361573,-0.058796,-0.168004,0.657665,-0.731980,-1.409799,-0.236126,0.406226,-0.009668,0.007991,0.421026,-0.906962,-1.262556,-0.161617,1.264570
58,0.483333,0.007312,0.025972,0.328395,-0.944155,-1.224954,-0.122378,0.361567,-0.059862,-0.167458,0.657163,-0.732470,-1.405520,-0.239465,0.409355,-0.009109,0.007754,0.422718,-0.906182,-1.262290,-0.161638,1.264269
59,0.491667,0.007116,0.025681,0.328580,-0.944100,-1.224932,-0.122417,0.361585,-0.059948,-0.167723,0.655291,-0.734077,-1.401046,-0.243392,0.412348,-0.008219,0.007546,0.422223,-0.906423,-1.261637,-0.161965,1.264239
60,0.500000,0.007077,0.025467,0.328594,-0.944101,-1.224917,-0.122430,0.361615,-0.059304,-0.167334,0.652753,-0.736476,-1.396301,-0.247701,0.415004,-0.007591,0.009141,0.421474,-0.906762,-1.260759,-0.162468,1.264512
61,0.508333,0.007162,0.025127,0.328605,-0.944106,-1.224911,-0.122433,0.361664,-0.058491,-0.166573,0.650134,-0.739025,-1.391436,-0.252113,0.417502,-0.004461,0.010004,0.421248,-0.906879,-1.260034,-0.162948,1.265169
62,0.516667,0.008072,0.023501,0.329386,-0.943869,-1.224972,-0.122398,0.361850,-0.058247,-0.164513,0.649081,-0.740430,-1.386573,-0.256732,0.419664,-0.004966,0.012211,0.421922,-0.906536,-1.260723,-0.163869,1.266854
63,0.525000,0.008349,0.022977,0.329248,-0.943927,-1.224919,-0.122420,0.361922,-0.057011,-0.161992,0.648404,-0.741675,-1.381513,-0.261630,0.421830,-0.000020,0.015100,0.421781,-0.906572,-1.259863,-0.164763,1.267863
64,0.533333,0.008413,0.022575,0.329149,-0.943971,-1.224864,-0.122449,0.361980,-0.057070,-0.157917,0.648750,-0.742246,-1.376339,-0.266815,0.423749,0.000290,0.015794,0.420463,-0.907172,-1.258976,-0.165595,1.268214
65,0.541667,0.007313,0.023934,0.328296,-0.944243,-1.224586,-0.122646,0.361917,-0.059457,-0.152746,0.650442,-0.741660,-1.370894,-0.272222,0.425633,0.001667,0.015174,0.420169,-0.907318,-1.258557,-0.166482,1.268494
66,0.550000,0.007463,0.023430,0.328376,-0.944227,-1.224522,-0.122662,0.361970,-0.058402,-0.148142,0.652394,-0.740963,-1.365606,-0.277732,0.427152,0.002231,0.017470,0.419960,-0.907372,-1.257434,-0.167090,1.268760
67,0.558333,0.007623,0.022948,0.328458,-0.944209,-1.224475,-0.122671,0.362027,-0.055672,-0.142636,0.653394,-0.741372,-1.360460,-0.283492,0.428194,0.002822,0.016344,0.420228,-0.907267,-1.257288,-0.167871,1.269292
68,0.566667,0.007827,0.022478,0.328476,-0.944213,-1.224425,-0.122680,0.362072,-0.053091,-0.136414,0.655051,-0.741270,-1.355196,-0.289351,0.429040,0.004370,0.018596,0.419679,-0.907471,-1.256126,-0.168425,1.269967
69,0.575000,0.007893,0.022125,0.328494,-0.944214,-1.224361,-0.122702,0.362109,-0.049511,-0.129619,0.656179,-0.741739,-1.349971,-0.295378,0.429585,0.004861,0.016340,0.421180,-0.906817,-1.256389,-0.169196,1.270358
70,0.583333,0.007922,0.021698,0.328445,-0.944241,-1.224318,-0.122709,0.362144,-0.046572,-0.122752,0.658039,-0.741450,-1.344641,-0.301530,0.429861,0.006960,0.018157,0.420998,-0.906853,-1.255435,-0.169856,1.270764
71,0.591667,0.007518,0.021583,0.328494,-0.944229,-1.224298,-0.122759,0.362147,-0.042478,-0.115646,0.658937,-0.742040,-1.339130,-0.307772,0.430030,0.009881,0.020612,0.419776,-0.907340,-1.253793,-0.170415,1.271234
72,0.600000,0.007655,0.021094,0.328144,-0.944361,-1.224214,-0.122788,0.362177,-0.039069,-0.108916,0.659914,-0.742377,-1.333597,-0.314239,0.429956,0.010608,0.018366,0.420727,-0.906939,-1.254021,-0.171179,1.271655
73,0.608333,0.007318,0.020480,0.327755,-0.944513,-1.224162,-0.122727,0.362208,-0.035841,-0.102566,0.660534,-0.742893,-1.328047,-0.320857,0.429647,0.011820,0.017854,0.420107,-0.907222,-1.253470,-0.172113,1.272288
74,0.616667,0.005339,0.020319,0.326656,-0.944910,-1.224099,-0.122595,0.362123,-0.033630,-0.096818,0.660548,-0.743755,-1.322418,-0.327603,0.429213,0.012100,0.019122,0.420245,-0.907128,-1.252342,-0.172809,1.272014
75,0.625000,0.002281,0.021699,0.325591,-0.945259,-1.223907,-0.122679,0.361825,-0.031595,-0.091425,0.660459,-0.744605,-1.316767,-0.334448,0.428486,0.012896,0.018826,0.419956,-0.907258,-1.251668,-0.173592,1.272142
76,0.633333,0.001360,0.022212,0.325407,-0.945312,-1.223844,-0.122736,0.361718,-0.029788,-0.086867,0.659587,-0.745998,-1.311104,-0.341325,0.427663,0.016471,0.018835,0.419549,-0.907388,-1.251573,-0.174727,1.273028
77,0.641667,-0.001521,0.024206,0.326833,-0.944771,-1.224140,-0.122536,0.361356,-0.028494,-0.082631,0.658808,-0.747217,-1.305491,-0.348308,0.426686,0.016553,0.017978,0.419364,-0.907489,-1.250828,-0.175559,1.273079
78,0.650000,-0.001399,0.024069,0.326899,-0.944752,-1.224134,-0.122532,0.361333,-0.031102,-0.077893,0.658717,-0.747701,-1.300015,-0.355048,0.425163,0.016108,0.018285,0.418871,-0.907719,-1.249790,-0.176385,1.272941
79,0.658333,-0.001783,0.024116,0.326985,-0.944720,-1.224094,-0.122527,0.361327,-0.031601,-0.073254,0.657685,-0.749057,-1.294434,-0.361896,0.423644,0.017191,0.018440,0.418656,-0.907795,-1.249415,-0.177455,1.273011
80,0.666667,-0.002091,0.023896,0.327000,-0.944720,-1.224059,-0.122509,0.361380,-0.028584,-0.070208,0.655501,-0.751380,-1.288822,-0.368896,0.422258,0.017547,0.018494,0.417688,-0.908233,-1.248949,-0.178637,1.273246
81,0.675000,-0.001851,0.023497,0.327106,-0.944694,-1.224067,-0.122507,0.361417,-0.026135,-0.068506,0.652594,-0.754152,-1.283248,-0.375592,0.420502,0.017736,0.018519,0.417791,-0.908181,-1.248326,-0.179464,1.273189
82,0.683333,-0.001934,0.023394,0.327152,-0.944680,-1.224072,-0.122504,0.361368,-0.028909,-0.064495,0.651509,-0.755341,-1.277750,-0.382814,0.418689,0.017651,0.020056,0.417272,-0.908389,-1.246915,-0.180407,1.272786
83,0.691667,0.000122,0.019767,0.328796,-0.944194,-1.224250,-0.122147,0.361725,-0.035397,-0.061921,0.649412,-0.757085,-1.272168,-0.390046,0.415788,0.017566,0.020468,0.416198,-0.908874,-1.246065,-0.181514,1.272682
84,0.700000,-0.000527,0.020227,0.328286,-0.944362,-1.224112,-0.122231,0.361655,-0.036239,-0.061547,0.646141,-0.759869,-1.266721,-0.397021,0.413321,0.016867,0.019179,0.415743,-0.909123,-1.245613,-0.182651,1.272505
85,0.708333,-0.000338,0.019817,0.328402,-0.944330,-1.224134,-0.122225,0.361693,-0.040637,-0.061888,0.642653,-0.762572,-1.261309,-0.403813,0.410277,0.018624,0.022032,0.412590,-0.910460,-1.243823,-0.183784,1.272818
86,0.716667,-0.000318,0.019692,0.327569,-0.944622,-1.224064,-0.122258,0.361697,-0.045256,-0.063169,0.639359,-0.764972,-1.255889,-0.410561,0.407075,0.017376,0.019382,0.413344,-0.910203,-1.243936,-0.184768,1.272378
87,0.725000,0.003423,0.019005,0.329103,-0.944097,-1.224194,-0.121975,0.361873,-0.051497,-0.064335,0.636064,-0.767224,-1.250640,-0.417140,0.403657,0.016625,0.017480,0.411539,-0.911073,-1.243149,-0.186094,1.272201
88,0.733333,0.002724,0.018137,0.327913,-0.944530,-1.223955,-0.122218,0.361933,-0.058590,-0.065682,0.632485,-0.769556,-1.245474,-0.423720,0.399939,0.017428,0.019705,0.408823,-0.912235,-1.241053,-0.187091,1.272044
89,0.741667,0.003266,0.017522,0.327770,-0.944590,-1.223950,-0.122273,0.361991,-0.066529,-0.068990,0.628607,-0.771795,-1.240221,-0.430322,0.395989,0.016903,0.019911,0.408603,-0.912338,-1.240844,-0.188135,1.271888
90,0.750000,0.003638,0.016872,0.327569,-0.944670,-1.223932,-0.122256,0.362032,-0.075655,-0.072258,0.624552,-0.773944,-1.234907,-0.436788,0.391909,0.013623,0.019034,0.407117,-0.913076,-1.239721,-0.189132,1.271384
91,0.758333,0.004175,0.016351,0.327549,-0.944684,-1.223942,-0.122272,0.362076,-0.086197,-0.073098,0.619956,-0.776454,-1.229622,-0.443086,0.388077,0.011709,0.018849,0.405647,-0.913760,-1.238852,-0.190230,1.270987
92,0.766667,0.004882,0.015901,0.327570,-0.944680,-1.223944,-0.122254,0.362128,-0.096303,-0.073810,0.615019,-0.779121,-1.224364,-0.449216,0.384304,0.010863,0.018029,0.404374,-0.914352,-1.238172,-0.191238,1.270713
93,0.775000,0.005872,0.015323,0.327626,-0.944665,-1.223922,-0.122222,0.362161,-0.101379,-0.076770,0.608908,-0.782981,-1.219239,-0.455219,0.380630,0.014507,0.019562,0.402700,-0.915008,-1.237427,-0.192284,1.271169
94,0.783333,0.006446,0.015011,0.327759,-0.944620,-1.223955,-0.122182,0.362180,-0.108672,-0.078192,0.602406,-0.786882,-1.214099,-0.461103,0.377076,0.010701,0.020823,0.400357,-0.916060,-1.235411,-0.193452,1.270605
95,0.791667,0.007588,0.014618,0.327727,-0.944629,-1.224001,-0.122146,0.362146,-0.114494,-0.079551,0.596680,-0.790276,-1.209118,-0.466816,0.373776,0.007715,0.019146,0.398358,-0.916998,-1.234569,-0.194675,1.270046
96,0.800000,0.008939,0.014044,0.327555,-0.944685,-1.223970,-0.122116,0.362184,-0.120461,-0.081761,0.590713,-0.793639,-1.204194,-0.472451,0.370596,0.004767,0.017469,0.396116,-0.918022,-1.234215,-0.195832,1.269534
97,0.808333,0.010594,0.013568,0.327438,-0.944716,-1.223980,-0.122081,0.362203,-0.125270,-0.083027,0.584894,-0.797066,-1.199390,-0.477936,0.367440,0.002686,0.015995,0.394381,-0.918804,-1.233683,-0.197039,1.268858
98,0.816667,0.011219,0.013022,0.327380,-0.944736,-1.223964,-0.122060,0.362256,-0.132835,-0.085396,0.578854,-0.799994,-1.194811,-0.483237,0.364462,0.000450,0.015857,0.391976,-0.919839,-1.232961,-0.198254,1.268210
99,0.825000,0.011272,0.012555,0.327460,-0.944714,-1.223883,-0.122063,0.362361,-0.137056,-0.086070,0.572726,-0.803612,-1.190185,-0.488511,0.361434,-0.001229,0.014298,0.389496,-0.920916,-1.232278,-0.199603,1.267540
100,0.833333,0.011158,0.012013,0.327483,-0.944715,-1.223768,-0.122113,0.362467,-0.140814,-0.086793,0.566651,-0.807183,-1.185662,-0.493664,0.358587,-0.002712,0.012671,0.387276,-0.921873,-1.231531,-0.200890,1.266853
101,0.841667,0.011078,0.011287,0.327453,-0.944735,-1.223650,-0.122182,0.362577,-0.147046,-0.087908,0.560633,-0.810148,-1.181326,-0.498716,0.355928,-0.003353,0.012851,0.384310,-0.923109,-1.230627,-0.202299,1.266269
102,0.850000,0.011161,0.010532,0.327439,-0.944748,-1.223545,-0.122206,0.362720,-0.151306,-0.088074,0.554895,-0.813290,-1.177068,-0.503647,0.353308,-0.003877,0.011401,0.382135,-0.924028,-1.229972,-0.203710,1.265162
103,0.858333,0.011578,0.009839,0.327461,-0.944743,-1.223464,-0.122213,0.362856,-0.154746,-0.087894,0.549437,-0.816362,-1.173005,-0.508431,0.350812,-0.004911,0.011043,0.379771,-0.925002,-1.229153,-0.205278,1.264074
104,0.866667,0.012150,0.009123,0.327398,-0.944764,-1.223384,-0.122235,0.362976,-0.158051,-0.088669,0.544203,-0.819146,-1.169044,-0.513040,0.348415,-0.003841,0.009537,0.377050,-0.926136,-1.228528,-0.206960,1.262661
105,0.875000,0.012281,0.008434,0.327222,-0.944830,-1.223263,-0.122279,0.363083,-0.160777,-0.086952,0.539369,-0.821992,-1.165229,-0.517651,0.346164,-0.004496,0.009572,0.374650,-0.927106,-1.227753,-0.208728,1.261611
106,0.883333,0.012481,0.007704,0.326936,-0.944933,-1.223146,-0.122320,0.363192,-0.162358,-0.086029,0.534722,-0.824810,-1.161557,-0.522088,0.343875,-0.005852,0.010205,0.371942,-0.928182,-1.226970,-0.210694,1.260840
107,0.891667,0.012817,0.007049,0.326513,-0.945080,-1.223056,-0.122365,0.363284,-0.163621,-0.085914,0.530484,-0.827305,-1.158228,-0.526386,0.341658,-0.007374,0.010974,0.369240,-0.929240,-1.226212,-0.212768,1.259776
108,0.900000,0.013927,0.006250,0.326253,-0.945159,-1.223057,-0.122437,0.363424,-0.164460,-0.085166,0.526420,-0.829808,-1.155050,-0.530561,0.339487,-0.006077,0.012280,0.367316,-0.929995,-1.225231,-0.214687,1.258217
109,0.908333,0.014485,0.005604,0.326015,-0.945237,-1.223045,-0.122449,0.363501,-0.163944,-0.085349,0.522771,-0.832195,-1.152130,-0.534611,0.337246,-0.006538,0.012878,0.364937,-0.930920,-1.224637,-0.216806,1.256948
110,0.916667,0.013062,0.006053,0.324851,-0.945656,-1.222970,-0.122311,0.363721,-0.163320,-0.085603,0.519316,-0.834452,-1.149318,-0.538490,0.335062,-0.006711,0.013953,0.363050,-0.931641,-1.223706,-0.219100,1.255403
111,0.925000,0.014427,0.005399,0.324896,-0.945625,-1.222994,-0.122546,0.363582,-0.162240,-0.085313,0.516314,-0.836552,-1.146862,-0.542259,0.332910,-0.007809,0.014031,0.361588,-0.932200,-1.223041,-0.221300,1.253659
112,0.933333,0.015041,0.004764,0.324740,-0.945672,-1.222998,-0.122618,0.363552,-0.160286,-0.085302,0.513905,-0.838412,-1.144502,-0.545934,0.330606,-0.006729,0.015635,0.360633,-0.932553,-1.221881,-0.223614,1.251479
113,0.941667,0.015391,0.004540,0.324446,-0.945768,-1.223018,-0.122617,0.363547,-0.157954,-0.086265,0.511897,-0.839982,-1.142360,-0.549401,0.328234,-0.008278,0.016363,0.359532,-0.932953,-1.221083,-0.225786,1.249983
114,0.950000,0.015471,0.004298,0.324164,-0.945865,-1.223008,-0.122616,0.363532,-0.155283,-0.086846,0.510231,-0.841433,-1.140424,-0.552653,0.325785,-0.008638,0.017035,0.358807,-0.933216,-1.220100,-0.228230,1.247812
115,0.958333,0.015604,0.004068,0.323955,-0.945935,-1.223004,-0.122630,0.363476,-0.151542,-0.087536,0.509370,-0.842565,-1.138682,-0.555712,0.323146,-0.009891,0.017636,0.358186,-0.933431,-1.219098,-0.230527,1.245795
116,0.966667,0.015574,0.003808,0.323882,-0.945962,-1.222996,-0.122643,0.363431,-0.146213,-0.089113,0.509888,-0.843027,-1.137120,-0.558481,0.320112,-0.010429,0.018118,0.357974,-0.933497,-1.218074,-0.232880,1.243740
117,0.975000,0.015199,0.003535,0.323881,-0.945969,-1.222987,-0.122662,0.363377,-0.144050,-0.092077,0.510581,-0.842661,-1.135792,-0.561133,0.317120,-0.012099,0.017910,0.358026,-0.933462,-1.216921,-0.235307,1.241393
118,0.983333,0.014904,0.003390,0.323734,-0.946025,-1.222987,-0.122666,0.363316,-0.142104,-0.095141,0.511462,-0.842117,-1.134607,-0.563660,0.314145,-0.014174,0.019076,0.358212,-0.933338,-1.215672,-0.237733,1.238947
119,0.991667,0.013989,0.003551,0.323432,-0.946141,-1.222963,-0.122610,0.363316,-0.137885,-0.097611,0.512937,-0.841639,-1.133491,-0.565979,0.310619,-0.015102,0.020631,0.358124,-0.933324,-1.214323,-0.240219,1.236181
120,1.000000,0.013474,0.003252,0.323273,-0.946204,-1.222987,-0.122589,0.363290,-0.136322,-0.099307,0.514919,-0.840484,-1.132417,-0.568098,0.306951,-0.017042,0.019988,0.358463,-0.933174,-1.213037,-0.242827,1.233490
121,1.008333,0.012957,0.002785,0.323065,-0.946284,-1.223052,-0.122517,0.363302,-0.135568,-0.103436,0.515717,-0.839618,-1.131483,-0.569993,0.303101,-0.017999,0.020967,0.359077,-0.932899,-1.211694,-0.245487,1.230338
122,1.016667,0.013001,0.001744,0.322996,-0.946309,-1.223181,-0.122464,0.363331,-0.136013,-0.106796,0.517042,-0.838309,-1.130628,-0.571691,0.299167,-0.021365,0.022134,0.359154,-0.932771,-1.210460,-0.248168,1.227354
123,1.025000,0.012472,0.000340,0.322675,-0.946427,-1.223218,-0.122387,0.363500,-0.135984,-0.110952,0.518134,-0.837099,-1.129940,-0.573236,0.295156,-0.024158,0.021956,0.359111,-0.932724,-1.209230,-0.250894,1.224659
124,1.033333,0.011691,-0.001331,0.322141,-0.946619,-1.223167,-0.122337,0.363760,-0.136374,-0.113862,0.518793,-0.836236,-1.129107,-0.574656,0.290722,-0.027830,0.023452,0.358863,-0.932681,-1.208565,-0.253493,1.221631
125,1.041667,0.010201,-0.002623,0.321380,-0.946892,-1.223031,-0.122436,0.363958,-0.136686,-0.119582,0.518164,-0.835777,-1.128429,-0.575960,0.286273,-0.030629,0.027375,0.358030,-0.932806,-1.207904,-0.255995,1.219037
126,1.050000,0.008638,-0.003935,0.320612,-0.947163,-1.222878,-0.122713,0.364098,-0.145857,-0.127496,0.515476,-0.834718,-1.127719,-0.576988,0.281836,-0.032818,0.028723,0.357728,-0.932807,-1.206746,-0.258771,1.215789
127,1.058333,0.006932,-0.005255,0.319623,-0.947505,-1.222808,-0.123117,0.364227,-0.145083,-0.130602,0.515583,-0.834307,-1.127167,-0.578053,0.277174,-0.035941,0.027566,0.356904,-0.933043,-1.205814,-0.261641,1.212849
128,1.066667,0.005279,-0.006617,0.318363,-0.947931,-1.222739,-0.123483,0.364332,-0.142447,-0.134321,0.516066,-0.833872,-1.126788,-0.579042,0.272409,-0.039309,0.028297,0.356379,-0.933085,-1.205043,-0.264360,1.209865
129,1.075000,0.003465,-0.007819,0.317015,-0.948382,-1.222760,-0.123814,0.364416,-0.148998,-0.140575,0.513413,-0.833334,-1.126378,-0.579891,0.267395,-0.040665,0.024991,0.355279,-0.933541,-1.204086,-0.267401,1.206368
130,1.083333,0.002153,-0.009063,0.315574,-0.948855,-1.222891,-0.124077,0.364542,-0.148489,-0.143798,0.514377,-0.832279,-1.126054,-0.580647,0.262536,-0.044166,0.029107,0.354495,-0.933560,-1.203187,-0.270622,1.203152
131,1.091667,0.001156,-0.010459,0.313917,-0.949392,-1.223155,-0.124306,0.364708,-0.150751,-0.149161,0.514036,-0.831139,-1.125884,-0.581250,0.257283,-0.044689,0.030003,0.353146,-0.934018,-1.202236,-0.273686,1.200283
132,1.100000,0.000227,-0.012822,0.312134,-0.949952,-1.223444,-0.124550,0.364978,-0.152222,-0.150686,0.514814,-0.830114,-1.125961,-0.581692,0.251906,-0.045919,0.031404,0.351913,-0.934378,-1.201309,-0.276759,1.197111
133,1.108333,-0.000346,-0.016251,0.310061,-0.950578,-1.223743,-0.124722,0.365450,-0.154501,-0.153303,0.515394,-0.828853,-1.126082,-0.582159,0.246689,-0.047023,0.032382,0.350434,-0.934846,-1.200441,-0.279970,1.193674
134,1.116667,-0.001103,-0.021037,0.307733,-0.951240,-1.224071,-0.124907,0.366146,-0.160171,-0.155022,0.516513,-0.826757,-1.126397,-0.582416,0.240891,-0.049527,0.031043,0.348730,-0.935399,-1.199741,-0.283732,1.189594
135,1.125000,-0.002142,-0.027450,0.305495,-0.951795,-1.224412,-0.125126,0.367134,-0.164948,-0.154893,0.517981,-0.824922,-1.126647,-0.582596,0.235052,-0.048605,0.035059,0.346152,-0.936262,-1.198748,-0.286745,1.187417
136,1.133333,-0.003149,-0.036157,0.303512,-0.952136,-1.224693,-0.125331,0.368442,-0.169626,-0.157488,0.516443,-0.824446,-1.127284,-0.583020,0.228953,-0.047243,0.039814,0.344190,-0.936865,-1.198219,-0.290668,1.184178
137,1.141667,-0.004370,-0.046311,0.301113,-0.952453,-1.224850,-0.125659,0.370077,-0.171107,-0.164689,0.516054,-0.822975,-1.127615,-0.583402,0.223246,-0.047288,0.040340,0.342687,-0.937391,-1.198067,-0.294505,1.180694
138,1.150000,-0.006675,-0.056989,0.298269,-0.952756,-1.224624,-0.126111,0.371952,-0.174380,-0.170345,0.516827,-0.820649,-1.128231,-0.583365,0.217073,-0.046699,0.041411,0.340768,-0.938073,-1.197859,-0.298221,1.176959
139,1.158333,-0.007367,-0.069269,0.295149,-0.952908,-1.224269,-0.126923,0.373900,-0.177158,-0.174968,0.518021,-0.818325,-1.128997,-0.583247,0.210843,-0.047649,0.039307,0.339119,-0.938713,-1.197907,-0.302293,1.173203
140,1.166667,-0.008651,-0.081736,0.292844,-0.952621,-1.223671,-0.127844,0.376033,-0.180508,-0.181217,0.518741,-0.815773,-1.130002,-0.582886,0.204353,-0.049916,0.037363,0.337926,-0.939105,-1.197979,-0.306852,1.168448
141,1.175000,-0.009936,-0.095858,0.290419,-0.952034,-1.222948,-0.128801,0.378419,-0.181419,-0.189612,0.519398,-0.813241,-1.131007,-0.582522,0.198005,-0.050542,0.039752,0.334762,-0.940106,-1.197843,-0.310543,1.164585
142,1.183333,-0.011239,-0.111610,0.287726,-0.951121,-1.222133,-0.129633,0.381090,-0.183292,-0.200316,0.520903,-0.809282,-1.132367,-0.581727,0.191709,-0.052134,0.041137,0.332567,-0.940739,-1.197899,-0.314746,1.159873
143,1.191667,-0.014506,-0.128100,0.285281,-0.949734,-1.220952,-0.130450,0.383971,-0.182920,-0.208750,0.521015,-0.807160,-1.133577,-0.581211,0.184826,-0.053476,0.043873,0.329721,-0.941541,-1.197772,-0.318746,1.155136
144,1.200000,-0.016426,-0.145412,0.283037,-0.947880,-1.219770,-0.131468,0.386876,-0.178708,-0.223243,0.517824,-0.806278,-1.134725,-0.580459,0.177329,-0.054450,0.043513,0.328045,-0.942087,-1.197682,-0.323038,1.150072
145,1.208333,-0.017078,-0.161877,0.280861,-0.945844,-1.218423,-0.132601,0.389608,-0.176748,-0.232281,0.515666,-0.805540,-1.136036,-0.579948,0.169772,-0.055095,0.045851,0.325884,-0.942689,-1.197371,-0.327351,1.144697
146,1.216667,-0.018000,-0.177764,0.279029,-0.943514,-1.216715,-0.133728,0.392063,-0.175178,-0.243646,0.511325,-0.805293,-1.137377,-0.579627,0.162147,-0.060542,0.047357,0.323548,-0.943085,-1.196931,-0.331782,1.138152
147,1.225000,-0.017527,-0.194011,0.276810,-0.940972,-1.214950,-0.134805,0.394195,-0.171402,-0.259079,0.503649,-0.806125,-1.138795,-0.579684,0.154657,-0.059553,0.053775,0.321827,-0.943392,-1.196711,-0.335161,1.133070
148,1.233333,-0.017813,-0.207738,0.277070,-0.937955,-1.213514,-0.135511,0.396502,-0.163285,-0.285523,0.490336,-0.807084,-1.140116,-0.580434,0.147941,-0.058687,0.029053,0.325018,-0.943438,-1.195901,-0.341777,1.121444
149,1.241667,-0.017062,-0.219997,0.276903,-0.935219,-1.211931,-0.136132,0.398502,-0.157379,-0.309785,0.474681,-0.808667,-1.141216,-0.581609,0.140530,-0.061374,0.014211,0.322957,-0.944315,-1.195775,-0.346438,1.112049
150,1.250000,-0.016684,-0.232728,0.276891,-0.932143,-1.210167,-0.136545,0.400189,-0.153637,-0.321316,0.466489,-0.809654,-1.142926,-0.580722,0.131851,-0.061889,0.015348,0.323493,-0.944080,-1.195564,-0.350254,1.104989
151,1.258333,-0.021144,-0.242043,0.277380,-0.929531,-1.208393,-0.136513,0.400694,-0.149290,-0.332497,0.458177,-0.810698,-1.144730,-0.579646,0.123078,-0.063618,0.016286,0.323559,-0.943926,-1.194657,-0.354776,1.096712
152,1.266667,-0.021024,-0.253820,0.276601,-0.926620,-1.206899,-0.136810,0.402067,-0.151213,-0.341070,0.453251,-0.809549,-1.146398,-0.577677,0.113731,-0.065462,0.016464,0.324107,-0.943609,-1.193925,-0.359060,1.088873
153,1.275000,-0.021142,-0.265433,0.275804,-0.923597,-1.205397,-0.137186,0.403536,-0.148740,-0.346956,0.450068,-0.809282,-1.147978,-0.575007,0.104175,-0.068845,0.017984,0.323230,-0.943642,-1.192280,-0.363413,1.079766
154,1.283333,-0.021919,-0.276719,0.274683,-0.920595,-1.203925,-0.137733,0.405086,-0.134786,-0.344525,0.437476,-0.819604,-1.152584,-0.573467,0.096658,-0.070719,0.019341,0.323949,-0.943229,-1.191314,-0.367613,1.071254
155,1.291667,-0.023136,-0.287952,0.273137,-0.917575,-1.202354,-0.138477,0.406613,-0.115731,-0.333240,0.435970,-0.827942,-1.157487,-0.570994,0.087692,-0.073994,0.020779,0.323851,-0.942981,-1.189819,-0.372501,1.061843
156,1.300000,-0.024058,-0.300056,0.271273,-0.914220,-1.200649,-0.139405,0.408058,-0.111818,-0.316393,0.435817,-0.835138,-1.161622,-0.566386,0.078520,-0.072715,0.024059,0.325848,-0.942315,-1.189396,-0.376993,1.052378
157,1.308333,-0.028744,-0.324901,0.265489,-0.907264,-1.197868,-0.140340,0.408875,-0.112384,-0.303399,0.450900,-0.831870,-1.162920,-0.561206,0.068413,-0.082442,0.030876,0.324385,-0.941820,-1.189067,-0.380838,1.044536
158,1.316667,-0.030669,-0.336259,0.262482,-0.903932,-1.196157,-0.141107,0.410452,-0.096905,-0.247243,0.473846,-0.839613,-1.165861,-0.554650,0.058295,-0.081892,0.030661,0.325232,-0.941582,-1.188218,-0.384968,1.034495
159,1.325000,-0.028982,-0.342737,0.254758,-0.903764,-1.194201,-0.141687,0.412018,-0.109736,-0.181611,0.487773,-0.846790,-1.169639,-0.548059,0.049440,-0.080896,0.032675,0.325590,-0.941477,-1.187174,-0.388725,1.024234
160,1.333333,-0.034242,-0.361326,0.257491,-0.895527,-1.192195,-0.143351,0.413537,-0.145844,-0.129084,0.508861,-0.838527,-1.171737,-0.540585,0.038417,-0.082847,0.038123,0.325299,-0.941203,-1.186550,-0.392609,1.014529
161,1.341667,-0.037051,-0.372368,0.255565,-0.891435,-1.190249,-0.144569,0.415073,-0.174656,-0.043199,0.519966,-0.835024,-1.174120,-0.532491,0.029502,-0.081134,0.041490,0.326912,-0.940651,-1.186204,-0.396842,1.003410
162,1.350000,-0.034817,-0.385682,0.253760,-0.886365,-1.188571,-0.145852,0.416707,-0.135973,-0.023082,0.517558,-0.844460,-1.176302,-0.529345,0.028975,-0.082596,0.041191,0.328153,-0.940105,-1.186365,-0.401084,0.992219
163,1.358333,-0.038958,-0.398647,0.253821,-0.880419,-1.186149,-0.146551,0.418522,-0.112498,-0.027055,0.513498,-0.850254,-1.177762,-0.529611,0.026392,-0.081393,0.040789,0.328644,-0.940056,-1.186723,-0.404935,0.981681
164,1.366667,-0.039939,-0.410759,0.254958,-0.874459,-1.184390,-0.147629,0.420479,-0.110182,-0.005250,0.514168,-0.850566,-1.178273,-0.528989,0.021537,-0.079621,0.041945,0.328014,-0.940376,-1.186617,-0.408086,0.971906
165,1.375000,-0.040367,-0.424084,0.255599,-0.867867,-1.182822,-0.148694,0.422298,-0.095221,0.001911,0.510722,-0.854454,-1.179564,-0.528404,0.018752,-0.075336,0.033262,0.328176,-0.941020,-1.186171,-0.411051,0.961087
166,1.383333,-0.043240,-0.436053,0.256203,-0.861596,-1.181589,-0.149696,0.423953,-0.083309,0.005665,0.511386,-0.855285,-1.178680,-0.528820,0.017509,-0.069211,0.024804,0.328153,-0.941759,-1.185934,-0.413298,0.951464
167,1.391667,-0.048998,-0.448673,0.258607,-0.854058,-1.180191,-0.150636,0.425466,-0.060501,0.006206,0.507330,-0.859603,-1.179068,-0.529919,0.018075,-0.062737,0.018896,0.329023,-0.942046,-1.185614,-0.414976,0.943043
168,1.400000,-0.052618,-0.457256,0.258260,-0.849382,-1.178677,-0.151535,0.426798,-0.048988,0.011677,0.510015,-0.858690,-1.178461,-0.529840,0.016975,-0.066219,0.024012,0.333904,-0.939972,-1.185676,-0.417843,0.938600
169,1.408333,-0.056273,-0.464772,0.257464,-0.845300,-1.177167,-0.152420,0.428023,-0.034068,0.008369,0.512064,-0.858231,-1.178172,-0.529559,0.016372,-0.067598,0.031709,0.339957,-0.937472,-1.186089,-0.420451,0.934416
170,1.416667,-0.060127,-0.471351,0.257118,-0.841488,-1.175825,-0.153239,0.429082,-0.020601,0.001089,0.512708,-0.858315,-1.178243,-0.529120,0.016149,-0.067721,0.030753,0.344502,-0.935835,-1.186029,-0.422623,0.929907
171,1.425000,-0.062346,-0.479154,0.255048,-0.837541,-1.174345,-0.154184,0.430239,-0.010979,-0.001685,0.516298,-0.856337,-1.177950,-0.528285,0.015931,-0.065609,0.032709,0.349073,-0.934224,-1.185628,-0.424475,0.925221
172,1.433333,-0.056264,-0.486597,0.249146,-0.835454,-1.172728,-0.155254,0.431637,-0.005456,-0.006625,0.517035,-0.855921,-1.177835,-0.527969,0.016095,-0.069092,0.036896,0.353909,-0.931994,-1.185511,-0.426887,0.922772
173,1.441667,-0.060829,-0.492814,0.247320,-0.832026,-1.171533,-0.156055,0.432463,-0.002460,-0.009499,0.517122,-0.855855,-1.177594,-0.527779,0.016145,-0.071600,0.037962,0.357909,-0.930233,-1.185200,-0.429072,0.920011
174,1.450000,-0.063486,-0.498879,0.245537,-0.828734,-1.170550,-0.156791,0.433360,-0.000032,-0.012332,0.517629,-0.855516,-1.177312,-0.527670,0.016116,-0.073879,0.032739,0.361793,-0.928750,-1.185069,-0.431378,0.917017
175,1.458333,-0.067368,-0.503519,0.245279,-0.825693,-1.169609,-0.157546,0.434243,0.000414,-0.013523,0.517558,-0.855541,-1.177191,-0.527583,0.016153,-0.074777,0.034735,0.365884,-0.927001,-1.185155,-0.433661,0.914976
176,1.466667,-0.073283,-0.504621,0.246328,-0.824203,-1.168173,-0.158194,0.435084,-0.000222,-0.013762,0.517543,-0.855547,-1.177199,-0.527539,0.016176,-0.074662,0.036341,0.369613,-0.925468,-1.185279,-0.435999,0.913094
177,1.475000,-0.076080,-0.509736,0.246864,-0.820634,-1.166968,-0.158946,0.436518,-0.001155,-0.013416,0.517655,-0.855484,-1.177243,-0.527549,0.016142,-0.067634,0.031556,0.370953,-0.925648,-1.184795,-0.437351,0.909583
178,1.483333,-0.077467,-0.515835,0.246154,-0.816898,-1.165684,-0.159787,0.438250,-0.002061,-0.012727,0.518192,-0.855167,-1.177261,-0.527588,0.016038,-0.065505,0.028050,0.373597,-0.924850,-1.184516,-0.439744,0.907979
179,1.491667,-0.079146,-0.521678,0.244983,-0.813370,-1.164399,-0.160657,0.440185,-0.003048,-0.011462,0.518795,-0.854817,-1.177238,-0.527588,0.015885,-0.061513,0.022509,0.374801,-0.924788,-1.183888,-0.441777,0.906744
180,1.500000,-0.080481,-0.528594,0.242500,-0.809509,-1.162759,-0.161702,0.442372,-0.005538,-0.009767,0.518423,-0.855051,-1.177366,-0.527558,0.015917,-0.060157,0.015441,0.375876,-0.924587,-1.183530,-0.443882,0.906332
181,1.508333,-0.082583,-0.534909,0.239834,-0.805936,-1.161034,-0.162818,0.444745,-0.006969,-0.008004,0.518213,-0.855186,-1.177322,-0.527505,0.015910,-0.057028,0.012359,0.376381,-0.924626,-1.183105,-0.445423,0.906678
182,1.516667,-0.084309,-0.541326,0.236034,-0.802587,-1.159287,-0.164173,0.447388,-0.007549,-0.006676,0.518341,-0.855115,-1.177245,-0.527467,0.015847,-0.059354,0.013471,0.378052,-0.923781,-1.182765,-0.447567,0.908821
183,1.525000,-0.097113,-0.537371,0.237493,-0.803367,-1.157815,-0.165199,0.449085,-0.007850,-0.005726,0.518619,-0.854950,-1.177174,-0.527432,0.015781,-0.059869,0.013169,0.379584,-0.923124,-1.182641,-0.449786,0.910819
184,1.533333,-0.099754,-0.543441,0.233814,-0.800032,-1.156261,-0.167206,0.452078,-0.007986,-0.004998,0.518962,-0.854745,-1.177097,-0.527419,0.015708,-0.059238,0.012401,0.379566,-0.923183,-1.182042,-0.451601,0.912528
185,1.541667,-0.104360,-0.549347,0.230823,-0.796271,-1.154790,-0.169459,0.455109,-0.008263,-0.004198,0.519352,-0.854510,-1.177031,-0.527414,0.015613,-0.057165,0.012402,0.380142,-0.923077,-1.181735,-0.453309,0.914183
186,1.550000,-0.108970,-0.555468,0.226885,-0.792530,-1.153267,-0.172040,0.458204,-0.008489,-0.003789,0.519867,-0.854196,-1.176997,-0.527385,0.015569,-0.060645,0.011742,0.381039,-0.922493,-1.181131,-0.455231,0.916892
187,1.558333,-0.113658,-0.561905,0.222276,-0.788630,-1.151577,-0.174793,0.461360,-0.009092,-0.003417,0.520643,-0.853719,-1.176985,-0.527257,0.015503,-0.061609,0.011528,0.382531,-0.921814,-1.180585,-0.456924,0.919032
188,1.566667,-0.119256,-0.566699,0.218129,-0.785525,-1.150078,-0.177897,0.464477,-0.011480,-0.002615,0.521799,-0.852988,-1.176928,-0.527002,0.015406,-0.061618,0.011976,0.385875,-0.920413,-1.180310,-0.458834,0.921057
189,1.575000,-0.106210,-0.578280,0.199098,-0.784010,-1.147255,-0.181844,0.468291,-0.015030,-0.001519,0.522963,-0.852222,-1.176669,-0.526853,0.015311,-0.067236,0.010679,0.388702,-0.918845,-1.179323,-0.461014,0.924498
190,1.583333,-0.109440,-0.584253,0.192180,-0.780857,-1.145972,-0.185810,0.471801,-0.018927,-0.000703,0.523809,-0.851625,-1.176414,-0.526714,0.015335,-0.068776,0.009417,0.389983,-0.918202,-1.178748,-0.462223,0.926870
191,1.591667,-0.111297,-0.589387,0.185841,-0.778267,-1.144587,-0.190109,0.475579,-0.022789,-0.000243,0.525034,-0.850776,-1.176165,-0.526603,0.015450,-0.070007,0.009267,0.391320,-0.917541,-1.178329,-0.462734,0.929676
192,1.600000,-0.109250,-0.592618,0.178637,-0.777790,-1.142861,-0.195000,0.479655,-0.020172,-0.004537,0.523534,-0.851754,-1.176002,-0.527085,0.016532,-0.072989,0.008289,0.394061,-0.916144,-1.177701,-0.464083,0.932744
193,1.608333,-0.111604,-0.588333,0.180380,-0.780303,-1.141700,-0.200073,0.483554,-0.022063,-0.005878,0.524056,-0.851378,-1.175863,-0.527118,0.016918,-0.076291,0.009047,0.396369,-0.914871,-1.177217,-0.465188,0.936077
194,1.616667,-0.108642,-0.582174,0.185297,-0.784178,-1.140394,-0.205815,0.487573,-0.023350,-0.006752,0.524695,-0.850943,-1.175645,-0.527243,0.017336,-0.078972,0.010001,0.398147,-0.913861,-1.176659,-0.466058,0.939193
195,1.625000,-0.105661,-0.562684,0.196012,-0.796117,-1.139440,-0.211974,0.491537,-0.024296,-0.007922,0.525283,-0.850544,-1.175424,-0.527406,0.017794,-0.082808,0.010389,0.401213,-0.912175,-1.175919,-0.467592,0.942618
196,1.633333,-0.096136,-0.553583,0.204861,-0.801459,-1.137435,-0.218773,0.494750,-0.024193,-0.010207,0.525915,-0.850132,-1.175244,-0.527487,0.018273,-0.083138,0.010449,0.402157,-0.911728,-1.175555,-0.467522,0.945202
197,1.641667,-0.083675,-0.544776,0.212392,-0.806912,-1.135771,-0.225753,0.497310,-0.023723,-0.012690,0.526494,-0.849753,-1.175088,-0.527540,0.018706,-0.085732,0.013119,0.403189,-0.910997,-1.174993,-0.468204,0.948214
198,1.650000,-0.056917,-0.552087,0.200279,-0.807371,-1.132049,-0.234203,0.499222,-0.023174,-0.015097,0.526998,-0.849416,-1.174959,-0.527543,0.019118,-0.088687,0.014075,0.404835,-0.909970,-1.174469,-0.469555,0.951234
199,1.658333,-0.044969,-0.546708,0.204001,-0.810847,-1.130358,-0.241446,0.499862,-0.022759,-0.017347,0.527439,-0.849111,-1.174849,-0.527526,0.019495,-0.088334,0.015902,0.405595,-0.909636,-1.173846,-0.470086,0.953192
200,1.666667,-0.036440,-0.540953,0.208333,-0.814026,-1.128641,-0.248750,0.499714,-0.022251,-0.018814,0.527885,-0.848816,-1.174724,-0.527533,0.019842,-0.089066,0.016553,0.405871,-0.909429,-1.173326,-0.471175,0.955034
201,1.675000,-0.029636,-0.533635,0.211300,-0.818357,-1.126548,-0.256242,0.498826,-0.021255,-0.020839,0.528339,-0.848511,-1.174626,-0.527407,0.020077,-0.087324,0.018467,0.402632,-0.911000,-1.172965,-0.470767,0.956697
202,1.683333,-0.025113,-0.525863,0.213655,-0.822915,-1.124163,-0.263822,0.497095,-0.020383,-0.022446,0.528810,-0.848199,-1.174522,-0.527270,0.020265,-0.087944,0.019423,0.402216,-0.911104,-1.172532,-0.471607,0.958187
203,1.691667,-0.024294,-0.516541,0.217827,-0.827736,-1.121714,-0.271366,0.494482,-0.019574,-0.023464,0.529219,-0.847935,-1.174395,-0.527127,0.020384,-0.102315,0.025845,0.402833,-0.909170,-1.172557,-0.473294,0.962268
204,1.700000,-0.021110,-0.508543,0.218955,-0.832464,-1.119118,-0.279051,0.490912,-0.018813,-0.024175,0.529699,-0.847632,-1.174263,-0.526962,0.020428,-0.102416,0.023283,0.402700,-0.909287,-1.171886,-0.474721,0.962520
205,1.708333,-0.021315,-0.497086,0.223444,-0.838167,-1.116269,-0.286607,0.486233,-0.018250,-0.024423,0.530203,-0.847322,-1.174126,-0.526791,0.020432,-0.100803,0.023703,0.402407,-0.909586,-1.171279,-0.475488,0.962370
206,1.716667,-0.018941,-0.486469,0.225047,-0.844004,-1.113207,-0.294120,0.480520,-0.017580,-0.024627,0.530585,-0.847091,-1.173975,-0.526610,0.020357,-0.101388,0.021992,0.402430,-0.909553,-1.170783,-0.476911,0.962023
207,1.725000,-0.016469,-0.476427,0.227100,-0.849218,-1.109371,-0.301391,0.473719,-0.015808,-0.024049,0.531789,-0.846388,-1.173675,-0.526455,0.020063,-0.095878,0.024724,0.403099,-0.909784,-1.170192,-0.477926,0.960294
208,1.733333,-0.015103,-0.466650,0.230755,-0.853675,-1.105156,-0.308537,0.465831,-0.014600,-0.023074,0.532642,-0.845900,-1.173473,-0.526285,0.019779,-0.096469,0.026830,0.403072,-0.909674,-1.169571,-0.478852,0.960056
209,1.741667,-0.001273,-0.462300,0.225637,-0.857535,-1.099872,-0.316033,0.457400,-0.013708,-0.021800,0.533543,-0.845381,-1.173285,-0.526136,0.019474,-0.100797,0.025300,0.401564,-0.909916,-1.169016,-0.479666,0.960395
210,1.750000,0.012234,-0.457121,0.222012,-0.861163,-1.094631,-0.323365,0.448080,-0.013211,-0.020031,0.534265,-0.844976,-1.173114,-0.526014,0.019166,-0.100363,0.022508,0.401328,-0.910141,-1.168404,-0.480343,0.959944
211,1.758333,0.025574,-0.453352,0.222745,-0.862672,-1.089756,-0.330255,0.438693,-0.012898,-0.017876,0.534949,-0.844597,-1.172960,-0.525901,0.018841,-0.099699,0.020008,0.402530,-0.909741,-1.167876,-0.481504,0.959096
212,1.766667,0.028956,-0.441837,0.222284,-0.868637,-1.084487,-0.337409,0.426749,-0.012533,-0.015897,0.535429,-0.844338,-1.172909,-0.525703,0.018528,-0.095408,0.020702,0.403001,-0.909977,-1.167182,-0.481810,0.957727
213,1.775000,0.033261,-0.436393,0.224559,-0.870648,-1.079023,-0.344113,0.414535,-0.011873,-0.014104,0.536031,-0.843997,-1.172852,-0.525498,0.018222,-0.097564,0.020062,0.403268,-0.909645,-1.166886,-0.482212,0.957580
214,1.783333,0.038536,-0.432334,0.231488,-0.870641,-1.074101,-0.350143,0.402463,-0.010266,-0.012479,0.536938,-0.843467,-1.172782,-0.525305,0.017849,-0.097084,0.022084,0.404114,-0.909274,-1.166367,-0.482786,0.957049
215,1.791667,0.040365,-0.422963,0.234609,-0.874318,-1.068811,-0.356453,0.388895,-0.008596,-0.010772,0.537741,-0.842998,-1.172719,-0.525133,0.017460,-0.096296,0.021873,0.404304,-0.909278,-1.165987,-0.483527,0.956242
216,1.800000,0.041639,-0.417227,0.238561,-0.875943,-1.063174,-0.362400,0.374621,-0.007001,-0.009285,0.538283,-0.842684,-1.172657,-0.524948,0.017091,-0.093493,0.020703,0.404641,-0.909448,-1.165609,-0.483976,0.954545
217,1.808333,0.046740,-0.409120,0.239595,-0.879222,-1.057149,-0.368123,0.360470,-0.005637,-0.008015,0.538656,-0.842469,-1.172647,-0.524741,0.016765,-0.091120,0.020105,0.405200,-0.909454,-1.164769,-0.484587,0.953160
218,1.816667,0.054079,-0.401105,0.237889,-0.882949,-1.051034,-0.373292,0.346035,-0.004982,-0.007730,0.538345,-0.842674,-1.172712,-0.524479,0.016572,-0.089489,0.019014,0.405679,-0.909425,-1.164172,-0.485097,0.951752
219,1.825000,0.059389,-0.393143,0.237553,-0.886273,-1.045070,-0.378190,0.331203,-0.004235,-0.007092,0.537982,-0.842916,-1.172742,-0.524192,0.016335,-0.089293,0.020401,0.405698,-0.909406,-1.163613,-0.485580,0.950954
220,1.833333,0.064803,-0.386256,0.236868,-0.889101,-1.039060,-0.382667,0.316396,-0.003091,-0.006441,0.537714,-0.843097,-1.172759,-0.523936,0.016086,-0.087151,0.019574,0.405440,-0.909747,-1.162704,-0.485835,0.949294
221,1.841667,0.069395,-0.380782,0.237260,-0.891009,-1.033156,-0.386949,0.301735,-0.002410,-0.006095,0.537220,-0.843416,-1.172810,-0.523614,0.015917,-0.086859,0.018520,0.405755,-0.909657,-1.161962,-0.486523,0.948051
222,1.850000,0.068407,-0.372377,0.236462,-0.894842,-1.026713,-0.390616,0.286466,-0.001396,-0.005873,0.536973,-0.843578,-1.172829,-0.523380,0.015756,-0.086940,0.021884,0.405385,-0.909739,-1.161194,-0.486974,0.947054
223,1.858333,0.067117,-0.364263,0.236513,-0.898259,-1.021304,-0.393758,0.272111,-0.000011,-0.005857,0.537030,-0.843543,-1.172764,-0.523313,0.015580,-0.086690,0.023050,0.405228,-0.909804,-1.160355,-0.487355,0.945689
224,1.866667,0.063902,-0.355105,0.236603,-0.902129,-1.016300,-0.396314,0.257733,0.000429,-0.005807,0.536778,-0.843703,-1.172761,-0.523131,0.015499,-0.098075,0.035096,0.403307,-0.909117,-1.160903,-0.487614,0.949320
225,1.875000,0.059260,-0.345934,0.233407,-0.906829,-1.011454,-0.398209,0.243668,0.001812,-0.006336,0.536569,-0.843831,-1.172760,-0.522844,0.015448,-0.092782,0.032106,0.406233,-0.908480,-1.158935,-0.488926,0.946315
226,1.883333,0.051366,-0.338050,0.231716,-0.910709,-1.006708,-0.399772,0.230014,0.002172,-0.006511,0.536492,-0.843878,-1.172775,-0.522755,0.015434,-0.093610,0.019349,0.402054,-0.910613,-1.158682,-0.488731,0.945484
227,1.891667,0.048728,-0.329569,0.225639,-0.915476,-1.001716,-0.400800,0.216735,0.002318,-0.007899,0.536581,-0.843809,-1.172670,-0.523361,0.015620,-0.090324,0.019759,0.402412,-0.910777,-1.157735,-0.489386,0.943736
228,1.900000,0.041477,-0.319328,0.217833,-0.921335,-0.997312,-0.401186,0.203643,0.001074,-0.008483,0.536135,-0.844089,-1.172789,-0.523398,0.015838,-0.089081,0.021455,0.402319,-0.910903,-1.156699,-0.489707,0.943247
229,1.908333,0.034923,-0.309569,0.208023,-0.927186,-0.993054,-0.400863,0.190949,-0.000729,-0.009232,0.535507,-0.844480,-1.172987,-0.523483,0.016181,-0.082825,0.020827,0.402019,-0.911640,-1.155407,-0.489784,0.941500
230,1.916667,0.027570,-0.298343,0.199829,-0.932898,-0.989133,-0.400208,0.178513,-0.000535,-0.010618,0.534142,-0.845328,-1.173281,-0.523368,0.016404,-0.080523,0.018690,0.402262,-0.911785,-1.154014,-0.490268,0.941011
231,1.925000,0.019624,-0.286304,0.191042,-0.938695,-0.985202,-0.399406,0.166495,-0.000660,-0.012365,0.533141,-0.845935,-1.173570,-0.523459,0.016674,-0.079310,0.009909,0.400604,-0.912758,-1.152618,-0.489765,0.940429
232,1.933333,0.013655,-0.274594,0.182672,-0.943950,-0.981658,-0.398257,0.155073,-0.000694,-0.014215,0.532363,-0.846396,-1.173811,-0.523609,0.016960,-0.076455,0.012031,0.401468,-0.912597,-1.151341,-0.490034,0.939899
233,1.941667,0.011025,-0.263013,0.173543,-0.948992,-0.978127,-0.397262,0.144474,-0.001620,-0.015064,0.531754,-0.846763,-1.173947,-0.523702,0.017259,-0.076850,0.018339,0.401108,-0.912617,-1.150571,-0.490117,0.941422
234,1.950000,0.005300,-0.254802,0.163760,-0.953011,-0.975435,-0.395682,0.134833,-0.001250,-0.016183,0.531239,-0.847067,-1.174052,-0.523810,0.017438,-0.074288,0.023677,0.402751,-0.911983,-1.149345,-0.490679,0.942231
235,1.958333,-0.002316,-0.249056,0.152967,-0.956330,-0.972957,-0.394792,0.126404,-0.001026,-0.017547,0.530558,-0.847467,-1.174217,-0.523911,0.017655,-0.068471,0.014973,0.403062,-0.912485,-1.147953,-0.490849,0.940378
236,1.966667,-0.003748,-0.231234,0.164462,-0.958889,-0.969354,-0.392144,0.116065,-0.000787,-0.018685,0.530018,-0.847780,-1.174339,-0.523982,0.017849,-0.065930,0.015262,0.404509,-0.912027,-1.146690,-0.491171,0.939907
237,1.975000,-0.000223,-0.216781,0.159856,-0.963043,-0.966953,-0.391849,0.107107,-0.000140,-0.019397,0.529852,-0.847868,-1.174430,-0.524025,0.017965,-0.062165,0.019788,0.406008,-0.911538,-1.145350,-0.491355,0.939099
238,1.983333,-0.000566,-0.204525,0.160057,-0.965687,-0.965248,-0.390572,0.099379,0.000375,-0.020279,0.529605,-0.848002,-1.174505,-0.524032,0.018064,-0.058746,0.022280,0.406610,-0.911439,-1.144041,-0.491230,0.938655
239,1.991667,-0.015175,-0.192556,0.153254,-0.969126,-0.964605,-0.390022,0.092111,0.000949,-0.020650,0.529570,-0.848014,-1.174549,-0.524036,0.018117,-0.060406,0.021467,0.408612,-0.910454,-1.142375,-0.491687,0.938904
240,2.000000,-0.013999,-0.180792,0.151351,-0.971705,-0.963492,-0.388961,0.084684,0.001405,-0.020942,0.529601,-0.847987,-1.174585,-0.524011,0.018147,-0.065685,0.027720,0.409444,-0.909545,-1.141026,-0.491582,0.941244
241,2.008333,-0.020894,-0.174635,0.142663,-0.974019,-0.963636,-0.387256,0.078166,0.001674,-0.021011,0.529725,-0.847908,-1.174602,-0.523980,0.018156,-0.059054,0.028251,0.410365,-0.909568,-1.138707,-0.491800,0.939977
242,2.016667,-0.025256,-0.168105,0.142583,-0.975076,-0.962742,-0.386065,0.071368,0.001991,-0.020791,0.529954,-0.847769,-1.174611,-0.523940,0.018122,-0.057727,0.020136,0.413035,-0.908661,-1.137586,-0.492622,0.937936
243,2.025000,-0.034761,-0.164172,0.134914,-0.976544,-0.963632,-0.384650,0.065229,0.001930,-0.020347,0.530241,-0.847600,-1.174624,-0.523899,0.018084,-0.056873,0.020208,0.413589,-0.908461,-1.136022,-0.492664,0.937771
244,2.033333,-0.041383,-0.149538,0.134624,-0.978674,-0.964834,-0.383317,0.059158,0.001925,-0.019729,0.530627,-0.847374,-1.174639,-0.523842,0.018031,-0.058742,0.023567,0.413986,-0.908080,-1.134714,-0.492285,0.938922
245,2.041667,-0.046167,-0.137999,0.145964,-0.978529,-0.965143,-0.382752,0.052980,0.008648,-0.013937,0.533553,-0.845608,-1.174102,-0.523566,0.016832,-0.056396,0.023361,0.415129,-0.907712,-1.133637,-0.492452,0.938126
246,2.050000,-0.051036,-0.123311,0.153150,-0.979150,-0.966601,-0.382239,0.048662,0.008180,-0.011793,0.534361,-0.845134,-1.174071,-0.523393,0.016588,-0.054255,0.023260,0.416416,-0.907256,-1.132027,-0.492566,0.937454
247,2.058333,-0.062001,-0.101866,0.159601,-0.979952,-0.968556,-0.380797,0.045894,0.006855,-0.009351,0.535062,-0.844734,-1.174080,-0.523199,0.016371,-0.053614,0.021225,0.417270,-0.906951,-1.130567,-0.492693,0.937312
248,2.066667,-0.071019,-0.081320,0.165179,-0.980336,-0.970605,-0.379486,0.043670,0.005595,-0.007040,0.535950,-0.844202,-1.174096,-0.522996,0.016156,-0.050623,0.020263,0.418466,-0.906594,-1.128933,-0.492795,0.936823
249,2.075000,-0.077332,-0.062079,0.170979,-0.980272,-0.972691,-0.378933,0.041074,0.004096,-0.004861,0.536832,-0.843665,-1.174132,-0.522769,0.015998,-0.047911,0.019278,0.419583,-0.906247,-1.127538,-0.492949,0.936063
250,2.083333,-0.082771,-0.044851,0.174774,-0.980098,-0.974832,-0.378392,0.038008,0.002635,-0.002770,0.537683,-0.843139,-1.174140,-0.522523,0.015812,-0.046011,0.017902,0.420761,-0.905827,-1.126220,-0.493045,0.935154
251,2.091667,-0.082032,-0.031010,0.172654,-0.981071,-0.975989,-0.377968,0.035460,0.000869,-0.000755,0.538513,-0.842616,-1.174133,-0.522362,0.015678,-0.044398,0.024384,0.420900,-0.905692,-1.125140,-0.492571,0.935339
252,2.100000,-0.078931,-0.016022,0.166841,-0.982689,-0.977325,-0.378028,0.032757,-0.000935,0.000828,0.539212,-0.842169,-1.174119,-0.522264,0.015556,-0.042885,0.021610,0.421215,-0.905689,-1.123594,-0.492738,0.934797
253,2.108333,-0.071413,-0.008791,0.165015,-0.983663,-0.978016,-0.377696,0.031650,-0.002510,0.002229,0.539913,-0.841714,-1.174106,-0.522208,0.015487,-0.043107,0.016594,0.420300,-0.906209,-1.122458,-0.493138,0.934267
254,2.116667,-0.066744,0.001015,0.161416,-0.984626,-0.978427,-0.378002,0.029838,-0.003681,0.003209,0.540532,-0.841309,-1.174126,-0.522140,0.015426,-0.042018,0.015098,0.419513,-0.906651,-1.121068,-0.493134,0.933854
255,2.125000,-0.059493,0.006044,0.156452,-0.985874,-0.979699,-0.378496,0.027747,-0.004786,0.004058,0.541084,-0.840945,-1.174170,-0.522100,0.015408,-0.040240,0.014317,0.418329,-0.907291,-1.119531,-0.492977,0.933471
256,2.133333,-0.051936,0.010087,0.151857,-0.986986,-0.980280,-0.378545,0.026158,-0.005674,0.004621,0.541492,-0.840674,-1.174240,-0.522087,0.015443,-0.039298,0.012847,0.417038,-0.907948,-1.117937,-0.492814,0.933055
257,2.141667,-0.032208,-0.001280,0.143200,-0.989169,-0.981478,-0.379531,0.026451,-0.006361,0.005035,0.541744,-0.840504,-1.174311,-0.522103,0.015491,-0.038430,0.011734,0.415208,-0.908839,-1.116414,-0.492752,0.932635
258,2.150000,-0.020546,-0.009029,0.137434,-0.990257,-0.982742,-0.380096,0.026907,-0.006675,0.005171,0.541862,-0.840425,-1.174397,-0.522118,0.015534,-0.038165,0.009882,0.413088,-0.909837,-1.114824,-0.492787,0.932363
259,2.158333,-0.010656,-0.018186,0.129640,-0.991337,-0.984001,-0.381099,0.028046,-0.006865,0.005185,0.541893,-0.840403,-1.174494,-0.522159,0.015600,-0.036868,0.008504,0.410777,-0.910950,-1.113067,-0.492698,0.931876
260,2.166667,-0.010789,-0.021046,0.127905,-0.991504,-0.984657,-0.381453,0.028705,-0.006829,0.004899,0.541704,-0.840527,-1.174589,-0.522200,0.015656,-0.035948,0.008085,0.408268,-0.912118,-1.111364,-0.492164,0.931670
261,2.175000,-0.009604,-0.022401,0.126716,-0.991640,-0.984973,-0.381867,0.028960,-0.006729,0.004659,0.541416,-0.840715,-1.174677,-0.522247,0.015743,-0.036377,0.007490,0.405171,-0.913486,-1.109857,-0.491736,0.931658
262,2.183333,-0.005069,-0.020531,0.125316,-0.991892,-0.985480,-0.383098,0.029885,-0.006464,0.004072,0.541010,-0.840981,-1.174784,-0.522290,0.015830,-0.036725,0.006436,0.401806,-0.914965,-1.108215,-0.491301,0.931705
263,2.191667,-0.001310,-0.021016,0.123382,-0.992136,-0.985765,-0.383829,0.030210,-0.006192,0.003531,0.540646,-0.841220,-1.174872,-0.522310,0.015930,-0.036503,0.005764,0.398290,-0.916515,-1.106511,-0.490882,0.931713
