Format Version,1.25,Take Name,walk_forward_002,Take Notes,,Capture Frame Rate,120.000000,Export Frame Rate,120.000000,Capture Start Time,2025-10-30 09.07.27.800 PM,Capture Start Frame,247761,Total Frames in Take,438,Total Exported Frames,438,Rotation Type,Quaternion,Length Units,Meters,Coordinate Space,Global

,Type,Rigid Body,Rigid Body,Rigid Body,Rigid Body,Rigid Body,Rigid Body,Rigid Body,Rigid Body,Rigid Body,Rigid Body,Rigid Body,Rigid Body,Rigid Body,Rigid Body,Rigid Body,Rigid Body,Rigid Body,Rigid Body,Rigid Body,Rigid Body,Rigid Body
,Name,RFoot,RFoot,RFoot,RFoot,RFoot,RFoot,RFoot,LFoot,LFoot,LFoot,LFoot,LFoot,LFoot,LFoot,Waist,Waist,Waist,Waist,Waist,Waist,Waist
,ID,83078AC3B5F211F034C857AE43D8E8B6,83078AC3B5F211F034C857AE43D8E8B6,83078AC3B5F211F034C857AE43D8E8B6,83078AC3B5F211F034C857AE43D8E8B6,83078AC3B5F211F034C857AE43D8E8B6,83078AC3B5F211F034C857AE43D8E8B6,83078AC3B5F211F034C857AE43D8E8B6,9231711FB5F311F034C857AE43D8E8B6,9231711FB5F311F034C857AE43D8E8B6,9231711FB5F311F034C857AE43D8E8B6,9231711FB5F311F034C857AE43D8E8B6,9231711FB5F311F034C857AE43D8E8B6,9231711FB5F311F034C857AE43D8E8B6,9231711FB5F311F034C857AE43D8E8B6,3693159B5F511F034C857AE43D8E8B6,3693159B5F511F034C857AE43D8E8B6,3693159B5F511F034C857AE43D8E8B6,3693159B5F511F034C857AE43D8E8B6,3693159B5F511F034C857AE43D8E8B6,3693159B5F511F034C857AE43D8E8B6,3693159B5F511F034C857AE43D8E8B6
,Parent,,,,,,,,,,,,,,,,,,,,,
,,Rotation,Rotation,Rotation,Rotation,Position,Position,Position,Rotation,Rotation,Rotation,Rotation,Position,Position,Position,Rotation,Rotation,Rotation,Rotation,Position,Position,Position
Frame,Time (Seconds),X,Y,Z,W,X,Y,Z,X,Y,Z,W,X,Y,Z,X,Y,Z,W,X,Y,Z
0,0.000000,-0.019876,0.002676,-0.194978,-0.980603,-0.275382,0.092296,0.035849,0.057184,-0.005783,0.131777,-0.989612,-0.207577,-0.178421,0.029717,0.012163,0.023295,0.177623,0.983748,-0.229444,-0.082684,0.941187
1,0.008333,-0.019847,0.002738,-0.194902,-0.980618,-0.275394,0.092316,0.035837,0.057060,-0.005779,0.131756,-0.989622,-0.207577,-0.178424,0.029717,0.011835,0.023850,0.177541,0.983753,-0.229587,-0.083175,0.941219
2,0.016667,-0.019824,0.002808,-0.194869,-0.980625,-0.275404,0.092328,0.035840,0.056893,-0.005735,0.131738,-0.989634,-0.207573,-0.178429,0.029717,0.011511,0.023856,0.177688,0.983730,-0.229665,-0.083672,0.941181
3,0.025000,-0.019825,0.002803,-0.194831,-0.980633,-0.275410,0.092339,0.035844,0.056889,-0.005740,0.131696,-0.989640,-0.207576,-0.178432,0.029713,0.011018,0.024676,0.177747,0.983705,-0.229810,-0.084246,0.941185
4,0.033333,-0.019314,0.002780,-0.194852,-0.980639,-0.275425,0.092328,0.035855,0.056724,-0.005726,0.131648,-0.989656,-0.207582,-0.178442,0.029711,0.010998,0.024943,0.178087,0.983637,-0.229805,-0.084865,0.941090
5,0.041667,-0.019512,0.002893,-0.194745,-0.980656,-0.275431,0.092361,0.035850,0.056612,-0.005738,0.131571,-0.989672,-0.207583,-0.178447,0.029712,0.010764,0.025204,0.178136,0.983624,-0.229956,-0.085456,0.941089
6,0.050000,-0.019494,0.002928,-0.194636,-0.980677,-0.275444,0.092379,0.035847,0.056482,-0.005733,0.131558,-0.989682,-0.207586,-0.178454,0.029715,0.010607,0.025400,0.178449,0.983564,-0.230069,-0.086108,0.941113
7,0.058333,-0.019406,0.002973,-0.194593,-0.980688,-0.275456,0.092396,0.035845,0.056380,-0.005746,0.131536,-0.989690,-0.207577,-0.178464,0.029714,0.010251,0.025764,0.178502,0.983549,-0.230201,-0.086737,0.941142
8,0.066667,-0.019347,0.003023,-0.194580,-0.980691,-0.275464,0.092408,0.035849,0.056233,-0.005702,0.131430,-0.989713,-0.207581,-0.178478,0.029709,0.010667,0.025748,0.178829,0.983485,-0.230219,-0.087418,0.941022
9,0.075000,-0.019198,0.003065,-0.194495,-0.980711,-0.275477,0.092422,0.035846,0.056045,-0.005783,0.131430,-0.989723,-0.207579,-0.178486,0.029720,0.010212,0.026613,0.178821,0.983469,-0.230206,-0.088029,0.941063
10,0.083333,-0.019143,0.003140,-0.194458,-0.980719,-0.275483,0.092441,0.035847,0.055904,-0.005761,0.131330,-0.989744,-0.207579,-0.178504,0.029717,0.009610,0.027070,0.178627,0.983497,-0.230372,-0.088672,0.941186
11,0.091667,-0.018641,0.003100,-0.194458,-0.980729,-0.275503,0.092431,0.035859,0.055709,-0.005772,0.131319,-0.989757,-0.207591,-0.178521,0.029719,0.009786,0.028227,0.178861,0.983421,-0.230468,-0.089472,0.941220
12,0.100000,-0.018814,0.003239,-0.194387,-0.980739,-0.275509,0.092466,0.035840,0.055528,-0.005757,0.131269,-0.989774,-0.207592,-0.178532,0.029728,0.009682,0.028286,0.179209,0.983357,-0.230520,-0.090277,0.941149
13,0.108333,-0.018880,0.003226,-0.194273,-0.980760,-0.275521,0.092491,0.035850,0.055257,-0.005762,0.131228,-0.989794,-0.207599,-0.178547,0.029720,0.009381,0.029066,0.179341,0.983313,-0.230548,-0.091029,0.941151
14,0.116667,-0.018761,0.003310,-0.194225,-0.980772,-0.275535,0.092509,0.035854,0.055029,-0.005739,0.131156,-0.989817,-0.207601,-0.178568,0.029724,0.009169,0.029784,0.179435,0.983276,-0.230535,-0.091778,0.941162
15,0.125000,-0.018328,0.003283,-0.194256,-0.980774,-0.275552,0.092508,0.035872,0.054789,-0.005735,0.131108,-0.989836,-0.207610,-0.178587,0.029720,0.008655,0.030320,0.179246,0.983299,-0.230515,-0.092498,0.941157
16,0.133333,-0.018271,0.003263,-0.194202,-0.980786,-0.275560,0.092525,0.035880,0.054534,-0.005712,0.131071,-0.989855,-0.207612,-0.178600,0.029719,0.008576,0.031288,0.179687,0.983189,-0.230454,-0.093480,0.941146
17,0.141667,-0.018194,0.003294,-0.194199,-0.980788,-0.275575,0.092545,0.035892,0.054272,-0.005696,0.131035,-0.989875,-0.207622,-0.178618,0.029709,0.008268,0.031261,0.180067,0.983123,-0.230391,-0.094411,0.941005
18,0.150000,-0.018175,0.003311,-0.194178,-0.980792,-0.275589,0.092558,0.035900,0.055940,-0.007811,0.130462,-0.989843,-0.207629,-0.178717,0.030142,0.007933,0.032161,0.179951,0.983118,-0.230366,-0.095243,0.941062
19,0.158333,-0.018047,0.003376,-0.194186,-0.980793,-0.275604,0.092565,0.035909,0.055722,-0.007833,0.130375,-0.989867,-0.207645,-0.178743,0.030163,0.007921,0.032586,0.180013,0.983092,-0.230275,-0.096162,0.940958
20,0.166667,-0.018126,0.003388,-0.194215,-0.980786,-0.275620,0.092579,0.035918,0.055370,-0.007800,0.130322,-0.989894,-0.207667,-0.178770,0.030165,0.007839,0.033228,0.180148,0.983047,-0.230121,-0.097150,0.940852
21,0.175000,-0.018068,0.003472,-0.194232,-0.980783,-0.275637,0.092580,0.035926,0.055034,-0.007777,0.130288,-0.989917,-0.207678,-0.178801,0.030167,0.007088,0.034424,0.180238,0.982995,-0.230208,-0.098166,0.940839
22,0.183333,-0.018048,0.003509,-0.194271,-0.980775,-0.275653,0.092586,0.035932,0.054693,-0.007746,0.130270,-0.989939,-0.207698,-0.178830,0.030166,0.007349,0.034826,0.179948,0.983032,-0.229985,-0.099083,0.940813
23,0.191667,-0.017911,0.003577,-0.194338,-0.980765,-0.275665,0.092586,0.035939,0.052120,-0.005527,0.130658,-0.990041,-0.207721,-0.178797,0.029713,0.006447,0.035278,0.179799,0.983049,-0.229778,-0.100027,0.940796
24,0.200000,-0.017904,0.003627,-0.194406,-0.980751,-0.275690,0.092593,0.035949,0.051410,-0.005378,0.130800,-0.990060,-0.207717,-0.178791,0.029660,0.006406,0.035231,0.180054,0.983005,-0.229382,-0.101157,0.940560
25,0.208333,-0.017756,0.003785,-0.194471,-0.980740,-0.275721,0.092602,0.035958,0.050919,-0.005349,0.130722,-0.990096,-0.207737,-0.178828,0.029663,0.006084,0.035799,0.179669,0.983057,-0.229273,-0.102151,0.940521
26,0.216667,-0.017602,0.003850,-0.194531,-0.980731,-0.275746,0.092606,0.035982,0.050426,-0.005291,0.130627,-0.990134,-0.207750,-0.178864,0.029667,0.005527,0.036969,0.179786,0.982995,-0.229225,-0.103346,0.940417
27,0.225000,-0.017549,0.003959,-0.194599,-0.980718,-0.275765,0.092609,0.035986,0.049984,-0.005303,0.130598,-0.990160,-0.207765,-0.178909,0.029673,0.005652,0.037423,0.179721,0.982989,-0.228910,-0.104471,0.940303
28,0.233333,-0.017174,0.004079,-0.194606,-0.980723,-0.275786,0.092598,0.035995,0.049427,-0.005330,0.130491,-0.990202,-0.207777,-0.178957,0.029682,0.005390,0.037412,0.179543,0.983024,-0.228740,-0.105624,0.940218
29,0.241667,-0.017113,0.004135,-0.194638,-0.980717,-0.275810,0.092588,0.036002,0.048940,-0.005342,0.130415,-0.990236,-0.207794,-0.179002,0.029696,0.005426,0.037104,0.179194,0.983099,-0.228393,-0.106772,0.940079
30,0.250000,-0.017142,0.004136,-0.194683,-0.980708,-0.275828,0.092576,0.036005,0.048456,-0.005324,0.130329,-0.990272,-0.207806,-0.179041,0.029697,0.005459,0.037669,0.179088,0.983097,-0.227936,-0.107883,0.939985
31,0.258333,-0.017268,0.004084,-0.194729,-0.980697,-0.275834,0.092558,0.036014,0.048059,-0.005351,0.130256,-0.990301,-0.207817,-0.179076,0.029712,0.005333,0.037323,0.178700,0.983181,-0.227580,-0.109011,0.939843
32,0.266667,-0.017452,0.004005,-0.194781,-0.980683,-0.275835,0.092527,0.036022,0.047538,-0.005347,0.130103,-0.990346,-0.207834,-0.179113,0.029711,0.005153,0.037832,0.178330,0.983230,-0.227280,-0.110197,0.939897
33,0.275000,-0.017968,0.003796,-0.194884,-0.980655,-0.275832,0.092500,0.036041,0.047082,-0.005307,0.130035,-0.990377,-0.207846,-0.179151,0.029723,0.005498,0.037352,0.178162,0.983277,-0.226833,-0.111557,0.939784
34,0.283333,-0.018275,0.003582,-0.194902,-0.980646,-0.275815,0.092463,0.036047,0.046669,-0.005258,0.129890,-0.990416,-0.207866,-0.179177,0.029715,0.005604,0.037383,0.177918,0.983319,-0.226429,-0.112815,0.939718
35,0.291667,-0.018581,0.003390,-0.194951,-0.980631,-0.275809,0.092434,0.036066,0.046270,-0.005176,0.129770,-0.990451,-0.207885,-0.179191,0.029710,0.005826,0.037475,0.177240,0.983437,-0.225974,-0.114029,0.939657
36,0.300000,-0.019087,0.003111,-0.194958,-0.980621,-0.275798,0.092402,0.036091,0.045851,-0.005078,0.129615,-0.990491,-0.207896,-0.179208,0.029687,0.005917,0.037117,0.176689,0.983549,-0.225460,-0.115201,0.939547
37,0.308333,-0.019565,0.002804,-0.195001,-0.980604,-0.275775,0.092360,0.036128,0.045462,-0.004946,0.129419,-0.990535,-0.207915,-0.179232,0.029676,0.006584,0.036738,0.176192,0.983648,-0.224914,-0.116493,0.939454
38,0.316667,-0.020108,0.002429,-0.195014,-0.980591,-0.275760,0.092313,0.036165,0.044977,-0.004857,0.129250,-0.990580,-0.207928,-0.179263,0.029673,0.006652,0.036745,0.175675,0.983740,-0.224393,-0.117782,0.939405
39,0.325000,-0.020647,0.002030,-0.195020,-0.980580,-0.275727,0.092249,0.036193,0.044475,-0.004744,0.128996,-0.990636,-0.207941,-0.179307,0.029663,0.007119,0.037014,0.174797,0.983883,-0.223922,-0.118950,0.939490
40,0.333333,-0.021409,0.001575,-0.195082,-0.980552,-0.275685,0.092183,0.036236,0.043894,-0.004690,0.128753,-0.990694,-0.207960,-0.179349,0.029656,0.007468,0.036840,0.174390,0.983959,-0.223434,-0.120242,0.939411
41,0.341667,-0.022156,0.001047,-0.195136,-0.980525,-0.275643,0.092111,0.036270,0.043271,-0.004608,0.128462,-0.990759,-0.207986,-0.179401,0.029654,0.008102,0.037851,0.173980,0.983988,-0.222892,-0.121620,0.939365
42,0.350000,-0.022825,0.000469,-0.195153,-0.980507,-0.275582,0.092029,0.036310,0.042588,-0.004500,0.128130,-0.990832,-0.208002,-0.179446,0.029648,0.008396,0.037435,0.173489,0.984088,-0.222378,-0.122894,0.939297
43,0.358333,-0.023509,-0.000159,-0.195270,-0.980468,-0.275523,0.091952,0.036365,0.041930,-0.004349,0.127823,-0.990901,-0.208030,-0.179495,0.029636,0.008813,0.037481,0.172810,0.984203,-0.221910,-0.124110,0.939342
44,0.366667,-0.024226,-0.000817,-0.195535,-0.980397,-0.275467,0.091869,0.036432,0.041276,-0.004106,0.127532,-0.990967,-0.208062,-0.179534,0.029624,0.009287,0.036665,0.172161,0.984342,-0.221389,-0.125361,0.939278
45,0.375000,-0.025228,-0.001730,-0.195642,-0.980349,-0.275340,0.091757,0.036509,0.040785,-0.003934,0.127244,-0.991025,-0.208097,-0.179562,0.029609,0.010152,0.036405,0.171568,0.984447,-0.220848,-0.126565,0.939162
46,0.383333,-0.025961,-0.002623,-0.195958,-0.980265,-0.275228,0.091669,0.036612,0.040372,-0.003677,0.126988,-0.991076,-0.208128,-0.179583,0.029574,0.010780,0.036505,0.171086,0.984521,-0.220268,-0.127865,0.939099
47,0.391667,-0.026533,-0.003534,-0.196344,-0.980170,-0.275097,0.091575,0.036729,0.040198,-0.003427,0.126768,-0.991112,-0.208159,-0.179594,0.029557,0.011572,0.036001,0.170714,0.984595,-0.219655,-0.129095,0.938974
48,0.400000,-0.027176,-0.004477,-0.196751,-0.980067,-0.274943,0.091500,0.036876,0.039943,-0.003228,0.126558,-0.991149,-0.208201,-0.179586,0.029526,0.012304,0.035327,0.170189,0.984701,-0.219122,-0.130353,0.938853
49,0.408333,-0.027818,-0.005650,-0.197528,-0.979886,-0.274724,0.091399,0.037120,0.039773,-0.002968,0.126345,-0.991184,-0.208238,-0.179577,0.029507,0.012825,0.034972,0.169698,0.984792,-0.218629,-0.131514,0.938772
50,0.416667,-0.028028,-0.007035,-0.198656,-0.979643,-0.274437,0.091240,0.037373,0.039604,-0.002755,0.126169,-0.991214,-0.208269,-0.179570,0.029487,0.013556,0.033901,0.169626,0.984832,-0.218121,-0.132760,0.938636
51,0.425000,-0.028072,-0.009156,-0.200387,-0.979272,-0.274025,0.091030,0.037756,0.039635,-0.002706,0.125889,-0.991249,-0.208276,-0.179545,0.029485,0.014191,0.033870,0.169548,0.984838,-0.217643,-0.134029,0.938474
52,0.433333,-0.026651,-0.011552,-0.202496,-0.978852,-0.273506,0.090779,0.038251,0.039565,-0.002638,0.125596,-0.991289,-0.208292,-0.179505,0.029468,0.014094,0.033009,0.169501,0.984876,-0.217211,-0.135163,0.938263
53,0.441667,-0.023798,-0.014435,-0.205487,-0.978264,-0.272895,0.090391,0.039012,0.039543,-0.002461,0.125394,-0.991316,-0.208321,-0.179476,0.029451,0.013995,0.033188,0.169350,0.984898,-0.216736,-0.136275,0.938153
54,0.450000,-0.017489,-0.017266,-0.209366,-0.977529,-0.272226,0.089744,0.039840,0.039323,-0.001788,0.125468,-0.991316,-0.208393,-0.179479,0.029402,0.014650,0.032426,0.169349,0.984914,-0.216155,-0.137365,0.938020
55,0.458333,-0.011933,-0.020223,-0.213891,-0.976575,-0.271434,0.088933,0.040737,0.039314,-0.001463,0.125340,-0.991334,-0.208428,-0.179460,0.029392,0.014332,0.032624,0.169306,0.984919,-0.215767,-0.138261,0.937973
56,0.466667,-0.010158,-0.024745,-0.218641,-0.975439,-0.270570,0.088088,0.041840,0.039143,-0.001318,0.125079,-0.991373,-0.208451,-0.179444,0.029379,0.015673,0.031771,0.169450,0.984902,-0.215078,-0.139344,0.937871
57,0.475000,-0.010037,-0.030937,-0.223596,-0.974139,-0.269618,0.087064,0.043212,0.038983,-0.001228,0.124831,-0.991411,-0.208478,-0.179433,0.029377,0.016236,0.032081,0.169459,0.984881,-0.214562,-0.140206,0.937761
58,0.483333,-0.011663,-0.037149,-0.228419,-0.972784,-0.268622,0.086045,0.044640,0.038669,-0.001159,0.124617,-0.991450,-0.208498,-0.179429,0.029387,0.016689,0.031008,0.169257,0.984943,-0.214032,-0.140925,0.937778
59,0.491667,-0.012399,-0.043851,-0.234274,-0.971102,-0.267441,0.084822,0.046271,0.038176,-0.001235,0.124411,-0.991495,-0.208506,-0.179432,0.029426,0.017834,0.029242,0.169440,0.984945,-0.213313,-0.141784,0.937647
60,0.500000,-0.012767,-0.051110,-0.240789,-0.969147,-0.266154,0.083594,0.048051,0.037951,-0.001372,0.124197,-0.991531,-0.208512,-0.179419,0.029480,0.019660,0.026185,0.169286,0.985023,-0.212635,-0.142655,0.937185
61,0.508333,-0.012532,-0.058159,-0.248217,-0.966876,-0.264722,0.082275,0.049898,0.037598,-0.001488,0.124001,-0.991568,-0.208514,-0.179415,0.029514,0.021100,0.024081,0.169423,0.985023,-0.211894,-0.143308,0.937044
62,0.516667,-0.014440,-0.065847,-0.255901,-0.964350,-0.262895,0.080732,0.051860,0.037242,-0.001550,0.123842,-0.991602,-0.208529,-0.179412,0.029532,0.024100,0.024132,0.169273,0.984979,-0.210901,-0.144016,0.937493
63,0.525000,-0.016396,-0.072726,-0.264020,-0.961632,-0.260793,0.079137,0.053964,0.037653,-0.001227,0.123663,-0.991609,-0.208580,-0.179400,0.029481,0.024843,0.022261,0.169119,0.985031,-0.210087,-0.144460,0.937950
64,0.533333,-0.019997,-0.078589,-0.271677,-0.958966,-0.258411,0.077466,0.056029,0.036732,-0.001335,0.123712,-0.991637,-0.208558,-0.179428,0.029557,0.026979,0.020564,0.168792,0.985068,-0.209098,-0.145150,0.937823
65,0.541667,-0.022173,-0.082056,-0.278699,-0.956610,-0.255586,0.075667,0.058146,0.035976,-0.001266,0.123577,-0.991682,-0.208592,-0.179461,0.029569,0.028292,0.021594,0.168045,0.985137,-0.208239,-0.145908,0.938075
66,0.550000,-0.022460,-0.083326,-0.284703,-0.954723,-0.252196,0.073770,0.060456,0.035892,-0.001193,0.123397,-0.991708,-0.208611,-0.179486,0.029578,0.030898,0.021676,0.166876,0.985255,-0.207484,-0.146519,0.938306
67,0.558333,-0.024085,-0.083024,-0.288022,-0.953714,-0.248164,0.071808,0.062692,0.035669,-0.001502,0.123316,-0.991725,-0.208640,-0.179491,0.029622,0.030716,0.022651,0.166407,0.985318,-0.206499,-0.146890,0.939077
68,0.566667,-0.027121,-0.082618,-0.288545,-0.953510,-0.243413,0.069792,0.064701,0.035433,-0.001688,0.123153,-0.991754,-0.208659,-0.179502,0.029644,0.033015,0.019660,0.166435,0.985303,-0.205229,-0.147098,0.938860
69,0.575000,-0.028908,-0.082079,-0.286827,-0.954022,-0.237901,0.067687,0.066456,0.035064,-0.001616,0.123138,-0.991769,-0.208667,-0.179504,0.029649,0.034478,0.018663,0.165430,0.985442,-0.204118,-0.147573,0.939142
70,0.583333,-0.030351,-0.081359,-0.283521,-0.955026,-0.231725,0.065619,0.067813,0.034954,-0.001596,0.123074,-0.991780,-0.208674,-0.179513,0.029649,0.033445,0.019520,0.163707,0.985749,-0.203328,-0.148128,0.939863
71,0.591667,-0.029390,-0.078101,-0.279446,-0.956528,-0.224978,0.063632,0.068842,0.035362,-0.001241,0.123133,-0.991759,-0.208629,-0.179563,0.029607,0.035058,0.017739,0.162709,0.985892,-0.202073,-0.148448,0.939541
72,0.600000,-0.025892,-0.074629,-0.274470,-0.958346,-0.217239,0.061547,0.069697,0.034928,-0.001432,0.122944,-0.991798,-0.208715,-0.179581,0.029644,0.036260,0.018014,0.161273,0.986079,-0.200903,-0.148952,0.940044
73,0.608333,-0.022535,-0.070083,-0.268999,-0.960323,-0.208897,0.059602,0.070183,0.035212,-0.001470,0.122898,-0.991793,-0.208718,-0.179566,0.029578,0.036865,0.019076,0.159507,0.986324,-0.199705,-0.149414,0.940301
74,0.616667,-0.019646,-0.064511,-0.263295,-0.962355,-0.199945,0.057777,0.070425,0.035487,-0.001527,0.122862,-0.991788,-0.208697,-0.179573,0.029561,0.038714,0.019359,0.157547,0.986562,-0.198439,-0.150021,0.940598
75,0.625000,-0.019521,-0.058701,-0.257007,-0.964428,-0.190511,0.056216,0.070336,0.035505,-0.001420,0.122948,-0.991777,-0.208691,-0.179613,0.029604,0.040208,0.019826,0.155236,0.986860,-0.197239,-0.150589,0.940630
76,0.633333,-0.014751,-0.050964,-0.252152,-0.966232,-0.180358,0.054747,0.070207,0.034683,-0.001615,0.123063,-0.991791,-0.208666,-0.179675,0.029686,0.039677,0.018811,0.153328,0.987199,-0.195932,-0.150895,0.940629
77,0.641667,-0.011362,-0.043384,-0.247911,-0.967744,-0.169806,0.053539,0.069930,0.034599,-0.001706,0.123093,-0.991790,-0.208666,-0.179674,0.029691,0.041483,0.018630,0.151083,0.987475,-0.194455,-0.151448,0.940651
78,0.650000,-0.011009,-0.034724,-0.242890,-0.969370,-0.158977,0.052821,0.069529,0.034701,-0.001556,0.123232,-0.991770,-0.208654,-0.179662,0.029654,0.041734,0.018634,0.148932,0.987791,-0.193246,-0.151917,0.940643
79,0.658333,-0.008173,-0.025051,-0.239002,-0.970662,-0.147461,0.052021,0.069095,0.034426,-0.001643,0.123213,-0.991782,-0.208672,-0.179676,0.029694,0.041421,0.019692,0.147189,0.988045,-0.191867,-0.152293,0.940690
80,0.666667,-0.007018,-0.014887,-0.235220,-0.971803,-0.135770,0.051620,0.068705,0.034545,-0.001592,0.123360,-0.991759,-0.208714,-0.179675,0.029659,0.041054,0.018792,0.145033,0.988396,-0.190630,-0.152711,0.940661
81,0.675000,-0.006222,-0.005337,-0.232013,-0.972678,-0.123779,0.051412,0.068327,0.034908,-0.001985,0.123046,-0.991785,-0.208733,-0.179633,0.029652,0.042681,0.018718,0.142804,0.988653,-0.188898,-0.153152,0.940969
82,0.683333,-0.007331,0.004170,-0.229113,-0.973363,-0.111537,0.051538,0.067979,0.034804,-0.001849,0.123390,-0.991746,-0.208658,-0.179707,0.029672,0.044252,0.017411,0.140714,0.988908,-0.187375,-0.153532,0.940821
83,0.691667,-0.006786,0.013909,-0.226142,-0.973971,-0.098977,0.051730,0.067698,0.033461,-0.001841,0.122765,-0.991870,-0.208906,-0.179473,0.029622,0.045033,0.018198,0.139312,0.989057,-0.185597,-0.153790,0.940746
84,0.700000,-0.007747,0.023067,-0.222776,-0.974566,-0.086176,0.051766,0.067306,0.034973,-0.002036,0.122708,-0.991824,-0.208948,-0.179440,0.029611,0.045511,0.016814,0.137552,0.989306,-0.184009,-0.154107,0.940159
85,0.708333,-0.009649,0.032997,-0.221334,-0.974592,-0.073316,0.052250,0.067191,0.035353,-0.002042,0.122771,-0.991803,-0.208945,-0.179410,0.029608,0.046209,0.014944,0.135809,0.989544,-0.182138,-0.154433,0.940449
86,0.716667,-0.008180,0.046833,-0.223990,-0.973431,-0.061059,0.053892,0.067588,0.035569,-0.002103,0.122876,-0.991782,-0.208944,-0.179391,0.029598,0.046931,0.013086,0.133814,0.989808,-0.180339,-0.154722,0.940197
87,0.725000,0.001322,0.059487,-0.223415,-0.972906,-0.047389,0.053968,0.068365,0.035749,-0.001652,0.123005,-0.991761,-0.208929,-0.179371,0.029495,0.046751,0.015271,0.132526,0.989959,-0.178490,-0.154935,0.940363
88,0.733333,0.001705,0.071570,-0.222405,-0.972323,-0.034145,0.054541,0.069083,0.035726,-0.001401,0.123209,-0.991737,-0.208914,-0.179364,0.029443,0.047435,0.012145,0.130581,0.990228,-0.176626,-0.155229,0.940017
89,0.741667,0.001159,0.084128,-0.221119,-0.971611,-0.021017,0.054959,0.069619,0.035825,-0.001349,0.123408,-0.991708,-0.208907,-0.179360,0.029427,0.047215,0.012119,0.128909,0.990458,-0.174593,-0.155411,0.940051
90,0.750000,0.000964,0.095474,-0.221326,-0.970515,-0.007543,0.055433,0.070491,0.036265,-0.001899,0.123745,-0.991649,-0.208823,-0.179289,0.029499,0.047282,0.012172,0.127077,0.990691,-0.172487,-0.155625,0.940024
91,0.758333,-0.000274,0.104787,-0.219987,-0.969858,0.005860,0.055951,0.071664,0.037047,-0.001938,0.124439,-0.991533,-0.208642,-0.179327,0.029499,0.048132,0.011262,0.124824,0.990947,-0.170522,-0.155758,0.939632
92,0.766667,-0.000294,0.115383,-0.218630,-0.968962,0.019322,0.056386,0.072988,0.039098,-0.001840,0.124585,-0.991437,-0.208681,-0.179426,0.029452,0.047954,0.011553,0.123092,0.991169,-0.168396,-0.156051,0.939580
93,0.775000,-0.000622,0.124445,-0.216790,-0.968254,0.032764,0.056777,0.074522,0.039664,-0.001646,0.124764,-0.991392,-0.208711,-0.179430,0.029395,0.047074,0.010178,0.120983,0.991486,-0.166223,-0.156221,0.939436
94,0.783333,0.001000,0.133249,-0.213483,-0.967816,0.046399,0.057060,0.076275,0.040072,-0.001648,0.124919,-0.991356,-0.208727,-0.179404,0.029383,0.047228,0.010724,0.118968,0.991716,-0.164010,-0.156419,0.939197
95,0.791667,0.001308,0.142269,-0.209516,-0.967399,0.059797,0.057113,0.078224,0.040429,-0.001625,0.125165,-0.991311,-0.208726,-0.179389,0.029382,0.048109,0.010337,0.116871,0.991927,-0.161725,-0.156629,0.938870
96,0.800000,0.000730,0.150861,-0.203819,-0.967315,0.073053,0.056951,0.080203,0.040900,-0.001524,0.125339,-0.991269,-0.208745,-0.179366,0.029367,0.048956,0.009806,0.114673,0.992148,-0.159430,-0.156765,0.938553
97,0.808333,0.002123,0.160307,-0.197656,-0.967073,0.086224,0.056808,0.082572,0.042072,-0.001715,0.125344,-0.991219,-0.208731,-0.179305,0.029306,0.049340,0.007834,0.112493,0.992396,-0.157077,-0.156953,0.938122
98,0.816667,0.002223,0.167488,-0.191382,-0.967117,0.099274,0.056562,0.084804,0.042339,-0.002013,0.125494,-0.991189,-0.208709,-0.179249,0.029297,0.049835,0.006477,0.110444,0.992611,-0.154747,-0.157125,0.937754
99,0.825000,0.002726,0.175142,-0.185074,-0.966988,0.112071,0.056303,0.087134,0.042527,-0.002036,0.125809,-0.991140,-0.208710,-0.179258,0.029370,0.047936,0.006502,0.108703,0.992897,-0.152419,-0.157271,0.937022
100,0.833333,0.003096,0.182393,-0.178055,-0.966964,0.124666,0.055919,0.089703,0.042786,-0.002098,0.126069,-0.991096,-0.208707,-0.179275,0.029373,0.046613,0.007831,0.106994,0.993136,-0.149980,-0.157329,0.936724
101,0.841667,0.003261,0.190278,-0.171136,-0.966693,0.137006,0.055172,0.092207,0.043239,-0.002308,0.126221,-0.991057,-0.208689,-0.179294,0.029380,0.046300,0.007829,0.105215,0.993340,-0.147509,-0.157489,0.936139
102,0.850000,0.003973,0.197431,-0.165219,-0.966286,0.148910,0.054713,0.094769,0.043666,-0.002680,0.126326,-0.991024,-0.208663,-0.179260,0.029386,0.046188,0.006538,0.103299,0.993556,-0.144975,-0.157622,0.935638
103,0.858333,0.005034,0.203834,-0.158986,-0.965997,0.160616,0.054364,0.097521,0.044241,-0.002888,0.126512,-0.990974,-0.208631,-0.179228,0.029387,0.042336,0.006413,0.102507,0.993810,-0.142607,-0.157490,0.934988
104,0.866667,0.006995,0.210096,-0.153150,-0.965586,0.172055,0.054269,0.100352,0.044677,-0.003095,0.126748,-0.990923,-0.208604,-0.179165,0.029377,0.044679,0.005948,0.099464,0.994020,-0.139588,-0.157637,0.935156
105,0.875000,0.006817,0.215905,-0.147972,-0.965113,0.183096,0.054067,0.103111,0.045263,-0.003492,0.126833,-0.990885,-0.208579,-0.179094,0.029385,0.051994,0.008144,0.095166,0.994069,-0.136361,-0.158259,0.935367
106,0.883333,0.007676,0.221163,-0.143757,-0.964553,0.193847,0.053999,0.105837,0.045926,-0.003935,0.127026,-0.990828,-0.208526,-0.179042,0.029395,0.051369,0.007118,0.093247,0.994292,-0.133331,-0.158158,0.935498
107,0.891667,0.007259,0.226713,-0.140037,-0.963814,0.204295,0.053934,0.108497,0.046692,-0.004252,0.127311,-0.990754,-0.208486,-0.179009,0.029418,0.051565,0.004952,0.090521,0.994546,-0.130322,-0.158142,0.935088
108,0.900000,0.006621,0.231747,-0.137062,-0.963049,0.214505,0.053960,0.111050,0.047396,-0.004608,0.127524,-0.990692,-0.208448,-0.178967,0.029442,0.052578,0.003279,0.088328,0.994698,-0.127363,-0.158129,0.934465
109,0.908333,0.007348,0.236400,-0.134781,-0.962234,0.224412,0.054068,0.113517,0.048178,-0.004958,0.127805,-0.990616,-0.208389,-0.178922,0.029455,0.052451,0.003642,0.086105,0.994898,-0.124150,-0.158069,0.934523
110,0.916667,0.007333,0.239871,-0.133363,-0.961573,0.234199,0.054178,0.115790,0.048860,-0.005443,0.128099,-0.990542,-0.208350,-0.178865,0.029492,0.052851,0.002424,0.083717,0.995084,-0.121056,-0.157901,0.934153
111,0.925000,0.006544,0.244596,-0.132358,-0.960527,0.243657,0.054499,0.118205,0.049620,-0.005939,0.128347,-0.990469,-0.208296,-0.178816,0.029528,0.050660,0.001573,0.081960,0.995346,-0.118003,-0.157759,0.933085
112,0.933333,0.005510,0.247586,-0.131254,-0.959918,0.253114,0.054723,0.120195,0.050306,-0.006456,0.128591,-0.990400,-0.208236,-0.178760,0.029569,0.050049,0.002959,0.080795,0.995469,-0.115033,-0.157690,0.932471
113,0.941667,0.005914,0.251539,-0.129824,-0.959083,0.262332,0.054962,0.122162,0.051458,-0.007161,0.128675,-0.990325,-0.208135,-0.178652,0.029539,0.052238,0.003899,0.078199,0.995561,-0.111564,-0.157645,0.932372
114,0.950000,0.007478,0.254995,-0.128116,-0.958388,0.271356,0.055170,0.124014,0.052578,-0.007878,0.128858,-0.990237,-0.208066,-0.178562,0.029563,0.053652,0.002762,0.075558,0.995693,-0.108039,-0.157508,0.932014
115,0.958333,0.008971,0.257891,-0.126319,-0.957839,0.280193,0.055370,0.125735,0.053163,-0.008665,0.129030,-0.990177,-0.207982,-0.178498,0.029619,0.054660,0.000929,0.073174,0.995820,-0.104501,-0.157200,0.931519
116,0.966667,0.011763,0.260828,-0.124012,-0.957315,0.288796,0.055523,0.127397,0.053126,-0.009559,0.129205,-0.990148,-0.207897,-0.178437,0.029694,0.053845,0.000495,0.070966,0.996024,-0.101013,-0.157082,0.930830
117,0.975000,0.012977,0.263748,-0.121933,-0.956766,0.297308,0.055749,0.128850,0.053605,-0.010284,0.129347,-0.990096,-0.207796,-0.178376,0.029731,0.053078,-0.000107,0.068918,0.996209,-0.097392,-0.156855,0.930206
118,0.983333,0.012599,0.266409,-0.120171,-0.956257,0.305713,0.056049,0.130072,0.054040,-0.011108,0.129534,-0.990039,-0.207699,-0.178318,0.029777,0.053161,-0.001459,0.066379,0.996376,-0.093458,-0.156419,0.929548
119,0.991667,0.012703,0.269151,-0.118027,-0.955754,0.313951,0.056354,0.131223,0.054451,-0.012147,0.129689,-0.989984,-0.207599,-0.178258,0.029840,0.052258,-0.001630,0.063690,0.996599,-0.089532,-0.156172,0.928508
120,1.000000,0.013321,0.272024,-0.115559,-0.955234,0.322048,0.056666,0.132169,0.054692,-0.013124,0.129872,-0.989934,-0.207494,-0.178226,0.029904,0.051037,-0.003099,0.061562,0.996793,-0.085575,-0.155882,0.927835
121,1.008333,0.012897,0.274500,-0.113354,-0.954795,0.329971,0.057015,0.132985,0.055133,-0.014092,0.130109,-0.989865,-0.207367,-0.178182,0.029941,0.051518,-0.003662,0.057461,0.997011,-0.081097,-0.155601,0.926358
122,1.016667,0.013172,0.277390,-0.110982,-0.954235,0.337770,0.057330,0.133674,0.055387,-0.015347,0.130404,-0.989794,-0.207227,-0.178143,0.030020,0.052540,-0.004022,0.054924,0.997099,-0.076882,-0.155270,0.925496
123,1.025000,0.012998,0.279574,-0.108934,-0.953836,0.345266,0.057753,0.134353,0.056041,-0.016506,0.130774,-0.989689,-0.207068,-0.178096,0.030045,0.050959,-0.006183,0.053299,0.997258,-0.072948,-0.154728,0.924662
124,1.033333,0.013202,0.282001,-0.106505,-0.953393,0.352737,0.058096,0.134597,0.056536,-0.017826,0.131190,-0.989583,-0.206924,-0.178046,0.030101,0.049436,-0.006701,0.051805,0.997410,-0.068804,-0.154244,0.923647
125,1.041667,0.012250,0.283877,-0.104997,-0.953016,0.359950,0.058571,0.134750,0.057125,-0.019187,0.131791,-0.989444,-0.206770,-0.177954,0.030139,0.049421,-0.007214,0.049498,0.997525,-0.064606,-0.153700,0.922794
126,1.050000,0.012511,0.285319,-0.103136,-0.952785,0.366965,0.058961,0.134737,0.057757,-0.020736,0.132290,-0.989310,-0.206622,-0.177883,0.030204,0.048784,-0.007989,0.047622,0.997642,-0.060281,-0.153177,0.922092
127,1.058333,0.012538,0.286690,-0.101491,-0.952550,0.373748,0.059392,0.134508,0.058732,-0.023397,0.132599,-0.989152,-0.206702,-0.177912,0.030598,0.046740,-0.010559,0.045951,0.997794,-0.055974,-0.152580,0.920977
128,1.066667,0.012904,0.287714,-0.100220,-0.952371,0.380340,0.059813,0.134170,0.059166,-0.025066,0.133181,-0.989007,-0.206610,-0.177850,0.030696,0.044768,-0.011318,0.044683,0.997934,-0.051587,-0.152032,0.919726
129,1.075000,0.013411,0.288842,-0.098852,-0.952165,0.386672,0.060180,0.133652,0.059219,-0.026825,0.133777,-0.988877,-0.206544,-0.177785,0.030800,0.044643,-0.011294,0.042730,0.998025,-0.047225,-0.151339,0.918609
130,1.083333,0.013128,0.289524,-0.097743,-0.952077,0.392825,0.060388,0.132895,0.058613,-0.028732,0.134451,-0.988768,-0.206512,-0.177667,0.030977,0.045082,-0.011448,0.039007,0.998156,-0.042225,-0.151390,0.917909
131,1.091667,0.014337,0.290187,-0.096609,-0.951973,0.398741,0.060711,0.132176,0.057387,-0.030695,0.135340,-0.988660,-0.206501,-0.177513,0.031219,0.043660,-0.011205,0.037149,0.998293,-0.037724,-0.150786,0.916711
132,1.100000,0.014846,0.290959,-0.095991,-0.951792,0.404469,0.060912,0.131147,0.056386,-0.032734,0.136387,-0.988508,-0.206467,-0.177342,0.031490,0.043474,-0.010481,0.035087,0.998383,-0.032886,-0.150147,0.915703
133,1.108333,0.014871,0.291221,-0.094772,-0.951834,0.409977,0.061057,0.130019,0.056413,-0.034959,0.137786,-0.988236,-0.206398,-0.177162,0.031742,0.041211,-0.010642,0.033487,0.998532,-0.028132,-0.149351,0.914372
134,1.116667,0.015078,0.291589,-0.094113,-0.951783,0.415250,0.061096,0.128734,0.056685,-0.037350,0.139263,-0.987926,-0.206262,-0.176959,0.031956,0.039647,-0.010521,0.031516,0.998661,-0.023464,-0.148521,0.913498
135,1.125000,0.015692,0.291708,-0.093446,-0.951803,0.420304,0.061112,0.127405,0.057127,-0.040097,0.140492,-0.987619,-0.206125,-0.176790,0.032222,0.034838,-0.010363,0.030476,0.998874,-0.018587,-0.147578,0.912302
136,1.133333,0.016389,0.291620,-0.092877,-0.951874,0.425225,0.061066,0.125859,0.056761,-0.043107,0.141539,-0.987364,-0.206011,-0.176669,0.032596,0.038626,-0.009463,0.027416,0.998833,-0.013346,-0.146819,0.912045
137,1.141667,0.017839,0.291364,-0.092266,-0.951985,0.429844,0.060906,0.124256,0.055026,-0.046262,0.142512,-0.987179,-0.205883,-0.176577,0.033073,0.039782,-0.010402,0.024999,0.998841,-0.008444,-0.145787,0.910904
138,1.150000,0.018249,0.290697,-0.092466,-0.952162,0.434319,0.060658,0.122455,0.053888,-0.049618,0.143275,-0.986968,-0.205754,-0.176539,0.033556,0.033988,-0.009039,0.024123,0.999090,-0.003405,-0.144777,0.909931
139,1.158333,0.020015,0.290200,-0.092776,-0.952248,0.438524,0.060345,0.120702,0.052549,-0.053462,0.143837,-0.986758,-0.205611,-0.176548,0.034089,0.032672,-0.007671,0.022262,0.999189,0.001788,-0.143546,0.909189
140,1.166667,0.020884,0.289413,-0.092554,-0.952490,0.442557,0.059804,0.118669,0.050641,-0.057722,0.144168,-0.986569,-0.205463,-0.176584,0.034686,0.032103,-0.008325,0.020389,0.999242,0.007083,-0.142408,0.908549
141,1.175000,0.023044,0.288308,-0.092961,-0.952736,0.446321,0.059404,0.116639,0.049657,-0.061745,0.144566,-0.986318,-0.205256,-0.176654,0.035248,0.027568,-0.006266,0.018945,0.999421,0.012316,-0.141003,0.907833
142,1.183333,0.022983,0.287150,-0.092834,-0.953100,0.450042,0.058757,0.114321,0.048208,-0.066565,0.144800,-0.986042,-0.205024,-0.176759,0.035882,0.026146,-0.004326,0.017691,0.999492,0.017708,-0.139749,0.906564
143,1.191667,0.025617,0.285693,-0.092861,-0.953467,0.453455,0.058026,0.111981,0.046285,-0.070756,0.145153,-0.985790,-0.204788,-0.176884,0.036581,0.021610,-0.004196,0.016167,0.999627,0.023151,-0.138186,0.906082
144,1.200000,0.028225,0.283737,-0.092732,-0.953990,0.456670,0.057267,0.109639,0.044994,-0.075535,0.145224,-0.985485,-0.204546,-0.177027,0.037312,0.020771,-0.003240,0.014523,0.999674,0.028757,-0.136791,0.905248
145,1.208333,0.029799,0.281672,-0.092459,-0.954581,0.459725,0.056384,0.107127,0.043678,-0.080878,0.145671,-0.985054,-0.204303,-0.177140,0.038087,0.018479,-0.000382,0.012775,0.999748,0.034414,-0.135184,0.904957
146,1.216667,0.032063,0.279508,-0.092026,-0.955185,0.462612,0.055491,0.104510,0.041492,-0.086381,0.145586,-0.984694,-0.204008,-0.177291,0.038998,0.017557,0.000488,0.011248,0.999783,0.040239,-0.133700,0.904237
147,1.225000,0.033761,0.277332,-0.091570,-0.955805,0.465277,0.054493,0.101775,0.036515,-0.092773,0.145838,-0.984272,-0.203588,-0.177298,0.039816,0.017272,0.000637,0.009368,0.999807,0.046297,-0.132063,0.904134
148,1.233333,0.035870,0.274924,-0.090636,-0.956512,0.467730,0.053466,0.098936,0.031480,-0.099438,0.145868,-0.983790,-0.203202,-0.177378,0.040945,0.016307,0.002947,0.007783,0.999832,0.052327,-0.130466,0.903515
149,1.241667,0.037905,0.272329,-0.089539,-0.957279,0.469956,0.052376,0.095961,0.029246,-0.106967,0.145989,-0.983051,-0.202756,-0.177504,0.041901,0.015064,0.005246,0.006187,0.999854,0.058419,-0.128709,0.903165
150,1.250000,0.037416,0.269575,-0.089138,-0.958115,0.471924,0.051293,0.092647,0.029234,-0.113949,0.146851,-0.982138,-0.202054,-0.177435,0.042609,0.014853,0.006048,0.004064,0.999863,0.064870,-0.126890,0.903368
151,1.258333,0.037909,0.266327,-0.087796,-0.959127,0.473494,0.050153,0.089267,0.025593,-0.119465,0.148268,-0.981371,-0.201519,-0.177345,0.043478,0.011843,0.008403,0.002386,0.999892,0.071269,-0.125008,0.902263
152,1.266667,0.034660,0.262333,-0.086219,-0.960493,0.474753,0.048964,0.085530,0.027512,-0.127071,0.148865,-0.980273,-0.200894,-0.177468,0.044310,0.010701,0.009457,0.000724,0.999898,0.077793,-0.123041,0.901755
153,1.275000,0.031205,0.257420,-0.084251,-0.962114,0.475743,0.047786,0.081986,0.021980,-0.133514,0.149712,-0.979427,-0.200381,-0.177447,0.045542,0.008786,0.011185,-0.001379,0.999898,0.084669,-0.121142,0.901550
154,1.283333,0.027411,0.249677,-0.082434,-0.964425,0.477296,0.046728,0.078903,0.024118,-0.141096,0.150570,-0.978181,-0.199742,-0.177592,0.046628,0.008630,0.012700,-0.003570,0.999876,0.091541,-0.118990,0.901286
155,1.291667,0.021127,0.240075,-0.081894,-0.967063,0.480036,0.046006,0.076811,0.016341,-0.148761,0.151296,-0.977094,-0.199158,-0.177586,0.047801,0.008582,0.012241,-0.005535,0.999873,0.098401,-0.116839,0.901194
156,1.300000,0.012320,0.230483,-0.083372,-0.969420,0.483814,0.045443,0.076084,0.012579,-0.158208,0.151387,-0.975651,-0.198475,-0.177658,0.048954,0.006226,0.014441,-0.007719,0.999847,0.105447,-0.114444,0.900181
157,1.308333,0.003688,0.224077,-0.084500,-0.970894,0.487744,0.044861,0.075304,0.010627,-0.167988,0.151455,-0.974027,-0.197703,-0.177772,0.050242,0.004851,0.017139,-0.009368,0.999797,0.112412,-0.112225,0.900209
158,1.316667,-0.001340,0.216552,-0.082541,-0.972775,0.491183,0.044310,0.073896,0.012607,-0.178525,0.151536,-0.972115,-0.196870,-0.177942,0.051506,0.012596,0.016626,-0.011975,0.999711,0.119508,-0.109647,0.900709
159,1.325000,-0.005984,0.202510,-0.079155,-0.976058,0.493371,0.043752,0.071633,0.008005,-0.187570,0.152256,-0.970346,-0.196049,-0.177886,0.053080,0.011471,0.017722,-0.013213,0.999690,0.126556,-0.107202,0.900384
160,1.333333,-0.006698,0.190533,-0.078200,-0.978538,0.494715,0.043578,0.069056,0.008071,-0.197624,0.153181,-0.968202,-0.195045,-0.177919,0.054619,0.014141,0.019491,-0.014332,0.999607,0.133530,-0.104866,0.901281
161,1.341667,-0.005579,0.178855,-0.077627,-0.980792,0.495807,0.043685,0.066784,0.004747,-0.208392,0.154556,-0.965745,-0.193990,-0.177765,0.056230,0.016295,0.021395,-0.015331,0.999521,0.140243,-0.102460,0.901813
162,1.350000,-0.003019,0.169091,-0.078213,-0.982488,0.497110,0.043988,0.064912,0.001834,-0.219922,0.155291,-0.963076,-0.192850,-0.177615,0.057952,0.019350,0.017596,-0.015438,0.999539,0.147095,-0.100150,0.902773
163,1.358333,-0.002309,0.159012,-0.078678,-0.984134,0.498419,0.044381,0.063573,-0.000147,-0.231461,0.156432,-0.960185,-0.191505,-0.177415,0.059754,0.018068,0.019436,-0.014982,0.999536,0.154060,-0.097834,0.904464
164,1.366667,-0.000214,0.151895,-0.078665,-0.985261,0.499462,0.044850,0.062080,0.000721,-0.242859,0.157601,-0.957173,-0.190046,-0.177289,0.061793,0.019313,0.019687,-0.013942,0.999522,0.160862,-0.095466,0.905445
165,1.375000,0.002936,0.146155,-0.080568,-0.985971,0.500307,0.045777,0.060824,-0.000693,-0.255097,0.158978,-0.953756,-0.188445,-0.177138,0.063825,0.021995,0.022026,-0.012595,0.999436,0.167757,-0.093066,0.906728
166,1.383333,0.007616,0.140170,-0.082862,-0.986625,0.501115,0.046952,0.059673,-0.000785,-0.267792,0.160570,-0.950002,-0.186694,-0.176878,0.065977,0.020942,0.025357,-0.010848,0.999400,0.174522,-0.090850,0.907771
167,1.391667,0.011954,0.133826,-0.086073,-0.987188,0.501796,0.048279,0.058639,-0.001143,-0.281556,0.162482,-0.945688,-0.184771,-0.176581,0.068211,0.023016,0.025792,-0.009606,0.999356,0.181186,-0.088524,0.908716
168,1.400000,0.017121,0.127765,-0.089516,-0.987608,0.502344,0.049613,0.057547,-0.001489,-0.295535,0.164490,-0.941063,-0.182553,-0.176242,0.070513,0.027602,0.025515,-0.008872,0.999254,0.188026,-0.086037,0.910619
169,1.408333,0.022889,0.121784,-0.093090,-0.987917,0.502767,0.051009,0.056458,-0.001925,-0.309780,0.166856,-0.936051,-0.180215,-0.175845,0.072976,0.026905,0.025549,-0.007059,0.999286,0.194475,-0.083531,0.911732
170,1.416667,0.029003,0.117023,-0.097277,-0.987928,0.503048,0.052377,0.055447,-0.001763,-0.325022,0.169231,-0.930440,-0.177524,-0.175400,0.075622,0.025936,0.024503,-0.005897,0.999346,0.201129,-0.081022,0.912910
171,1.425000,0.034740,0.112074,-0.100772,-0.987966,0.503366,0.053492,0.054469,-0.008625,-0.339070,0.172519,-0.924767,-0.174939,-0.174777,0.077745,0.027408,0.024747,-0.005496,0.999303,0.207770,-0.078596,0.914655
172,1.433333,0.039786,0.107612,-0.103552,-0.987985,0.503613,0.054460,0.053596,-0.009630,-0.354421,0.175876,-0.918347,-0.171686,-0.174417,0.080584,0.027306,0.025461,-0.004973,0.999290,0.214480,-0.076165,0.916330
173,1.441667,0.044012,0.103317,-0.105484,-0.988060,0.503900,0.055177,0.052755,-0.007449,-0.373253,0.179073,-0.910252,-0.167892,-0.173689,0.084021,0.026663,0.025875,-0.004956,0.999297,0.220995,-0.073780,0.917679
174,1.450000,0.047564,0.098839,-0.106197,-0.988277,0.504265,0.055616,0.051915,-0.007467,-0.390129,0.183427,-0.902274,-0.164378,-0.172817,0.087507,0.027120,0.028218,-0.005157,0.999221,0.227459,-0.071399,0.919197
175,1.458333,0.050329,0.094447,-0.105405,-0.988654,0.504724,0.055748,0.051111,-0.010589,-0.406216,0.187425,-0.894286,-0.160595,-0.172135,0.090724,0.027777,0.027657,-0.005800,0.999215,0.234018,-0.069008,0.920612
176,1.466667,0.052899,0.090222,-0.103973,-0.989066,0.505186,0.055726,0.050356,-0.013993,-0.421004,0.191539,-0.886494,-0.156430,-0.171506,0.094354,0.027491,0.027778,-0.005806,0.999219,0.240262,-0.066795,0.922069
177,1.475000,0.055234,0.085821,-0.102161,-0.989519,0.505705,0.055607,0.049582,-0.017535,-0.436753,0.196076,-0.877778,-0.152113,-0.170986,0.098138,0.028687,0.027590,-0.006624,0.999186,0.246639,-0.064611,0.923424
178,1.483333,0.057185,0.081510,-0.100687,-0.989923,0.506177,0.055535,0.048848,-0.019521,-0.451556,0.200307,-0.869249,-0.147334,-0.170428,0.102425,0.028670,0.028567,-0.006987,0.999156,0.252858,-0.062413,0.924598
179,1.491667,0.059318,0.077117,-0.099323,-0.990288,0.506638,0.055503,0.048115,-0.019317,-0.468468,0.203262,-0.859564,-0.142393,-0.169845,0.106824,0.026725,0.029176,-0.006716,0.999194,0.258919,-0.060413,0.925523
180,1.500000,0.060476,0.073201,-0.098683,-0.990579,0.506981,0.055605,0.047487,-0.018740,-0.484216,0.205452,-0.850279,-0.137022,-0.169049,0.111290,0.026279,0.026961,-0.005828,0.999274,0.264657,-0.058549,0.926746
181,1.508333,0.061321,0.069433,-0.098000,-0.990866,0.507338,0.055655,0.046855,-0.014697,-0.501178,0.206307,-0.840263,-0.130871,-0.168410,0.116045,0.025541,0.026299,-0.005358,0.999313,0.270580,-0.056732,0.927605
182,1.516667,0.061693,0.066095,-0.097173,-0.991152,0.507651,0.055650,0.046321,-0.008226,-0.514769,0.207529,-0.831791,-0.123994,-0.167832,0.120854,0.025500,0.026579,-0.004863,0.999310,0.276406,-0.054979,0.928461
183,1.525000,0.061440,0.063117,-0.096339,-0.991444,0.507901,0.055562,0.045861,-0.003477,-0.524848,0.208938,-0.825147,-0.116612,-0.167053,0.125151,0.025133,0.026822,-0.004399,0.999315,0.282111,-0.053239,0.929373
184,1.533333,0.060897,0.061501,-0.095979,-0.991614,0.508088,0.055278,0.045376,0.001455,-0.536663,0.209453,-0.817386,-0.108445,-0.166301,0.129193,0.023923,0.025360,-0.003811,0.999385,0.287772,-0.051589,0.930078
185,1.541667,0.060072,0.059586,-0.094597,-0.991914,0.508300,0.054964,0.045055,0.006483,-0.544046,0.209443,-0.812469,-0.099359,-0.165646,0.132985,0.024176,0.025203,-0.003239,0.999385,0.293375,-0.049838,0.930732
186,1.550000,0.058563,0.056589,-0.093407,-0.992292,0.508416,0.054936,0.044892,0.011420,-0.548183,0.209838,-0.809526,-0.089211,-0.165122,0.136344,0.023313,0.024398,-0.001786,0.999429,0.298658,-0.048200,0.931120
187,1.558333,0.056875,0.054307,-0.092698,-0.992584,0.508536,0.054727,0.044461,0.015693,-0.546165,0.212598,-0.810099,-0.078136,-0.164585,0.139198,0.024209,0.023523,-0.001867,0.999428,0.304147,-0.046704,0.931874
188,1.566667,0.055399,0.052739,-0.091839,-0.992832,0.508678,0.054480,0.044204,0.018968,-0.538283,0.217080,-0.814106,-0.065963,-0.164160,0.141537,0.024849,0.023585,-0.002285,0.999410,0.309621,-0.045270,0.932417
189,1.575000,0.053218,0.051902,-0.091631,-0.993015,0.508782,0.054033,0.043793,0.020901,-0.527913,0.221497,-0.819640,-0.053007,-0.163759,0.143308,0.024768,0.022904,-0.002355,0.999428,0.314974,-0.043787,0.932936
190,1.583333,0.051210,0.050462,-0.090938,-0.993258,0.508910,0.053749,0.043572,0.022757,-0.515929,0.224910,-0.826265,-0.039004,-0.163565,0.144301,0.024405,0.021914,-0.002435,0.999459,0.320221,-0.042159,0.933623
191,1.591667,0.048945,0.048946,-0.090253,-0.993510,0.509041,0.053446,0.043341,0.024724,-0.504209,0.228054,-0.832558,-0.024263,-0.163261,0.144760,0.023046,0.021643,-0.002156,0.999498,0.325487,-0.040768,0.934354
192,1.600000,0.046399,0.047738,-0.089648,-0.993746,0.509158,0.053145,0.043143,0.028712,-0.492134,0.229439,-0.839248,-0.009037,-0.163042,0.144558,0.022371,0.020907,-0.002539,0.999528,0.330592,-0.039271,0.934978
193,1.608333,0.043637,0.046756,-0.089147,-0.993963,0.509259,0.052835,0.042964,0.032312,-0.478729,0.230674,-0.846501,0.006757,-0.162827,0.143537,0.021333,0.021231,-0.002083,0.999545,0.335615,-0.037863,0.935640
194,1.616667,0.041667,0.046157,-0.088550,-0.994129,0.509343,0.052505,0.042836,0.035933,-0.464232,0.231109,-0.854275,0.023019,-0.162678,0.141910,0.019473,0.020441,-0.001889,0.999600,0.340523,-0.036473,0.936453
195,1.625000,0.039387,0.045460,-0.088288,-0.994277,0.509397,0.052268,0.042732,0.039107,-0.449976,0.231548,-0.861614,0.039820,-0.162460,0.139788,0.018370,0.019784,-0.001523,0.999634,0.345323,-0.035137,0.937228
196,1.633333,0.036302,0.044491,-0.088271,-0.994440,0.509497,0.052110,0.042600,0.036819,-0.434067,0.234321,-0.869094,0.057252,-0.162309,0.137373,0.017249,0.019469,-0.000814,0.999661,0.350143,-0.033780,0.937939
197,1.641667,0.033435,0.042326,-0.087849,-0.994672,0.509656,0.052123,0.042575,0.039815,-0.419314,0.235089,-0.875970,0.075499,-0.162153,0.134235,0.015880,0.019176,-0.000210,0.999690,0.354606,-0.032434,0.938648
198,1.650000,0.031291,0.041199,-0.088088,-0.994768,0.509820,0.051911,0.042317,0.041468,-0.402424,0.235943,-0.883553,0.093787,-0.161927,0.130641,0.014841,0.018393,0.000421,0.999721,0.359298,-0.031247,0.939278
199,1.658333,0.028804,0.039560,-0.087647,-0.994949,0.509968,0.051658,0.042100,0.044537,-0.385041,0.236598,-0.890944,0.112361,-0.161543,0.126781,0.013380,0.018205,0.001333,0.999744,0.363916,-0.029937,0.939928
200,1.666667,0.026740,0.038326,-0.086483,-0.995157,0.510120,0.051305,0.041938,0.053659,-0.364083,0.234181,-0.899847,0.130836,-0.161180,0.122185,0.012477,0.017667,0.001925,0.999764,0.368271,-0.028571,0.940441
201,1.675000,0.024891,0.037272,-0.085312,-0.995346,0.510219,0.050985,0.041825,0.056536,-0.346992,0.236348,-0.905837,0.150677,-0.160927,0.117685,0.011669,0.017159,0.002543,0.999781,0.372678,-0.027275,0.940970
202,1.683333,0.022346,0.036658,-0.085231,-0.995436,0.510199,0.050527,0.041568,0.049132,-0.331387,0.241283,-0.910797,0.171613,-0.160441,0.113528,0.010933,0.016948,0.003274,0.999791,0.377102,-0.026144,0.941451
203,1.691667,0.016383,0.034370,-0.084560,-0.995691,0.510120,0.050042,0.041074,0.050769,-0.313166,0.242522,-0.916806,0.192170,-0.160025,0.108756,0.010002,0.016163,0.003747,0.999812,0.381501,-0.025010,0.941854
204,1.700000,0.015266,0.033167,-0.084611,-0.995745,0.510195,0.050010,0.040935,0.052071,-0.294590,0.243622,-0.922580,0.212963,-0.159607,0.104019,0.009513,0.015722,0.003848,0.999824,0.385925,-0.023802,0.942271
205,1.708333,0.014323,0.031910,-0.084719,-0.995791,0.510272,0.050000,0.040780,0.051797,-0.275493,0.243667,-0.928465,0.234025,-0.159144,0.099368,0.008743,0.015456,0.004380,0.999833,0.390165,-0.022745,0.942661
206,1.716667,0.013132,0.030509,-0.084322,-0.995885,0.510334,0.049908,0.040603,0.052621,-0.257073,0.243135,-0.933825,0.255325,-0.158620,0.094715,0.008209,0.014946,0.004416,0.999845,0.394428,-0.021697,0.942965
207,1.725000,0.012451,0.029549,-0.083889,-0.995959,0.510384,0.049784,0.040488,0.052934,-0.237423,0.243008,-0.939029,0.276847,-0.157755,0.089935,0.006708,0.014148,0.004173,0.999869,0.398869,-0.020682,0.943447
208,1.733333,0.011759,0.029182,-0.083922,-0.995976,0.510436,0.049720,0.040360,0.059007,-0.220810,0.239976,-0.943490,0.297971,-0.156985,0.085149,0.005768,0.014003,0.004118,0.999877,0.403048,-0.019769,0.943730
209,1.741667,0.010595,0.028169,-0.083838,-0.996025,0.510502,0.049683,0.040250,0.060733,-0.199815,0.237443,-0.948686,0.319389,-0.156159,0.080791,0.005158,0.013224,0.003937,0.999892,0.407512,-0.018745,0.944055
210,1.750000,0.010693,0.027238,-0.083425,-0.996084,0.510581,0.049543,0.040194,0.064029,-0.180423,0.235552,-0.952819,0.341097,-0.155391,0.076680,0.004268,0.013051,0.003949,0.999898,0.411623,-0.017827,0.944311
211,1.758333,0.010236,0.026171,-0.082962,-0.996157,0.510618,0.049540,0.040107,0.065495,-0.161876,0.235619,-0.956028,0.363211,-0.154597,0.073134,0.003358,0.013025,0.003497,0.999903,0.415784,-0.016942,0.944573
212,1.766667,0.010971,0.025747,-0.082974,-0.996159,0.510671,0.049566,0.040109,0.051550,-0.144718,0.238214,-0.958986,0.385706,-0.153679,0.070874,0.003081,0.012330,0.002510,0.999916,0.419886,-0.015756,0.944734
213,1.775000,0.011770,0.025742,-0.083599,-0.996097,0.510749,0.049657,0.040146,0.042186,-0.130138,0.243585,-0.960183,0.408690,-0.153110,0.068783,0.002370,0.011953,0.002897,0.999922,0.424063,-0.014945,0.945059
214,1.783333,0.011219,0.024954,-0.083646,-0.996120,0.510760,0.049671,0.040041,0.044925,-0.111667,0.243016,-0.962526,0.429971,-0.152233,0.066472,0.001795,0.011212,0.002740,0.999932,0.428315,-0.013991,0.945299
215,1.791667,0.011056,0.024128,-0.084346,-0.996083,0.510674,0.049869,0.040025,0.043934,-0.094918,0.245102,-0.963839,0.451817,-0.151600,0.064518,0.000865,0.010643,0.003154,0.999938,0.432509,-0.013117,0.945537
216,1.800000,0.010538,0.023286,-0.084471,-0.996098,0.510751,0.049969,0.039869,0.043531,-0.078971,0.246946,-0.964824,0.473328,-0.150922,0.062948,0.000050,0.010287,0.003300,0.999942,0.436777,-0.012302,0.945726
217,1.808333,0.010132,0.022883,-0.084845,-0.996080,0.510793,0.050134,0.039760,0.043888,-0.062167,0.248115,-0.965737,0.495037,-0.150232,0.061540,-0.000387,0.009018,0.003726,0.999952,0.441263,-0.011436,0.946065
218,1.816667,0.008963,0.021979,-0.085740,-0.996035,0.510763,0.050289,0.039606,0.044658,-0.046024,0.253936,-0.965093,0.516213,-0.149780,0.060878,-0.000586,0.008266,0.004325,0.999956,0.445635,-0.010497,0.946265
219,1.825000,0.009488,0.020963,-0.085363,-0.996084,0.510832,0.050187,0.039526,0.047097,-0.029347,0.258122,-0.964517,0.537117,-0.149193,0.060110,-0.001169,0.007527,0.004827,0.999959,0.449961,-0.009520,0.946461
220,1.833333,0.009273,0.020584,-0.084964,-0.996128,0.510829,0.050114,0.039502,0.048909,-0.011514,0.261481,-0.963900,0.557866,-0.148583,0.059795,-0.001442,0.006623,0.005041,0.999964,0.454338,-0.008730,0.946638
221,1.841667,0.009225,0.019640,-0.084938,-0.996150,0.510876,0.050124,0.039394,0.046406,0.001633,0.265496,-0.962993,0.578569,-0.147885,0.059584,-0.002388,0.006163,0.006063,0.999960,0.458612,-0.007882,0.946629
222,1.850000,0.008736,0.018868,-0.085382,-0.996131,0.510960,0.050152,0.039259,0.045032,0.015820,0.268991,-0.961959,0.599051,-0.147199,0.059654,-0.001783,0.005542,0.007635,0.999954,0.462803,-0.006748,0.946886
223,1.858333,0.008321,0.017990,-0.085837,-0.996112,0.511016,0.050193,0.039121,0.041934,0.028048,0.271674,-0.961066,0.619445,-0.146563,0.059971,-0.001844,0.004731,0.008798,0.999948,0.467134,-0.005780,0.946940
224,1.866667,0.010788,0.017163,-0.085727,-0.996112,0.511049,0.050196,0.039040,0.042280,0.039531,0.273989,-0.959990,0.639403,-0.146046,0.060551,-0.002403,0.003928,0.009672,0.999943,0.471603,-0.005016,0.946927
225,1.875000,0.010276,0.016282,-0.085821,-0.996125,0.511122,0.050167,0.038830,0.038882,0.050854,0.275826,-0.959074,0.659546,-0.145345,0.061362,-0.002479,0.003002,0.011154,0.999930,0.476077,-0.003944,0.946843
226,1.883333,0.009236,0.015374,-0.085958,-0.996137,0.511080,0.050043,0.038652,0.035325,0.061835,0.276538,-0.958361,0.679226,-0.144660,0.062403,-0.002248,0.002237,0.012435,0.999918,0.480541,-0.003000,0.946703
227,1.891667,0.008809,0.014989,-0.086352,-0.996113,0.511079,0.049960,0.038553,0.031458,0.071522,0.276171,-0.957927,0.698717,-0.143883,0.063521,-0.002493,0.000953,0.013623,0.999904,0.485080,-0.002205,0.946571
228,1.900000,0.007114,0.014070,-0.087196,-0.996066,0.511211,0.050058,0.038451,0.028411,0.080147,0.274654,-0.957776,0.717893,-0.143143,0.064823,-0.002150,0.000758,0.015032,0.999884,0.489559,-0.001220,0.946293
229,1.908333,0.009558,0.013271,-0.087449,-0.996035,0.511327,0.050372,0.038680,0.022645,0.089666,0.273008,-0.957556,0.737181,-0.142170,0.066293,-0.001573,0.000209,0.016285,0.999866,0.493965,-0.000313,0.946040
230,1.916667,0.009205,0.012649,-0.087749,-0.996020,0.511378,0.050365,0.038637,0.018303,0.097370,0.269768,-0.957815,0.755847,-0.141322,0.068163,-0.000961,-0.000719,0.017044,0.999854,0.498455,0.000585,0.945732
231,1.925000,0.008611,0.012160,-0.088205,-0.995991,0.511433,0.050394,0.038607,0.013879,0.103639,0.265295,-0.958481,0.774108,-0.140540,0.070244,-0.000217,-0.001507,0.018306,0.999831,0.502919,0.001575,0.945346
232,1.933333,0.008249,0.011329,-0.088273,-0.995998,0.511491,0.050373,0.038550,0.009157,0.109626,0.259676,-0.959410,0.791918,-0.139846,0.072566,0.000020,-0.002091,0.019645,0.999805,0.507497,0.002442,0.945060
233,1.941667,0.007155,0.010474,-0.088629,-0.995984,0.511528,0.050403,0.038567,0.004858,0.116361,0.253738,-0.960236,0.809262,-0.139093,0.075198,0.000595,-0.003067,0.021373,0.999767,0.512410,0.003339,0.944802
234,1.950000,0.007169,0.010044,-0.088853,-0.995968,0.511587,0.050336,0.038545,0.001038,0.123704,0.247357,-0.960995,0.826125,-0.138271,0.077996,0.000237,-0.004195,0.022904,0.999729,0.517056,0.004105,0.944399
235,1.958333,0.005341,0.009565,-0.089111,-0.995961,0.511649,0.050379,0.038431,-0.003046,0.131248,0.241384,-0.961508,0.842336,-0.137389,0.080959,0.000860,-0.004854,0.024286,0.999693,0.521918,0.005080,0.944142
236,1.966667,0.005121,0.008665,-0.089792,-0.995910,0.511740,0.050373,0.038446,-0.007701,0.137714,0.234998,-0.962160,0.857965,-0.136497,0.084101,0.004616,-0.006039,0.023346,0.999699,0.527200,0.005604,0.943775
237,1.975000,0.004769,0.008090,-0.090130,-0.995886,0.511801,0.050360,0.038448,-0.012575,0.144574,0.228812,-0.962593,0.872867,-0.135571,0.087278,0.005508,-0.006721,0.024826,0.999654,0.531964,0.006399,0.943295
238,1.983333,0.004894,0.007355,-0.090385,-0.995868,0.511902,0.050270,0.038447,-0.018750,0.151818,0.223149,-0.962707,0.887243,-0.134433,0.089982,0.006146,-0.008021,0.025782,0.999617,0.536876,0.006985,0.942795
239,1.991667,0.002791,0.005230,-0.089473,-0.995972,0.511907,0.050013,0.038364,-0.024747,0.158603,0.216190,-0.963065,0.901060,-0.133481,0.092880,0.007308,-0.009001,0.027459,0.999556,0.541807,0.007753,0.942232
240,2.000000,0.002231,0.004450,-0.089913,-0.995937,0.512008,0.050037,0.038381,-0.030014,0.165214,0.209176,-0.963353,0.914201,-0.132533,0.095659,0.007713,-0.010681,0.028693,0.999502,0.546889,0.008328,0.941742
241,2.008333,0.001931,0.003723,-0.090363,-0.995900,0.512112,0.050035,0.038398,-0.033884,0.171511,0.202707,-0.963507,0.926915,-0.131431,0.098121,0.008649,-0.011297,0.029984,0.999449,0.551831,0.009032,0.941040
242,2.016667,0.001645,0.003019,-0.090757,-0.995867,0.512217,0.050038,0.038429,-0.035607,0.176067,0.197820,-0.963639,0.938565,-0.130518,0.100534,0.009320,-0.012317,0.031281,0.999391,0.556701,0.009570,0.940651
243,2.025000,0.001393,0.002207,-0.091115,-0.995837,0.512312,0.050028,0.038449,-0.036168,0.179036,0.193236,-0.964001,0.949485,-0.129537,0.102484,0.010197,-0.013405,0.032572,0.999328,0.561694,0.010092,0.939975
244,2.033333,0.001501,0.001695,-0.091550,-0.995798,0.512431,0.050021,0.038433,-0.036196,0.181827,0.192190,-0.963687,0.959624,-0.128821,0.104271,0.010768,-0.014101,0.033764,0.999272,0.566581,0.010637,0.939565
245,2.041667,0.001387,0.000845,-0.091773,-0.995779,0.512529,0.050060,0.038457,-0.037204,0.182896,0.190699,-0.963742,0.968959,-0.127878,0.105829,0.011767,-0.014055,0.034883,0.999223,0.571309,0.011169,0.938978
246,2.050000,0.001799,0.000234,-0.091896,-0.995767,0.512637,0.050097,0.038488,-0.039054,0.184661,0.189408,-0.963587,0.977787,-0.126967,0.106771,0.011821,-0.014715,0.036353,0.999161,0.576196,0.011623,0.938572
247,2.058333,0.001891,-0.000695,-0.092021,-0.995755,0.512748,0.050152,0.038548,-0.040251,0.185729,0.189536,-0.963307,0.985908,-0.125973,0.107381,0.011112,-0.016042,0.037385,0.999110,0.581088,0.011913,0.937976
248,2.066667,0.001546,-0.001883,-0.092087,-0.995748,0.512846,0.050179,0.038675,-0.045368,0.190646,0.187980,-0.962424,0.993806,-0.125134,0.107450,0.010952,-0.016224,0.039059,0.999045,0.585974,0.012379,0.937739
249,2.075000,0.001394,-0.002987,-0.092277,-0.995728,0.512946,0.050213,0.038761,-0.046698,0.191542,0.188160,-0.962147,1.000714,-0.124097,0.107181,0.011112,-0.016186,0.040724,0.998977,0.590871,0.012619,0.937345
250,2.083333,0.001674,-0.004091,-0.092542,-0.995699,0.513047,0.050245,0.038847,-0.047906,0.190814,0.188120,-0.962240,1.007034,-0.122962,0.106858,0.011138,-0.017595,0.042391,0.998884,0.595877,0.012973,0.936730
251,2.091667,0.002530,-0.005745,-0.092033,-0.995736,0.513250,0.050397,0.038964,-0.048126,0.188943,0.188388,-0.962546,1.012937,-0.121645,0.106242,0.010250,-0.018588,0.045860,0.998722,0.601463,0.013134,0.936174
252,2.100000,0.003014,-0.006867,-0.092301,-0.995703,0.513375,0.050439,0.039050,-0.048959,0.186944,0.187914,-0.962987,1.018433,-0.120298,0.105387,0.007207,-0.016603,0.050916,0.998539,0.607286,0.013451,0.936430
253,2.108333,0.003707,-0.008015,-0.092432,-0.995680,0.513493,0.050503,0.039140,-0.050326,0.185639,0.187299,-0.963289,1.023733,-0.118857,0.104335,0.005941,-0.017565,0.052256,0.998462,0.612197,0.013451,0.935966
254,2.116667,0.004332,-0.009233,-0.092765,-0.995636,0.513636,0.050534,0.039273,-0.052832,0.184353,0.185749,-0.963701,1.028797,-0.117264,0.103192,0.007940,-0.018813,0.053361,0.998367,0.617110,0.013580,0.934975
255,2.125000,0.004427,-0.011026,-0.093472,-0.995551,0.513839,0.050582,0.039391,-0.055467,0.181938,0.183957,-0.964356,1.033594,-0.115452,0.102368,0.009153,-0.018743,0.054659,0.998287,0.622006,0.013759,0.934276
256,2.133333,0.005145,-0.011903,-0.094147,-0.995474,0.514188,0.050430,0.039469,-0.055900,0.180361,0.182427,-0.964917,1.038311,-0.113829,0.101236,0.008182,-0.018341,0.056252,0.998215,0.627066,0.013612,0.933877
257,2.141667,0.005845,-0.013605,-0.094474,-0.995417,0.514305,0.050505,0.039691,-0.056647,0.179286,0.180034,-0.965523,1.043007,-0.112193,0.100151,0.009255,-0.016341,0.057738,0.998155,0.632070,0.013619,0.933322
258,2.150000,0.006482,-0.015361,-0.094978,-0.995340,0.514450,0.050520,0.039932,-0.056477,0.178173,0.179237,-0.965888,1.047861,-0.110551,0.099526,0.009777,-0.017131,0.058930,0.998067,0.637078,0.013430,0.932646
259,2.158333,0.007045,-0.017121,-0.095679,-0.995240,0.514578,0.050559,0.040210,-0.055677,0.178405,0.176833,-0.966334,1.052406,-0.108688,0.098508,0.008753,-0.017278,0.061417,0.997924,0.642655,0.013127,0.932153
260,2.166667,0.007844,-0.018975,-0.096263,-0.995144,0.514721,0.050596,0.040503,-0.056723,0.179264,0.173188,-0.966775,1.057156,-0.107078,0.097683,0.009079,-0.015099,0.063484,0.997827,0.647853,0.012844,0.931670
261,2.175000,0.010662,-0.020698,-0.096471,-0.995063,0.514554,0.050854,0.040789,-0.058499,0.182302,0.168463,-0.966935,1.061735,-0.105206,0.096365,0.008750,-0.015272,0.065778,0.997679,0.653309,0.012453,0.931064
262,2.183333,0.012282,-0.022557,-0.097036,-0.994950,0.514656,0.050881,0.041095,-0.058392,0.181985,0.165380,-0.967534,1.066293,-0.103409,0.095697,0.009470,-0.017203,0.067440,0.997530,0.658817,0.012021,0.930209
263,2.191667,0.014469,-0.024292,-0.097372,-0.994846,0.514769,0.050885,0.041443,-0.058990,0.184563,0.161497,-0.967665,1.070531,-0.101510,0.094451,0.010112,-0.017263,0.069199,0.997402,0.664425,0.011563,0.929689
264,2.200000,0.016513,-0.026416,-0.097791,-0.994719,0.514854,0.050906,0.041843,-0.059825,0.186491,0.156612,-0.968047,1.074603,-0.099524,0.093126,0.009765,-0.015823,0.071196,0.997289,0.669980,0.010973,0.929109
265,2.208333,0.018257,-0.028637,-0.098179,-0.994589,0.514935,0.050929,0.042235,-0.062202,0.188057,0.150740,-0.968526,1.078423,-0.097420,0.091749,0.010885,-0.010027,0.073403,0.997193,0.675566,0.010481,0.929019
266,2.216667,0.019963,-0.030636,-0.098322,-0.994483,0.515010,0.050929,0.042609,-0.064824,0.189262,0.145330,-0.968946,1.082008,-0.095239,0.090282,0.010879,-0.008756,0.074850,0.997097,0.681214,0.009754,0.928599
267,2.225000,0.021420,-0.033122,-0.098552,-0.994350,0.515098,0.050971,0.043002,-0.060694,0.188465,0.141802,-0.969891,1.085284,-0.093333,0.088554,0.012551,-0.007065,0.077374,0.996898,0.687105,0.009066,0.928070
268,2.233333,0.022750,-0.036088,-0.098692,-0.994203,0.515174,0.051028,0.043413,-0.062268,0.189006,0.135474,-0.970591,1.088095,-0.091249,0.086650,0.014774,-0.004419,0.079403,0.996723,0.692759,0.008726,0.927633
269,2.241667,0.023348,-0.039173,-0.098515,-0.994090,0.515272,0.050946,0.043790,-0.063014,0.188103,0.130189,-0.971441,1.090209,-0.089117,0.084610,0.013933,-0.003975,0.081489,0.996569,0.698556,0.008175,0.926883
270,2.250000,0.024552,-0.042222,-0.098694,-0.993919,0.515396,0.050983,0.044301,-0.063044,0.186655,0.124193,-0.972503,1.092024,-0.087180,0.082384,0.013719,-0.000594,0.082840,0.996468,0.704340,0.007441,0.926780
271,2.258333,0.025745,-0.045756,-0.098717,-0.993730,0.515530,0.051093,0.044815,-0.061160,0.183861,0.117255,-0.974015,1.093217,-0.085250,0.079719,0.014387,0.000693,0.084742,0.996299,0.710423,0.006802,0.926280
272,2.266667,0.028132,-0.048583,-0.098878,-0.993515,0.515704,0.051148,0.045298,-0.059402,0.180623,0.109661,-0.975613,1.094065,-0.083588,0.076952,0.015552,0.001331,0.086625,0.996119,0.716427,0.006148,0.925786
273,2.275000,0.029438,-0.051868,-0.099036,-0.993295,0.515858,0.051158,0.045888,-0.054739,0.175726,0.103484,-0.977453,1.094519,-0.081804,0.074145,0.016715,0.002946,0.089251,0.995865,0.722589,0.005623,0.925078
274,2.283333,0.030786,-0.055105,-0.099127,-0.993071,0.516011,0.051187,0.046575,-0.049891,0.168745,0.096008,-0.979703,1.095305,-0.080435,0.071521,0.018451,0.002155,0.091396,0.995641,0.728904,0.004898,0.924444
275,2.291667,0.031792,-0.059062,-0.099065,-0.992818,0.516198,0.051245,0.047261,-0.044261,0.159821,0.092459,-0.981809,1.097061,-0.078809,0.069381,0.019921,0.003242,0.093886,0.995378,0.735021,0.004189,0.923991
276,2.300000,0.032424,-0.063424,-0.098901,-0.992545,0.516459,0.051332,0.048051,-0.035740,0.150715,0.091021,-0.983729,1.099706,-0.077738,0.067869,0.019518,0.002143,0.096665,0.995123,0.741255,0.003318,0.923543
277,2.308333,0.030117,-0.069621,-0.100213,-0.992070,0.517053,0.051162,0.048857,-0.028495,0.146579,0.092216,-0.984479,1.102876,-0.076806,0.067282,0.019631,0.004106,0.099816,0.994804,0.747348,0.002653,0.922808
278,2.316667,0.030067,-0.076443,-0.101133,-0.991476,0.517429,0.051364,0.049503,-0.020410,0.143619,0.092649,-0.985075,1.105304,-0.076064,0.066548,0.019163,0.005162,0.102988,0.994485,0.753537,0.001820,0.922644
279,2.325000,0.031301,-0.083682,-0.102295,-0.990734,0.517911,0.051476,0.050259,-0.016578,0.137540,0.090031,-0.986257,1.107193,-0.075199,0.065430,0.019061,0.006229,0.106071,0.994156,0.759776,0.001009,0.922911
280,2.333333,0.032950,-0.091125,-0.103458,-0.989903,0.518396,0.051494,0.051147,-0.012439,0.130275,0.087602,-0.987522,1.108098,-0.074863,0.063677,0.018147,0.004655,0.108996,0.993866,0.765824,0.000163,0.922783
281,2.341667,0.033011,-0.098433,-0.104191,-0.989124,0.518898,0.051441,0.052206,-0.010795,0.122700,0.087081,-0.988557,1.108568,-0.074767,0.061936,0.017158,0.003697,0.112005,0.993553,0.771938,-0.000589,0.922863
282,2.350000,0.034114,-0.105493,-0.104502,-0.988325,0.519332,0.051191,0.053470,-0.009074,0.116837,0.088020,-0.989201,1.109141,-0.074825,0.060598,0.017081,0.006868,0.114364,0.993268,0.777869,-0.001293,0.923141
283,2.358333,0.035893,-0.112931,-0.105290,-0.987356,0.519719,0.051350,0.054676,-0.007610,0.111785,0.089350,-0.989678,1.109923,-0.075025,0.059558,0.015216,0.005761,0.116629,0.993042,0.783761,-0.002250,0.923641
284,2.366667,0.036396,-0.120353,-0.105761,-0.986410,0.520413,0.051192,0.056200,-0.008845,0.105555,0.090198,-0.990275,1.110670,-0.075254,0.058403,0.013094,0.005646,0.118441,0.992859,0.789471,-0.003209,0.924615
285,2.375000,0.038544,-0.128951,-0.106506,-0.985161,0.521094,0.051105,0.057548,-0.009689,0.099610,0.092303,-0.990689,1.111126,-0.075534,0.057302,0.011310,0.006368,0.119919,0.992699,0.795168,-0.004178,0.925586
286,2.383333,0.039774,-0.138501,-0.107511,-0.983706,0.521924,0.051076,0.058995,-0.012371,0.095647,0.094299,-0.990861,1.111513,-0.076413,0.056197,0.009210,0.007106,0.120863,0.992601,0.800775,-0.005101,0.926592
287,2.391667,0.039195,-0.149035,-0.108842,-0.982042,0.522840,0.050945,0.060639,-0.015722,0.091570,0.097028,-0.990936,1.111908,-0.077303,0.055368,0.008203,0.008323,0.121588,0.992512,0.806359,-0.006113,0.927764
288,2.400000,0.042802,-0.159780,-0.110682,-0.979994,0.523724,0.050779,0.062187,-0.019493,0.087214,0.099856,-0.990981,1.112477,-0.078214,0.054607,0.005859,0.007168,0.122236,0.992458,0.811966,-0.007428,0.929066
289,2.408333,0.043852,-0.170355,-0.112520,-0.977955,0.524734,0.050455,0.064139,-0.022435,0.082160,0.103107,-0.991017,1.112912,-0.079181,0.053757,0.005733,0.007486,0.122516,0.992422,0.817472,-0.008508,0.930416
290,2.416667,0.041363,-0.181025,-0.114561,-0.975907,0.525884,0.050207,0.066258,-0.026497,0.077882,0.106057,-0.990951,1.113226,-0.080231,0.052759,0.004469,0.008450,0.123094,0.992349,0.822982,-0.009698,0.931391
291,2.425000,0.047190,-0.192293,-0.117765,-0.973102,0.527142,0.050070,0.068069,-0.029393,0.073295,0.108174,-0.990991,1.113614,-0.081159,0.051823,0.004249,0.009985,0.123651,0.992266,0.828446,-0.010974,0.932289
292,2.433333,0.048562,-0.204047,-0.120917,-0.970250,0.528557,0.049834,0.070166,-0.031681,0.069126,0.109560,-0.991067,1.113993,-0.081898,0.051027,0.005249,0.010896,0.124024,0.992206,0.834037,-0.012175,0.933744
293,2.441667,0.047368,-0.215964,-0.123339,-0.967421,0.530125,0.049198,0.072644,-0.033565,0.064730,0.110282,-0.991222,1.114328,-0.082306,0.050235,0.005652,0.012394,0.124607,0.992113,0.839482,-0.013508,0.934643
294,2.450000,0.048981,-0.229959,-0.126419,-0.963711,0.532129,0.048759,0.074657,-0.034821,0.060718,0.109854,-0.991480,1.114699,-0.082522,0.049485,0.005520,0.013995,0.125644,0.991961,0.844860,-0.014803,0.935623
295,2.458333,0.050121,-0.242702,-0.129790,-0.960072,0.534160,0.048309,0.077134,-0.035744,0.057056,0.108370,-0.991828,1.115118,-0.082373,0.048724,0.006346,0.014986,0.126387,0.991848,0.850341,-0.016094,0.936527
296,2.466667,0.051750,-0.256211,-0.133522,-0.955955,0.536238,0.047726,0.079534,-0.035849,0.054107,0.106606,-0.992181,1.115300,-0.082000,0.047941,0.007057,0.014900,0.127152,0.991746,0.855716,-0.017572,0.937268
297,2.475000,0.053628,-0.269913,-0.137286,-0.951537,0.538657,0.047278,0.082041,-0.036144,0.049828,0.103821,-0.992689,1.115884,-0.081517,0.047326,0.007889,0.014781,0.128043,0.991627,0.861009,-0.018918,0.938036
298,2.483333,0.056710,-0.284036,-0.141309,-0.946646,0.541239,0.046801,0.084575,-0.034836,0.046888,0.101272,-0.993142,1.116476,-0.081064,0.046882,0.009116,0.015923,0.127638,0.991651,0.866007,-0.020378,0.938485
299,2.491667,0.059375,-0.298001,-0.145294,-0.941573,0.544086,0.046439,0.087244,-0.033146,0.043050,0.099952,-0.993508,1.116580,-0.080264,0.045848,0.011026,0.016902,0.127536,0.991629,0.871024,-0.021726,0.938976
300,2.500000,0.062301,-0.311735,-0.149380,-0.936283,0.547111,0.046166,0.090028,-0.030928,0.039534,0.098552,-0.993865,1.116933,-0.079797,0.045191,0.013055,0.016806,0.127800,0.991572,0.876077,-0.022907,0.939435
301,2.508333,0.068110,-0.329270,-0.153822,-0.929129,0.549968,0.045856,0.092368,-0.027934,0.036486,0.097844,-0.994140,1.117203,-0.079440,0.044546,0.013897,0.016387,0.128906,0.991424,0.881364,-0.024225,0.939959
302,2.516667,0.072213,-0.342406,-0.157470,-0.923443,0.553218,0.045858,0.095515,-0.025435,0.032746,0.096955,-0.994425,1.117465,-0.079100,0.043917,0.014730,0.015701,0.129545,0.991340,0.886496,-0.025285,0.940397
303,2.525000,0.076255,-0.355262,-0.161175,-0.917604,0.556576,0.045989,0.098948,-0.022544,0.029452,0.095629,-0.994726,1.117733,-0.078743,0.043345,0.015346,0.014512,0.130010,0.991288,0.891555,-0.026563,0.940781
304,2.533333,0.080613,-0.367887,-0.164037,-0.911731,0.560045,0.046142,0.102682,-0.019436,0.026441,0.094691,-0.994966,1.117998,-0.078386,0.042809,0.016086,0.013976,0.129803,0.991311,0.896380,-0.027740,0.941115
305,2.541667,0.083065,-0.381178,-0.165789,-0.905714,0.563587,0.046307,0.106710,-0.016295,0.023626,0.094077,-0.995151,1.118257,-0.078071,0.042289,0.016931,0.012721,0.130115,0.991273,0.901236,-0.028900,0.941547
306,2.550000,0.085876,-0.395135,-0.166474,-0.899322,0.567113,0.046312,0.110867,-0.013031,0.021234,0.093957,-0.995265,1.118451,-0.077844,0.041807,0.017588,0.011975,0.129973,0.991289,0.905916,-0.029960,0.941897
307,2.558333,0.086802,-0.403693,-0.167823,-0.895172,0.571430,0.046935,0.115539,-0.010142,0.019141,0.094262,-0.995312,1.118612,-0.077722,0.041360,0.018048,0.011104,0.130672,0.991199,0.910713,-0.030945,0.942283
308,2.566667,0.090188,-0.411633,-0.172469,-0.890325,0.576086,0.048036,0.119829,-0.007629,0.016870,0.094641,-0.995339,1.118780,-0.077651,0.040931,0.017672,0.010357,0.132171,0.991015,0.915610,-0.031686,0.942760
309,2.575000,0.092695,-0.422612,-0.173285,-0.884748,0.580791,0.048607,0.123745,-0.005083,0.014861,0.094876,-0.995365,1.118936,-0.077559,0.040564,0.017394,0.009597,0.133382,0.990866,0.920337,-0.032540,0.943241
310,2.583333,0.092745,-0.429403,-0.175518,-0.881025,0.586519,0.049954,0.127852,-0.002340,0.013253,0.094970,-0.995389,1.119063,-0.077449,0.040230,0.017402,0.008998,0.134860,0.990671,0.924954,-0.033424,0.943620
311,2.591667,0.093091,-0.436581,-0.175337,-0.877490,0.592388,0.051033,0.131627,-0.000322,0.012200,0.095001,-0.995403,1.119166,-0.077341,0.039937,0.018581,0.008061,0.134392,0.990721,0.928997,-0.034277,0.943850
312,2.600000,0.091786,-0.443671,-0.172842,-0.874561,0.598369,0.051889,0.135154,0.002483,0.010667,0.095197,-0.995398,1.119286,-0.077198,0.039620,0.017286,0.008247,0.137353,0.990337,0.932848,-0.034952,0.943832
313,2.608333,0.090108,-0.450382,-0.170471,-0.871766,0.604586,0.052961,0.138572,0.005885,0.009064,0.095603,-0.995361,1.119397,-0.077038,0.039328,0.017693,0.008597,0.138736,0.990134,0.936982,-0.035810,0.944052
314,2.616667,0.090381,-0.454104,-0.168891,-0.870113,0.611487,0.053862,0.141487,0.008135,0.007868,0.095784,-0.995338,1.119521,-0.076902,0.039085,0.017649,0.007822,0.140609,0.989877,0.941294,-0.036457,0.944404
315,2.625000,0.088189,-0.453059,-0.167766,-0.871100,0.619157,0.054906,0.144157,0.010205,0.006931,0.095813,-0.995323,1.119622,-0.076738,0.038873,0.017710,0.008462,0.142995,0.989529,0.945207,-0.037085,0.944711
316,2.633333,0.084948,-0.448435,-0.168575,-0.873655,0.627525,0.056606,0.147133,0.012391,0.005835,0.095696,-0.995316,1.119723,-0.076573,0.038686,0.018407,0.007396,0.144966,0.989238,0.949559,-0.037790,0.945132
317,2.641667,0.081215,-0.438923,-0.172690,-0.878025,0.636931,0.058436,0.149447,0.014228,0.004743,0.095647,-0.995302,1.119835,-0.076431,0.038512,0.018167,0.007124,0.146433,0.989028,0.953735,-0.038532,0.945355
318,2.650000,0.076272,-0.427293,-0.178585,-0.883013,0.646783,0.060724,0.151178,0.015480,0.003816,0.095660,-0.995286,1.119953,-0.076324,0.038357,0.018572,0.006740,0.147757,0.988826,0.957830,-0.039060,0.945651
319,2.658333,0.070528,-0.416016,-0.183523,-0.887849,0.656849,0.063112,0.152197,0.016775,0.002939,0.095532,-0.995281,1.120064,-0.076231,0.038243,0.019155,0.006112,0.149025,0.988629,0.961914,-0.039565,0.946061
320,2.666667,0.062785,-0.405834,-0.186675,-0.892474,0.667208,0.065569,0.152471,0.018043,0.002175,0.095368,-0.995276,1.120147,-0.076132,0.038131,0.020275,0.005032,0.149652,0.988518,0.965827,-0.039870,0.946421
321,2.675000,0.057918,-0.394604,-0.189418,-0.897248,0.677980,0.068155,0.152196,0.019192,0.001478,0.095247,-0.995268,1.120238,-0.076048,0.038045,0.020997,0.005038,0.150767,0.988334,0.969824,-0.040522,0.946879
322,2.683333,0.054222,-0.379548,-0.191328,-0.903547,0.689202,0.070860,0.151322,0.020196,0.000810,0.095154,-0.995257,1.120331,-0.075968,0.037961,0.022235,0.003278,0.151466,0.988207,0.973788,-0.040995,0.947324
323,2.691667,0.048937,-0.365023,-0.190614,-0.909961,0.700847,0.073446,0.149723,0.021267,0.000298,0.095141,-0.995237,1.120441,-0.075876,0.037891,0.023908,0.002198,0.150624,0.988300,0.977757,-0.041553,0.947924
324,2.700000,0.045088,-0.349423,-0.189759,-0.916440,0.712605,0.076210,0.147565,0.022707,-0.000219,0.095111,-0.995208,1.120547,-0.075768,0.037833,0.024656,0.002379,0.150800,0.988254,0.981446,-0.041906,0.948451
325,2.708333,0.042690,-0.334031,-0.188202,-0.922595,0.724626,0.079310,0.145052,0.024218,-0.000716,0.095062,-0.995177,1.120656,-0.075651,0.037767,0.025635,0.001322,0.150727,0.988242,0.985009,-0.042230,0.948870
326,2.716667,0.038136,-0.319935,-0.187809,-0.927855,0.736645,0.082315,0.142226,0.025628,-0.001249,0.095092,-0.995138,1.120770,-0.075521,0.037710,0.027181,0.000258,0.150348,0.988259,0.988450,-0.042621,0.949176
327,2.725000,0.039189,-0.304857,-0.189012,-0.932631,0.748982,0.085162,0.138867,0.027250,-0.001738,0.095144,-0.995089,1.120883,-0.075394,0.037647,0.028145,-0.000173,0.150523,0.988206,0.991850,-0.042853,0.949687
328,2.733333,0.031198,-0.290030,-0.185596,-0.938330,0.761391,0.088539,0.135125,0.028798,-0.002277,0.095308,-0.995029,1.120993,-0.075260,0.037616,0.028980,-0.000652,0.150006,0.988260,0.995296,-0.043235,0.950081
329,2.741667,0.027568,-0.273882,-0.183072,-0.943776,0.774231,0.091509,0.130726,0.030417,-0.002787,0.095399,-0.994970,1.121100,-0.075135,0.037569,0.029847,-0.000268,0.149796,0.988266,0.998553,-0.043445,0.950367
330,2.750000,0.023548,-0.258820,-0.181517,-0.948425,0.787384,0.094533,0.126734,0.031930,-0.003267,0.095542,-0.994908,1.121206,-0.075009,0.037527,0.030706,-0.000045,0.149569,0.988274,1.001869,-0.043731,0.950770
331,2.758333,0.020639,-0.243969,-0.180168,-0.952677,0.800570,0.097462,0.122365,0.033935,-0.003702,0.095629,-0.994832,1.121333,-0.074908,0.037521,0.031014,-0.000122,0.149729,0.988241,1.005131,-0.043760,0.951117
332,2.766667,0.017011,-0.228557,-0.179047,-0.956773,0.813978,0.100668,0.117880,0.035645,-0.003873,0.095675,-0.994767,1.121418,-0.074814,0.037449,0.032881,-0.000615,0.148953,0.988297,1.008269,-0.044106,0.951424
333,2.775000,0.011694,-0.214421,-0.176852,-0.960526,0.827281,0.103693,0.113297,0.036937,-0.004392,0.095935,-0.994692,1.121526,-0.074692,0.037422,0.033958,-0.000050,0.148789,0.988286,1.011314,-0.044207,0.951680
334,2.783333,0.005722,-0.200636,-0.174991,-0.963894,0.840528,0.106747,0.108717,0.038297,-0.004723,0.096051,-0.994628,1.121609,-0.074593,0.037379,0.033942,0.000731,0.148514,0.988327,1.014374,-0.044334,0.951878
335,2.791667,0.004768,-0.183775,-0.173850,-0.967461,0.854281,0.109835,0.104556,0.039734,-0.005322,0.096307,-0.994544,1.121706,-0.074473,0.037368,0.034742,0.000148,0.148423,0.988314,1.017413,-0.044327,0.952157
336,2.800000,0.001398,-0.167482,-0.172139,-0.970730,0.867462,0.112915,0.100391,0.040709,-0.005734,0.096453,-0.994488,1.121788,-0.074377,0.037332,0.034870,0.001992,0.148697,0.988266,1.020431,-0.044635,0.952553
337,2.808333,0.002756,-0.153373,-0.170513,-0.973342,0.881158,0.116154,0.096392,0.040905,-0.006134,0.096700,-0.994454,1.121833,-0.074280,0.037269,0.036170,0.000070,0.148280,0.988284,1.023242,-0.044807,0.952177
338,2.816667,0.002795,-0.136557,-0.168059,-0.976269,0.894199,0.119164,0.092590,0.041725,-0.006541,0.096857,-0.994402,1.121899,-0.074191,0.037251,0.037209,-0.001119,0.148165,0.988262,1.026103,-0.044585,0.952455
339,2.825000,-0.000950,-0.122569,-0.165456,-0.978570,0.907168,0.122281,0.088813,0.042938,-0.007061,0.096869,-0.994345,1.121958,-0.074137,0.037284,0.037427,-0.000199,0.147667,0.988329,1.028895,-0.044690,0.952567
340,2.833333,0.002053,-0.108028,-0.163751,-0.980567,0.920632,0.125381,0.085684,0.043022,-0.007070,0.097114,-0.994318,1.121997,-0.074040,0.037222,0.037691,0.000139,0.147668,0.988319,1.031560,-0.044515,0.952696
341,2.841667,0.001488,-0.095169,-0.161104,-0.982337,0.933633,0.128596,0.082454,0.043544,-0.007370,0.097367,-0.994268,1.122039,-0.073989,0.037178,0.038221,0.000030,0.147449,0.988331,1.034017,-0.044349,0.952799
342,2.850000,0.000598,-0.081583,-0.159045,-0.983895,0.946474,0.131911,0.079594,0.043844,-0.007709,0.097507,-0.994239,1.122082,-0.073955,0.037178,0.037566,0.002499,0.147721,0.988312,1.036377,-0.043886,0.953216
343,2.858333,0.000220,-0.064174,-0.157388,-0.985449,0.958845,0.135056,0.076500,0.044298,-0.008054,0.097411,-0.994225,1.122112,-0.073880,0.037143,0.038760,0.000128,0.146018,0.988522,1.038805,-0.043513,0.952952
344,2.866667,-0.002518,-0.052194,-0.156077,-0.986362,0.970817,0.138933,0.074776,0.044906,-0.008225,0.097671,-0.994171,1.122113,-0.073875,0.037109,0.037668,0.003417,0.147074,0.988402,1.041300,-0.043619,0.953411
345,2.875000,-0.004661,-0.039202,-0.155639,-0.987025,0.982644,0.142248,0.072813,0.045344,-0.008377,0.097807,-0.994137,1.122126,-0.073842,0.037102,0.037010,0.003932,0.147844,0.988310,1.043637,-0.043064,0.953677
346,2.883333,-0.009644,-0.028315,-0.155662,-0.987358,0.994317,0.145305,0.070977,0.045835,-0.008311,0.097758,-0.994119,1.122153,-0.073833,0.037073,0.036965,0.004467,0.148080,0.988274,1.045679,-0.042676,0.953612
347,2.891667,-0.012303,-0.017431,-0.156358,-0.987470,1.005602,0.148174,0.069293,0.045875,-0.008793,0.097566,-0.994132,1.122193,-0.073730,0.037096,0.037517,0.004668,0.147076,0.988402,1.048083,-0.042672,0.953821
348,2.900000,-0.013606,-0.007130,-0.156489,-0.987560,1.016485,0.150854,0.067927,0.045554,-0.008728,0.097403,-0.994164,1.122220,-0.073639,0.037101,0.037599,0.005553,0.147016,0.988404,1.050168,-0.042375,0.953649
349,2.908333,-0.015365,0.003410,-0.156530,-0.987548,1.027278,0.153408,0.066737,0.045995,-0.008813,0.097453,-0.994138,1.122230,-0.073595,0.037102,0.038049,0.004752,0.147122,0.988375,1.052263,-0.041887,0.953717
350,2.916667,-0.016206,0.012821,-0.155598,-0.987604,1.037726,0.155724,0.065764,0.046594,-0.008947,0.097633,-0.994091,1.122240,-0.073565,0.037099,0.037877,0.006264,0.146995,0.988392,1.054366,-0.041470,0.953719
351,2.925000,-0.011166,0.019157,-0.154824,-0.987693,1.048333,0.157832,0.065317,0.047007,-0.008988,0.097747,-0.994060,1.122264,-0.073507,0.037065,0.037460,0.006650,0.146486,0.988481,1.056177,-0.041099,0.953829
352,2.933333,-0.011022,0.028063,-0.151902,-0.987936,1.058120,0.159599,0.064615,0.047441,-0.008832,0.097990,-0.994017,1.122329,-0.073482,0.037069,0.037860,0.006487,0.145930,0.988549,1.058126,-0.040690,0.953818
353,2.941667,-0.009961,0.036551,-0.147994,-0.988262,1.067562,0.161020,0.063927,0.047783,-0.009290,0.098018,-0.993994,1.122278,-0.073444,0.037114,0.038039,0.005453,0.145426,0.988623,1.060085,-0.040040,0.953782
354,2.950000,-0.008789,0.043252,-0.143293,-0.988696,1.076632,0.162190,0.063383,0.047955,-0.009275,0.098141,-0.993973,1.122254,-0.073475,0.037120,0.037910,0.007962,0.145252,0.988636,1.061842,-0.039562,0.953819
355,2.958333,-0.007139,0.048885,-0.138388,-0.989145,1.085222,0.163148,0.062892,0.048111,-0.009150,0.098421,-0.993939,1.122270,-0.073447,0.037113,0.037345,0.008177,0.145022,0.988690,1.063500,-0.038880,0.953801
356,2.966667,-0.004377,0.054347,-0.132749,-0.989649,1.093352,0.163928,0.062473,0.048791,-0.009028,0.098698,-0.993880,1.122338,-0.073364,0.037072,0.036643,0.008570,0.144698,0.988760,1.065117,-0.038146,0.953794
357,2.975000,-0.000507,0.059553,-0.126654,-0.990158,1.100994,0.164394,0.061932,0.049092,-0.009041,0.098770,-0.993858,1.122328,-0.073342,0.037066,0.037244,0.008538,0.142900,0.988999,1.067091,-0.037636,0.953852
358,2.983333,0.002000,0.063590,-0.119992,-0.990734,1.108031,0.164952,0.061616,0.049390,-0.009032,0.099065,-0.993814,1.122293,-0.073333,0.037065,0.036525,0.008506,0.142234,0.989122,1.068740,-0.037049,0.953826
359,2.991667,0.006805,0.067404,-0.112844,-0.991301,1.114588,0.165116,0.061206,0.049955,-0.009073,0.099157,-0.993776,1.122288,-0.073269,0.037062,0.036121,0.009167,0.141458,0.989243,1.070354,-0.036231,0.953853
360,3.000000,0.013038,0.071979,-0.104244,-0.991858,1.120282,0.165431,0.060835,0.050226,-0.008809,0.099034,-0.993777,1.122271,-0.073230,0.037028,0.036035,0.009017,0.140629,0.989365,1.071903,-0.035490,0.953774
361,3.008333,0.016053,0.070381,-0.097776,-0.992587,1.125545,0.164981,0.060169,0.050305,-0.008726,0.099107,-0.993766,1.122247,-0.073206,0.037023,0.035077,0.008850,0.139915,0.989503,1.073367,-0.034690,0.953696
362,3.016667,0.023956,0.071982,-0.090350,-0.993016,1.130196,0.164590,0.059248,0.050704,-0.008690,0.099296,-0.993727,1.122201,-0.073202,0.037020,0.035202,0.009591,0.138809,0.989647,1.074973,-0.033945,0.953731
363,3.025000,0.029054,0.067264,-0.082893,-0.993861,1.134003,0.164331,0.058665,0.051303,-0.008590,0.099569,-0.993670,1.122162,-0.073204,0.037009,0.036052,0.009739,0.136759,0.989900,1.076156,-0.033075,0.953242
364,3.033333,0.036089,0.063061,-0.075730,-0.994478,1.137220,0.163722,0.057618,0.052203,-0.008612,0.100013,-0.993578,1.122116,-0.073238,0.036979,0.036050,0.008272,0.135494,0.990088,1.077483,-0.032212,0.952948
365,3.041667,0.041214,0.057197,-0.069865,-0.995062,1.139325,0.163347,0.056109,0.052602,-0.008574,0.100335,-0.993525,1.122107,-0.073235,0.036977,0.035316,0.010206,0.134222,0.990269,1.078704,-0.031385,0.952491
366,3.050000,0.042432,0.049060,-0.062387,-0.995942,1.141310,0.162504,0.054249,0.052665,-0.008524,0.100509,-0.993505,1.122086,-0.073215,0.036984,0.033664,0.011794,0.133647,0.990387,1.080111,-0.030451,0.952400
367,3.058333,0.050244,0.037574,-0.055642,-0.996478,1.142487,0.161671,0.051937,0.052651,-0.008448,0.100594,-0.993498,1.122036,-0.073196,0.036991,0.034386,0.011269,0.130998,0.990722,1.081718,-0.029764,0.952291
368,3.066667,0.049229,0.025521,-0.050617,-0.997178,1.143202,0.160680,0.049709,0.052701,-0.008286,0.100537,-0.993502,1.121971,-0.073200,0.037000,0.033983,0.010943,0.129076,0.990992,1.083141,-0.029023,0.951938
369,3.075000,0.042140,0.013094,-0.046260,-0.997954,1.143184,0.160116,0.047581,0.052724,-0.008141,0.100609,-0.993495,1.121921,-0.073204,0.037001,0.032065,0.009817,0.127618,0.991256,1.084928,-0.028215,0.951928
370,3.083333,0.037307,0.007848,-0.046439,-0.998193,1.142880,0.160222,0.046333,0.052962,-0.007933,0.100440,-0.993501,1.121823,-0.073223,0.036976,0.028067,0.010828,0.127346,0.991402,1.086765,-0.027075,0.951733
371,3.091667,0.036363,0.006315,-0.050087,-0.998063,1.142646,0.160927,0.045650,0.052897,-0.007894,0.100588,-0.993490,1.121791,-0.073234,0.036991,0.026214,0.009198,0.126149,0.991622,1.088648,-0.026221,0.951412
372,3.100000,0.035782,0.005621,-0.055251,-0.997815,1.142738,0.161641,0.045262,0.052674,-0.007998,0.100644,-0.993495,1.121745,-0.073238,0.036980,0.023659,0.005334,0.125243,0.991830,1.091090,-0.025318,0.951712
373,3.108333,0.033627,0.004562,-0.059252,-0.997666,1.143203,0.161996,0.044998,0.052617,-0.007961,0.100688,-0.993494,1.121725,-0.073251,0.036989,0.021532,0.004126,0.123574,0.992093,1.092754,-0.024354,0.951427
374,3.116667,0.028901,0.003196,-0.060920,-0.997719,1.143850,0.161713,0.044616,0.052540,-0.007941,0.100785,-0.993488,1.121695,-0.073263,0.036999,0.019909,0.004457,0.122351,0.992277,1.094450,-0.023342,0.951110
375,3.125000,0.024470,-0.001013,-0.059291,-0.997940,1.144492,0.160980,0.044297,0.052400,-0.008027,0.100885,-0.993485,1.121669,-0.073283,0.037041,0.019661,0.005210,0.120386,0.992519,1.095911,-0.022365,0.950731
376,3.133333,0.020044,-0.002819,-0.057298,-0.998152,1.144845,0.160243,0.043975,0.052405,-0.008146,0.100879,-0.993484,1.121619,-0.073305,0.037090,0.019274,0.004455,0.118268,0.992785,1.097316,-0.021376,0.950689
377,3.141667,0.015352,-0.001157,-0.057529,-0.998225,1.144984,0.159650,0.043640,0.052399,-0.008231,0.100958,-0.993476,1.121530,-0.073331,0.037132,0.019418,0.005280,0.116616,0.992973,1.098664,-0.020394,0.950232
378,3.150000,0.012017,-0.001314,-0.058811,-0.998196,1.144890,0.159516,0.043669,0.052554,-0.008309,0.101220,-0.993440,1.121508,-0.073319,0.037161,0.019571,0.005470,0.114937,0.993165,1.099894,-0.019474,0.950290
379,3.158333,0.010181,-0.001119,-0.060760,-0.998100,1.144915,0.159489,0.043636,0.052635,-0.008362,0.101343,-0.993423,1.121471,-0.073292,0.037195,0.020464,0.005765,0.113025,0.993365,1.101064,-0.018612,0.950248
380,3.166667,0.009034,-0.001890,-0.060328,-0.998136,1.145034,0.159274,0.043512,0.052914,-0.008501,0.101527,-0.993388,1.121440,-0.073268,0.037223,0.020966,0.006375,0.111709,0.993499,1.102146,-0.017674,0.950316
381,3.175000,0.008782,-0.002187,-0.059388,-0.998194,1.145220,0.159080,0.043405,0.053131,-0.008501,0.101723,-0.993357,1.121401,-0.073236,0.037246,0.021273,0.006179,0.110745,0.993602,1.103226,-0.016704,0.950520
382,3.183333,0.008767,-0.001978,-0.059209,-0.998205,1.145248,0.159107,0.043351,0.053292,-0.008563,0.101903,-0.993329,1.121369,-0.073212,0.037283,0.022564,0.007456,0.109465,0.993707,1.104226,-0.015763,0.950651
383,3.191667,0.009275,-0.001467,-0.059894,-0.998161,1.145184,0.159281,0.043332,0.053434,-0.008658,0.101992,-0.993311,1.121338,-0.073183,0.037302,0.022613,0.007579,0.108302,0.993832,1.105228,-0.015105,0.950759
384,3.200000,0.009594,-0.001477,-0.060038,-0.998149,1.145145,0.159387,0.043295,0.053579,-0.008761,0.102185,-0.993283,1.121307,-0.073158,0.037327,0.022530,0.008681,0.107520,0.993910,1.106147,-0.014272,0.950991
385,3.208333,0.009958,-0.001688,-0.059241,-0.998193,1.145175,0.159358,0.043258,0.053780,-0.008781,0.102359,-0.993254,1.121286,-0.073145,0.037341,0.022657,0.008475,0.106580,0.994010,1.107146,-0.013414,0.951188
386,3.216667,0.010357,-0.001670,-0.058933,-0.998207,1.145183,0.159397,0.043233,0.053826,-0.008874,0.102542,-0.993232,1.121273,-0.073135,0.037366,0.022724,0.009033,0.105682,0.994099,1.107931,-0.012531,0.951298
387,3.225000,0.010712,-0.001405,-0.059209,-0.998187,1.145142,0.159510,0.043206,0.053850,-0.008897,0.102701,-0.993214,1.121250,-0.073133,0.037376,0.022522,0.009159,0.104401,0.994238,1.108970,-0.011952,0.951465
388,3.233333,0.011246,-0.001169,-0.059566,-0.998160,1.145122,0.159626,0.043166,0.053912,-0.008972,0.102886,-0.993191,1.121232,-0.073133,0.037390,0.022686,0.009256,0.103737,0.994303,1.109817,-0.010956,0.951541
389,3.241667,0.011290,-0.001048,-0.059243,-0.998179,1.145181,0.159609,0.043115,0.053871,-0.009033,0.103074,-0.993173,1.121223,-0.073140,0.037396,0.022057,0.009613,0.102416,0.994451,1.110657,-0.010123,0.951614
390,3.250000,0.011049,-0.001143,-0.058949,-0.998199,1.145239,0.159580,0.043081,0.053920,-0.008999,0.103256,-0.993152,1.121209,-0.073145,0.037405,0.021919,0.010785,0.100858,0.994601,1.111450,-0.009472,0.951610
391,3.258333,0.010533,-0.001197,-0.059054,-0.998199,1.145207,0.159568,0.043075,0.053895,-0.009018,0.103462,-0.993131,1.121184,-0.073150,0.037413,0.021837,0.010795,0.099498,0.994740,1.112215,-0.008704,0.951475
392,3.266667,0.009971,-0.001105,-0.059390,-0.998185,1.145139,0.159558,0.043061,0.053899,-0.008971,0.103640,-0.993113,1.121173,-0.073165,0.037418,0.022105,0.011149,0.097979,0.994881,1.112950,-0.007847,0.951554
393,3.275000,0.009267,-0.001020,-0.059318,-0.998196,1.145193,0.159455,0.043018,0.053954,-0.008964,0.103844,-0.993089,1.121150,-0.073176,0.037421,0.021837,0.011367,0.096503,0.995028,1.113717,-0.007169,0.951481
394,3.283333,0.008487,-0.001023,-0.059132,-0.998214,1.145216,0.159345,0.042984,0.053981,-0.008943,0.104044,-0.993067,1.121121,-0.073185,0.037425,0.021786,0.012245,0.094868,0.995176,1.114356,-0.006378,0.951343
395,3.291667,0.007645,-0.000886,-0.059207,-0.998216,1.145210,0.159279,0.042944,0.054073,-0.008910,0.104264,-0.993039,1.121101,-0.073185,0.037425,0.021785,0.012605,0.093163,0.995333,1.115045,-0.005638,0.951371
396,3.300000,0.006917,-0.000718,-0.059508,-0.998204,1.145203,0.159229,0.042913,0.054228,-0.008766,0.104447,-0.993012,1.121089,-0.073200,0.037429,0.021752,0.013108,0.091533,0.995478,1.115635,-0.004851,0.951321
397,3.308333,0.006059,-0.000677,-0.059454,-0.998212,1.145210,0.159141,0.042888,0.054230,-0.008702,0.104633,-0.992993,1.121071,-0.073203,0.037424,0.021711,0.013139,0.090070,0.995612,1.116325,-0.004248,0.951224
398,3.316667,0.005460,-0.000720,-0.059384,-0.998220,1.145194,0.159039,0.042865,0.054192,-0.008683,0.104740,-0.992984,1.121046,-0.073213,0.037419,0.021501,0.013158,0.088904,0.995721,1.116966,-0.003603,0.951132
399,3.325000,0.005019,-0.000544,-0.059529,-0.998214,1.145171,0.158976,0.042839,0.054211,-0.008612,0.104892,-0.992968,1.121019,-0.073232,0.037414,0.021042,0.013721,0.087420,0.995855,1.117473,-0.003065,0.951038
400,3.333333,0.004691,-0.000330,-0.059748,-0.998202,1.145156,0.158958,0.042817,0.054097,-0.008597,0.104996,-0.992963,1.120998,-0.073253,0.037414,0.021153,0.014065,0.086449,0.995932,1.118072,-0.002316,0.951040
401,3.341667,0.004463,-0.000283,-0.059720,-0.998205,1.145155,0.158937,0.042804,0.053977,-0.008567,0.105086,-0.992960,1.120980,-0.073279,0.037413,0.021479,0.014072,0.085596,0.995999,1.118796,-0.001633,0.951130
402,3.350000,0.004314,-0.000229,-0.059628,-0.998211,1.145137,0.158917,0.042783,0.053769,-0.008540,0.105149,-0.992965,1.120960,-0.073311,0.037417,0.021319,0.014855,0.084591,0.996077,1.119326,-0.001127,0.951168
403,3.358333,0.004378,-0.000088,-0.059729,-0.998205,1.145110,0.158917,0.042773,0.053481,-0.008544,0.105215,-0.992974,1.120928,-0.073340,0.037413,0.021039,0.015582,0.083860,0.996134,1.119860,-0.000458,0.951150
404,3.366667,0.004500,0.000148,-0.059935,-0.998192,1.145089,0.158929,0.042773,0.053217,-0.008609,0.105453,-0.992962,1.120956,-0.073360,0.037434,0.020702,0.016142,0.083249,0.996183,1.120427,0.000078,0.951102
405,3.375000,0.004508,0.000069,-0.059850,-0.998197,1.145053,0.158959,0.042779,0.052909,-0.008630,0.105537,-0.992969,1.120959,-0.073400,0.037457,0.020921,0.016415,0.082763,0.996214,1.121062,0.000645,0.951154
406,3.383333,0.004730,0.000181,-0.059765,-0.998201,1.144997,0.158975,0.042769,0.052647,-0.008663,0.105615,-0.992975,1.120951,-0.073432,0.037466,0.020904,0.016710,0.082313,0.996247,1.121561,0.001132,0.951139
407,3.391667,0.004883,0.000149,-0.059657,-0.998207,1.144954,0.159019,0.042794,0.052551,-0.008666,0.105695,-0.992971,1.120945,-0.073448,0.037463,0.020926,0.016467,0.081883,0.996286,1.122165,0.001643,0.951218
408,3.400000,0.004916,0.000222,-0.059646,-0.998207,1.144911,0.159065,0.042801,0.052438,-0.008592,0.105757,-0.992971,1.120931,-0.073472,0.037469,0.021062,0.017305,0.081643,0.996289,1.122604,0.002247,0.951168
409,3.408333,0.005000,0.000233,-0.059600,-0.998210,1.144880,0.159095,0.042814,0.052424,-0.008610,0.105810,-0.992966,1.120929,-0.073485,0.037473,0.021036,0.017641,0.081209,0.996319,1.123174,0.002851,0.951151
410,3.416667,0.004898,0.000258,-0.059529,-0.998215,1.144854,0.159095,0.042816,0.052366,-0.008609,0.105895,-0.992960,1.120916,-0.073488,0.037471,0.021291,0.018997,0.081212,0.996288,1.123484,0.003654,0.951203
411,3.425000,0.004771,0.000337,-0.059587,-0.998212,1.144833,0.159090,0.042799,0.052405,-0.008608,0.105896,-0.992958,1.120915,-0.073497,0.037480,0.021306,0.018492,0.080847,0.996327,1.124013,0.004002,0.951241
412,3.433333,0.004611,0.000463,-0.059695,-0.998206,1.144822,0.159081,0.042790,0.052452,-0.008589,0.105944,-0.992951,1.120908,-0.073488,0.037476,0.021342,0.018852,0.080732,0.996329,1.124330,0.004536,0.951168
413,3.441667,0.004381,0.000683,-0.059731,-0.998205,1.144807,0.159055,0.042754,0.052591,-0.008587,0.105951,-0.992942,1.120908,-0.073486,0.037473,0.020839,0.019227,0.080326,0.996365,1.124699,0.004961,0.951148
414,3.450000,0.004207,0.000868,-0.059803,-0.998201,1.144801,0.159018,0.042729,0.052816,-0.008575,0.106023,-0.992923,1.120902,-0.073476,0.037468,0.020761,0.019908,0.080277,0.996358,1.125126,0.005520,0.951236
415,3.458333,0.003974,0.001026,-0.059832,-0.998200,1.144802,0.158995,0.042709,0.052967,-0.008528,0.106020,-0.992916,1.120899,-0.073466,0.037460,0.020616,0.020083,0.080052,0.996375,1.125492,0.005979,0.951071
416,3.466667,0.003949,0.001031,-0.059836,-0.998200,1.144803,0.158981,0.042700,0.053057,-0.008537,0.106006,-0.992912,1.120898,-0.073459,0.037461,0.020439,0.020254,0.079906,0.996387,1.125952,0.006457,0.951002
417,3.475000,0.003866,0.001093,-0.059761,-0.998205,1.144805,0.158969,0.042682,0.053215,-0.008542,0.106036,-0.992901,1.120901,-0.073449,0.037461,0.020469,0.020856,0.079897,0.996375,1.126230,0.006885,0.950930
418,3.483333,0.003771,0.001183,-0.059713,-0.998208,1.144806,0.158959,0.042672,0.053339,-0.008550,0.106035,-0.992894,1.120894,-0.073450,0.037457,0.020555,0.021065,0.079704,0.996384,1.126535,0.007233,0.950886
419,3.491667,0.003803,0.001219,-0.059689,-0.998209,1.144803,0.158965,0.042667,0.053445,-0.008543,0.106013,-0.992891,1.120897,-0.073446,0.037460,0.020599,0.021259,0.079751,0.996375,1.126895,0.007708,0.950893
420,3.500000,0.003764,0.001257,-0.059605,-0.998214,1.144801,0.158969,0.042655,0.053561,-0.008573,0.105977,-0.992888,1.120898,-0.073447,0.037457,0.020501,0.021602,0.079612,0.996381,1.127247,0.007988,0.950886
421,3.508333,0.003853,0.001199,-0.059497,-0.998220,1.144801,0.158974,0.042653,0.053635,-0.008559,0.105961,-0.992886,1.120897,-0.073437,0.037459,0.020446,0.021879,0.079395,0.996393,1.127540,0.008304,0.950897
422,3.516667,0.003787,0.001171,-0.059434,-0.998224,1.144803,0.158974,0.042659,0.053619,-0.008541,0.105919,-0.992891,1.120888,-0.073436,0.037457,0.020597,0.021409,0.078656,0.996459,1.127973,0.008587,0.951035
423,3.525000,0.003753,0.001179,-0.059362,-0.998229,1.144807,0.158985,0.042646,0.053687,-0.008531,0.105826,-0.992898,1.120895,-0.073441,0.037453,0.020493,0.021803,0.078221,0.996487,1.128258,0.008877,0.951031
424,3.533333,0.003757,0.001149,-0.059330,-0.998231,1.144811,0.158981,0.042643,0.053681,-0.008549,0.105822,-0.992898,1.120892,-0.073450,0.037452,0.020469,0.022439,0.078368,0.996462,1.128420,0.009267,0.950991
425,3.541667,0.003671,0.001147,-0.059305,-0.998233,1.144812,0.158974,0.042631,0.053641,-0.008545,0.105812,-0.992902,1.120896,-0.073458,0.037453,0.020384,0.022606,0.078483,0.996451,1.128740,0.009685,0.950935
426,3.550000,0.003551,0.001149,-0.059248,-0.998236,1.144811,0.158968,0.042621,0.053748,-0.008507,0.105765,-0.992901,1.120894,-0.073465,0.037450,0.020258,0.022856,0.078408,0.996453,1.129107,0.009965,0.950933
427,3.558333,0.003340,0.001115,-0.059245,-0.998237,1.144815,0.158955,0.042617,0.053688,-0.008513,0.105781,-0.992903,1.120883,-0.073473,0.037440,0.020263,0.023346,0.078318,0.996449,1.129418,0.010211,0.950969
428,3.566667,0.003161,0.001135,-0.059279,-0.998236,1.144819,0.158941,0.042607,0.053742,-0.008539,0.105774,-0.992900,1.120885,-0.073475,0.037449,0.020287,0.023605,0.078357,0.996439,1.129702,0.010518,0.950871
429,3.575000,0.002967,0.001137,-0.059307,-0.998235,1.144824,0.158918,0.042603,0.053802,-0.008533,0.105808,-0.992894,1.120883,-0.073477,0.037449,0.020415,0.023146,0.077947,0.996480,1.130039,0.010698,0.950952
430,3.583333,0.002681,0.001116,-0.059278,-0.998237,1.144824,0.158899,0.042585,0.053839,-0.008550,0.105915,-0.992880,1.120884,-0.073473,0.037448,0.020256,0.023365,0.077736,0.996494,1.130326,0.010966,0.950994
431,3.591667,0.002536,0.001143,-0.059347,-0.998234,1.144834,0.158871,0.042580,0.053993,-0.008555,0.105975,-0.992865,1.120883,-0.073465,0.037447,0.020296,0.023460,0.077722,0.996492,1.130465,0.011187,0.950840
432,3.600000,0.002394,0.001128,-0.059344,-0.998234,1.144830,0.158855,0.042571,0.054005,-0.008613,0.106078,-0.992853,1.120878,-0.073464,0.037447,0.020045,0.023680,0.077650,0.996498,1.130726,0.011458,0.950866
433,3.608333,0.002174,0.001154,-0.059377,-0.998233,1.144835,0.158834,0.042572,0.054135,-0.008649,0.106128,-0.992840,1.120883,-0.073455,0.037446,0.020069,0.023787,0.077610,0.996498,1.131077,0.011672,0.950858
434,3.616667,0.002054,0.001143,-0.059365,-0.998234,1.144834,0.158822,0.042568,0.054255,-0.008595,0.106197,-0.992827,1.120885,-0.073445,0.037445,0.020218,0.023961,0.077533,0.996497,1.131365,0.011866,0.950812
435,3.625000,0.001953,0.001205,-0.059399,-0.998232,1.144838,0.158808,0.042553,0.054324,-0.008607,0.106274,-0.992814,1.120877,-0.073438,0.037437,0.020421,0.024077,0.077096,0.996524,1.131624,0.012014,0.950744
436,3.633333,0.001787,0.001185,-0.059364,-0.998234,1.144837,0.158794,0.042555,0.054399,-0.008618,0.106297,-0.992808,1.120874,-0.073437,0.037439,0.020400,0.024071,0.077020,0.996530,1.131940,0.012112,0.950776
437,3.641667,0.001745,0.001195,-0.059383,-0.998233,1.144842,0.158784,0.042551,0.054503,-0.008616,0.106336,-0.992798,1.120865,-0.073434,0.037439,0.020580,0.023575,0.076712,0.996562,1.132245,0.012200,0.950876
