Frame,Time (Seconds),RFoot:Rotation:X,RFoot:Rotation:Y,RFoot:Rotation:Z,RFoot:Rotation:W,RFoot:Position:X,RFoot:Position:Y,RFoot:Position:Z,LFoot:Rotation:X,LFoot:Rotation:Y,LFoot:Rotation:Z,LFoot:Rotation:W,LFoot:Position:X,LFoot:Position:Y,LFoot:Position:Z,Waist:Rotation:X,Waist:Rotation:Y,Waist:Rotation:Z,Waist:Rotation:W,Waist:Position:X,Waist:Position:Y,Waist:Position:Z,gait_type
0,0.0,0.023187,-0.0245,-0.89594,0.442892,1.627512,1.682653,0.064578,-0.00446,0.073095,-0.991715,0.10554,1.440209,1.895193,0.064283,-0.034737,-0.009513,0.949239,-0.312486,1.482393,1.781136,0.972871,jog
1,0.008333,0.023222,-0.024481,-0.895918,0.442935,1.627508,1.682661,0.064591,-0.004447,0.073166,-0.991708,0.105553,1.440194,1.89518,0.064292,-0.035234,-0.009433,0.949561,-0.311453,1.48234,1.781004,0.97291,jog
2,0.016667,0.023252,-0.024561,-0.895938,0.44289,1.627501,1.682647,0.064588,-0.004449,0.073161,-0.991714,0.1055,1.440186,1.895164,0.064281,-0.035208,-0.009539,0.949639,-0.311214,1.482137,1.780931,0.972895,jog
3,0.025,0.023297,-0.02461,-0.895954,0.442853,1.6275,1.682634,0.064594,-0.004419,0.073092,-0.991719,0.10551,1.44018,1.895152,0.06429,-0.035135,-0.009497,0.949733,-0.310938,1.482084,1.780978,0.97286,jog
4,0.033333,0.023244,-0.024654,-0.895904,0.442953,1.627496,1.682664,0.064574,-0.004363,0.073115,-0.991716,0.105517,1.440181,1.895154,0.064272,-0.035019,-0.009415,0.949837,-0.310636,1.482056,1.781114,0.972803,jog
5,0.041667,0.023203,-0.024644,-0.895909,0.442947,1.627497,1.682681,0.064565,-0.004347,0.073282,-0.991695,0.105602,1.440182,1.895139,0.064285,-0.034889,-0.009343,0.949892,-0.310485,1.482095,1.781277,0.972772,jog
6,0.05,0.02325,-0.024674,-0.895931,0.442898,1.627488,1.682662,0.064569,-0.004174,0.073053,-0.991696,0.105758,1.440165,1.895109,0.064266,-0.034473,-0.0093,0.949798,-0.31082,1.482004,1.781439,0.972729,jog
7,0.058333,0.023247,-0.024694,-0.895939,0.442881,1.6275,1.68266,0.064576,-0.004177,0.073068,-0.991707,0.105649,1.440176,1.895121,0.064274,-0.033958,-0.00926,0.949607,-0.31146,1.481807,1.781576,0.972661,jog
8,0.066667,0.023169,-0.024676,-0.895957,0.442849,1.627508,1.682669,0.064572,-0.004291,0.073063,-0.9917,0.105707,1.44017,1.895132,0.064297,-0.033475,-0.009201,0.949642,-0.311409,1.481681,1.781749,0.972622,jog
9,0.075,0.023164,-0.02472,-0.895941,0.44288,1.627517,1.68269,0.06457,-0.004085,0.072563,-0.99172,0.105877,1.440145,1.895129,0.064284,-0.033359,-0.008882,0.949726,-0.311174,1.481441,1.781891,0.972607,jog
10,0.083333,0.023048,-0.024691,-0.89592,0.44293,1.627523,1.682708,0.064549,-0.004095,0.072505,-0.991719,0.105921,1.440131,1.895148,0.064292,-0.033551,-0.008843,0.949892,-0.310646,1.481185,1.781922,0.972613,jog
11,0.091667,0.022861,-0.024507,-0.895921,0.442948,1.627537,1.682732,0.064529,-0.004199,0.072547,-0.99172,0.10588,1.440145,1.895166,0.064318,-0.03404,-0.00895,0.950142,-0.309824,1.48088,1.781806,0.972625,jog
12,0.1,0.022809,-0.024523,-0.895902,0.442987,1.627539,1.682752,0.064508,-0.004149,0.072318,-0.99171,0.106136,1.440139,1.89514,0.064327,-0.034728,-0.009242,0.950436,-0.308836,1.480657,1.781659,0.972654,jog
13,0.108333,0.022597,-0.024474,-0.895912,0.44298,1.627555,1.682771,0.064488,-0.004201,0.072344,-0.991711,0.106107,1.440149,1.895167,0.06434,-0.034818,-0.009066,0.950548,-0.308485,1.480603,1.781644,0.972667,jog
14,0.116667,0.022467,-0.024445,-0.895944,0.442925,1.627582,1.682769,0.064467,-0.004223,0.072276,-0.991697,0.106285,1.44017,1.895166,0.064372,-0.03483,-0.008841,0.950737,-0.307908,1.480591,1.781653,0.972731,jog
15,0.125,0.022245,-0.024266,-0.895966,0.4429,1.627616,1.682778,0.06445,-0.00401,0.071599,-0.991748,0.106271,1.440152,1.895165,0.064403,-0.035906,-0.009737,0.950822,-0.307496,1.480862,1.781857,0.972626,jog
16,0.133333,0.022324,-0.02338,-0.896062,0.44275,1.627657,1.6828,0.064505,-0.004072,0.071507,-0.991759,0.106229,1.440172,1.895201,0.064441,-0.036409,-0.009969,0.950894,-0.307207,1.481051,1.781967,0.972692,jog
17,0.141667,0.02218,-0.023125,-0.896112,0.442669,1.627703,1.682784,0.064502,-0.003906,0.070955,-0.991781,0.106395,1.440162,1.895192,0.064456,-0.036866,-0.01042,0.950792,-0.307452,1.481117,1.782078,0.972728,jog
18,0.15,0.022053,-0.022789,-0.896198,0.44252,1.627756,1.682752,0.064504,-0.004029,0.07078,-0.991808,0.106264,1.440234,1.895252,0.064475,-0.037326,-0.010864,0.950702,-0.307661,1.481264,1.782267,0.97279,jog
19,0.158333,0.021812,-0.022361,-0.896346,0.442253,1.627794,1.682713,0.064517,-0.004165,0.070751,-0.991808,0.106272,1.440274,1.89529,0.064524,-0.037954,-0.01166,0.950698,-0.307565,1.48141,1.782466,0.972831,jog
20,0.166667,0.021618,-0.021929,-0.896466,0.442041,1.62786,1.682679,0.064512,-0.003832,0.070125,-0.99183,0.106498,1.43993,1.895386,0.064659,-0.03856,-0.012233,0.950636,-0.307659,1.481481,1.782737,0.972857,jog
21,0.175,0.021338,-0.021557,-0.896582,0.441838,1.627911,1.682653,0.064518,-0.004644,0.071359,-0.991782,0.106087,1.440433,1.895369,0.064644,-0.038986,-0.012785,0.950484,-0.308053,1.481435,1.782972,0.972914,jog
22,0.183333,0.021206,-0.021209,-0.896753,0.441514,1.627972,1.682617,0.064516,-0.004201,0.070379,-0.991813,0.106473,1.440078,1.895453,0.064757,-0.03949,-0.013349,0.950391,-0.308253,1.4814,1.783256,0.972962,jog
23,0.191667,0.020862,-0.020739,-0.89686,0.441336,1.628046,1.682595,0.064503,-0.004264,0.070159,-0.991815,0.106592,1.440151,1.895486,0.064783,-0.039965,-0.013971,0.950335,-0.308336,1.481326,1.783566,0.972996,jog
24,0.2,0.020581,-0.020464,-0.89701,0.441056,1.628117,1.682579,0.064486,-0.004447,0.070216,-0.991801,0.106682,1.440205,1.895521,0.064779,-0.040511,-0.014746,0.950292,-0.30836,1.481172,1.783882,0.97301,jog
25,0.208333,0.020293,-0.02009,-0.897163,0.440776,1.628197,1.682551,0.06448,-0.004532,0.070134,-0.991789,0.10684,1.440242,1.895533,0.064791,-0.041049,-0.015401,0.950302,-0.308228,1.481086,1.784189,0.973041,jog
26,0.216667,0.020045,-0.019841,-0.897298,0.440523,1.628268,1.682544,0.064457,-0.004699,0.070155,-0.99177,0.106998,1.440267,1.89555,0.064813,-0.041545,-0.015964,0.950363,-0.307945,1.481032,1.784506,0.973064,jog
27,0.225,0.019656,-0.019596,-0.897408,0.440327,1.628351,1.682546,0.064437,-0.004866,0.06999,-0.991768,0.107117,1.440283,1.895572,0.064811,-0.042,-0.016508,0.950356,-0.307876,1.480882,1.784837,0.973054,jog
28,0.233333,0.019315,-0.019346,-0.897528,0.440109,1.62845,1.682572,0.064403,-0.005139,0.069876,-0.991763,0.107226,1.440294,1.895597,0.064821,-0.0425,-0.017133,0.950381,-0.307696,1.480763,1.785152,0.973048,jog
29,0.241667,0.018919,-0.019255,-0.89765,0.439882,1.628533,1.682574,0.06437,-0.005292,0.069632,-0.991759,0.107409,1.440311,1.895636,0.064849,-0.043049,-0.017805,0.950438,-0.307406,1.480632,1.785505,0.97302,jog
30,0.25,0.018607,-0.019096,-0.897762,0.439674,1.628617,1.682608,0.064349,-0.005449,0.069421,-0.991763,0.107508,1.440318,1.895691,0.064879,-0.043546,-0.018333,0.950443,-0.307287,1.480477,1.78582,0.973013,jog
31,0.258333,0.018285,-0.019002,-0.897836,0.43954,1.628696,1.682648,0.064311,-0.005649,0.069059,-0.991782,0.107548,1.440336,1.895759,0.064898,-0.044134,-0.018873,0.950504,-0.306983,1.480293,1.786222,0.97296,jog
32,0.266667,0.018056,-0.018973,-0.897933,0.439352,1.62878,1.682681,0.064281,-0.00585,0.070515,-0.991542,0.108799,1.440261,1.896157,0.064905,-0.04484,-0.019575,0.950588,-0.306576,1.480098,1.786648,0.972887,jog
33,0.275,0.017817,-0.018991,-0.89799,0.439245,1.628851,1.682739,0.064249,-0.006274,0.070364,-0.991507,0.109196,1.440288,1.896267,0.064928,-0.045366,-0.02024,0.950595,-0.306433,1.479791,1.787072,0.972793,jog
34,0.283333,0.017594,-0.019173,-0.898052,0.439118,1.628915,1.682792,0.064203,-0.006896,0.070165,-0.991467,0.109643,1.440321,1.896378,0.064913,-0.045834,-0.020894,0.950574,-0.306386,1.479459,1.787538,0.972695,jog
35,0.291667,0.017321,-0.019132,-0.898091,0.439052,1.628987,1.682846,0.064174,-0.007322,0.069308,-0.991454,0.110285,1.440322,1.896509,0.064884,-0.04644,-0.021549,0.950573,-0.306251,1.479089,1.787997,0.9726,jog
36,0.3,0.017184,-0.019315,-0.898129,0.438972,1.629056,1.682915,0.064148,-0.00813,0.068856,-0.991466,0.110398,1.44036,1.896661,0.064885,-0.046921,-0.022092,0.950586,-0.306099,1.478691,1.78847,0.972501,jog
37,0.308333,0.017019,-0.019344,-0.898183,0.438867,1.629111,1.682952,0.064128,-0.008932,0.068723,-0.991435,0.110695,1.440432,1.8968,0.064912,-0.04756,-0.022899,0.950502,-0.306201,1.478104,1.788882,0.972386,jog
38,0.316667,0.016844,-0.019563,-0.8982,0.438829,1.629173,1.683001,0.0641,-0.009742,0.068535,-0.99141,0.11097,1.440504,1.896924,0.064954,-0.048039,-0.023699,0.950357,-0.306517,1.477374,1.789278,0.972265,jog
39,0.325,0.016582,-0.019515,-0.898243,0.438752,1.629235,1.683049,0.064077,-0.010675,0.068178,-0.991426,0.110965,1.440574,1.897063,0.064977,-0.049058,-0.024342,0.950339,-0.30636,1.4767,1.789723,0.972099,jog
40,0.333333,0.016353,-0.019349,-0.898273,0.438706,1.629296,1.68308,0.06409,-0.011525,0.067447,-0.991486,0.110788,1.440675,1.897186,0.06507,-0.049397,-0.025134,0.950091,-0.307011,1.475755,1.790132,0.97191,jog
41,0.341667,0.016018,-0.019019,-0.898204,0.438876,1.629388,1.68311,0.064106,-0.012379,0.066584,-0.991602,0.11018,1.440775,1.897216,0.065196,-0.049965,-0.025611,0.949943,-0.307338,1.474906,1.790508,0.971742,jog
42,0.35,0.015671,-0.018644,-0.898094,0.439128,1.629504,1.683092,0.064155,-0.012954,0.065242,-0.991715,0.109899,1.441226,1.897273,0.065226,-0.050375,-0.025938,0.949721,-0.307929,1.47395,1.790729,0.97165,jog
43,0.358333,0.015272,-0.018079,-0.897974,0.439412,1.629612,1.68311,0.06418,-0.013592,0.064009,-0.991898,0.108889,1.441524,1.897311,0.065342,-0.050915,-0.026726,0.949486,-0.308495,1.47282,1.791006,0.971478,jog
44,0.366667,0.01505,-0.017844,-0.897894,0.439593,1.629689,1.683117,0.06422,-0.015781,0.064297,-0.991916,0.108259,1.441767,1.897336,0.065722,-0.051694,-0.027636,0.949274,-0.30894,1.471638,1.79134,0.971334,jog
45,0.375,0.014867,-0.017694,-0.897792,0.439813,1.629755,1.683155,0.064257,-0.017886,0.065149,-0.99196,0.107008,1.441903,1.897629,0.065895,-0.052371,-0.027935,0.949068,-0.309431,1.470498,1.791662,0.971158,jog
46,0.383333,0.014629,-0.017555,-0.897674,0.440067,1.629827,1.683184,0.064298,-0.019156,0.0652,-0.992133,0.105144,1.442042,1.897999,0.066156,-0.053021,-0.028181,0.94888,-0.309874,1.469258,1.791956,0.970996,jog
47,0.391667,0.01456,-0.017356,-0.897691,0.440043,1.629912,1.683121,0.064369,-0.020795,0.065262,-0.992378,0.10244,1.442108,1.898558,0.066484,-0.053402,-0.028422,0.948711,-0.310303,1.468039,1.792249,0.97083,jog
48,0.4,0.014433,-0.017416,-0.897624,0.440182,1.629961,1.68317,0.064401,-0.021701,0.06465,-0.992715,0.099333,1.442156,1.899101,0.066759,-0.054003,-0.028562,0.948582,-0.310581,1.466759,1.792488,0.97073,jog
49,0.408333,0.014451,-0.01771,-0.897594,0.440229,1.629999,1.683241,0.064447,-0.022574,0.063818,-0.992925,0.097564,1.4422,1.899836,0.067111,-0.054722,-0.028747,0.948475,-0.310764,1.465268,1.792793,0.970582,jog
50,0.416667,0.014203,-0.017777,-0.897621,0.440181,1.630032,1.683332,0.064497,-0.024615,0.058515,-0.993283,0.096744,1.442006,1.900773,0.066885,-0.055448,-0.028991,0.948373,-0.310925,1.463806,1.793116,0.970368,jog
51,0.425,0.014338,-0.018305,-0.897669,0.440057,1.630041,1.683434,0.064531,-0.02639,0.062935,-0.993095,0.095425,1.442178,1.901374,0.067479,-0.055895,-0.028314,0.94873,-0.309816,1.461599,1.793285,0.970304,jog
52,0.433333,0.014033,-0.018241,-0.897779,0.439844,1.629834,1.68356,0.064632,-0.027484,0.061579,-0.993192,0.094992,1.442212,1.901769,0.067619,-0.055958,-0.027082,0.948723,-0.309937,1.459882,1.793368,0.970355,jog
53,0.441667,0.01414,-0.018658,-0.897905,0.439565,1.629813,1.683687,0.06469,-0.029888,0.057965,-0.993404,0.094318,1.442231,1.902059,0.067592,-0.056431,-0.027066,0.948553,-0.31037,1.458275,1.793524,0.970231,jog
54,0.45,0.014755,-0.019605,-0.897904,0.439508,1.629829,1.683805,0.064713,-0.031516,0.05633,-0.993503,0.09373,1.442319,1.902379,0.067716,-0.057144,-0.027805,0.948349,-0.310799,1.456559,1.793757,0.969961,jog
55,0.458333,0.0155,-0.020729,-0.897684,0.439879,1.629869,1.683889,0.064767,-0.033761,0.053417,-0.993512,0.094554,1.442591,1.902258,0.068018,-0.057647,-0.028376,0.948159,-0.311232,1.454779,1.793909,0.969814,jog
56,0.466667,0.016389,-0.021878,-0.897598,0.439967,1.629856,1.684026,0.06477,-0.035034,0.052637,-0.993594,0.093663,1.44271,1.902516,0.068161,-0.057243,-0.029237,0.947735,-0.312517,1.452739,1.793702,0.969906,jog
57,0.475,0.017199,-0.023057,-0.897517,0.44004,1.629837,1.684196,0.064747,-0.035749,0.052395,-0.99367,0.092718,1.442791,1.902817,0.068251,-0.057566,-0.02931,0.947671,-0.312643,1.450564,1.793873,0.969756,jog
58,0.483333,0.018047,-0.024278,-0.897427,0.440125,1.629812,1.684355,0.064765,-0.036814,0.051489,-0.993688,0.092617,1.44288,1.902955,0.06841,-0.05824,-0.029274,0.947698,-0.31244,1.448483,1.794104,0.969632,jog
59,0.491667,0.018994,-0.025647,-0.897316,0.440234,1.629788,1.684501,0.064787,-0.037686,0.051059,-0.99377,0.091621,1.442971,1.90319,0.068561,-0.058997,-0.02932,0.947681,-0.312347,1.446167,1.794405,0.969396,jog
60,0.5,0.020155,-0.027115,-0.897224,0.440282,1.629704,1.684695,0.064795,-0.038891,0.050468,-0.993831,0.090778,1.443071,1.903369,0.068715,-0.059795,-0.029464,0.94769,-0.312155,1.443861,1.794576,0.9692,jog
61,0.508333,0.021547,-0.028967,-0.897161,0.440226,1.629615,1.68491,0.064809,-0.040061,0.050089,-0.993894,0.08978,1.443214,1.903548,0.068831,-0.060563,-0.029396,0.947666,-0.312086,1.441474,1.794829,0.968956,jog
62,0.516667,0.023197,-0.031101,-0.897136,0.440046,1.62943,1.685147,0.064851,-0.041189,0.049804,-0.993952,0.088787,1.443383,1.903721,0.068974,-0.06198,-0.030318,0.947404,-0.312513,1.438874,1.795482,0.968435,jog
63,0.525,0.025498,-0.0336,-0.896957,0.440101,1.629239,1.685356,0.064968,-0.042414,0.048815,-0.994029,0.087895,1.443608,1.903905,0.069048,-0.063547,-0.029659,0.94706,-0.313303,1.4364,1.795597,0.968025,jog
64,0.533333,0.028292,-0.036653,-0.896786,0.440035,1.628947,1.685503,0.065131,-0.043262,0.04773,-0.994044,0.087906,1.443845,1.903994,0.069064,-0.065692,-0.028567,0.946918,-0.313392,1.434034,1.795499,0.967626,jog
65,0.541667,0.032659,-0.038539,-0.896966,0.439205,1.628469,1.685465,0.065507,-0.044078,0.047725,-0.994065,0.087264,1.443981,1.904217,0.069066,-0.067783,-0.027623,0.946602,-0.313987,1.431622,1.795564,0.967015,jog
66,0.55,0.037202,-0.041789,-0.896432,0.439635,1.627915,1.685399,0.065848,-0.044281,0.048435,-0.994074,0.08666,1.444002,1.904495,0.068978,-0.068937,-0.027604,0.946161,-0.315063,1.429295,1.795594,0.966305,jog
67,0.558333,0.042653,-0.044513,-0.895587,0.440594,1.627329,1.685218,0.066491,-0.044218,0.0479,-0.99417,0.085884,1.444005,1.904654,0.068866,-0.069969,-0.028225,0.945493,-0.316782,1.426864,1.795436,0.96555,jog
68,0.566667,0.047453,-0.046152,-0.893691,0.443774,1.626506,1.685239,0.067272,-0.044216,0.047082,-0.994243,0.08549,1.444064,1.904873,0.068767,-0.071085,-0.027938,0.94491,-0.318296,1.424356,1.795159,0.965032,jog
69,0.575,0.053096,-0.043792,-0.892591,0.445583,1.625685,1.685301,0.068646,-0.044009,0.045499,-0.994316,0.085603,1.444148,1.90505,0.068717,-0.072663,-0.028078,0.944156,-0.320158,1.421921,1.794862,0.964317,jog
70,0.583333,0.059302,-0.040856,-0.891604,0.447054,1.624288,1.685357,0.070265,-0.043393,0.046212,-0.994177,0.08714,1.443835,1.905883,0.06864,-0.073779,-0.027977,0.943483,-0.32189,1.419409,1.79426,0.963644,jog
71,0.591667,0.069971,-0.036236,-0.889126,0.450828,1.621881,1.685503,0.072778,-0.042518,0.045294,-0.994047,0.089508,1.4436,1.906285,0.068538,-0.074348,-0.02845,0.942578,-0.324361,1.416828,1.793563,0.962783,jog
72,0.6,0.079958,-0.018558,-0.887736,0.452977,1.618682,1.684739,0.076649,-0.041671,0.044832,-0.993953,0.091164,1.443505,1.906507,0.068479,-0.074198,-0.026969,0.94196,-0.326311,1.414292,1.792737,0.96209,jog
73,0.608333,0.092195,-0.018112,-0.88514,0.455741,1.61585,1.685377,0.079613,-0.039746,0.04642,-0.993863,0.09221,1.443862,1.906778,0.068657,-0.072299,-0.02382,0.941868,-0.327245,1.41122,1.791448,0.96159,jog
74,0.616667,0.103441,-0.01948,-0.882445,0.458487,1.612165,1.686186,0.082545,-0.038887,0.043699,-0.993932,0.093154,1.444097,1.90657,0.068419,-0.069301,-0.021696,0.941813,-0.3282,1.408332,1.790195,0.960762,jog
75,0.625,0.112489,-0.023577,-0.879917,0.461017,1.60851,1.687161,0.085572,-0.036349,0.046283,-0.993972,0.092498,1.444883,1.90684,0.068489,-0.073303,-0.020711,0.941112,-0.329402,1.405421,1.788985,0.960525,jog
76,0.633333,0.122953,-0.029246,-0.877645,0.462349,1.605003,1.68838,0.089071,-0.036363,0.045915,-0.993901,0.093442,1.444952,1.906909,0.068351,-0.075056,-0.018903,0.940598,-0.330583,1.40254,1.787705,0.960176,jog
77,0.641667,0.129784,-0.029224,-0.878603,0.458649,1.599752,1.689594,0.092553,-0.037987,0.045624,-0.993853,0.093444,1.445051,1.906916,0.068047,-0.076118,-0.015807,0.940014,-0.33216,1.399507,1.786355,0.960189,jog
78,0.65,0.135948,-0.028196,-0.879854,0.454512,1.593188,1.690624,0.095954,-0.039167,0.044247,-0.99378,0.094388,1.445119,1.906877,0.067744,-0.078377,-0.015288,0.939298,-0.333681,1.39649,1.785164,0.959637,jog
79,0.658333,0.141278,-0.024016,-0.881041,0.450812,1.585708,1.691425,0.099396,-0.042801,0.044004,-0.993667,0.094119,1.444832,1.906741,0.067234,-0.080909,-0.01397,0.938689,-0.334846,1.393372,1.783659,0.959514,jog
80,0.666667,0.144586,-0.018773,-0.881019,0.450053,1.577424,1.691992,0.102759,-0.042593,0.042548,-0.993647,0.095082,1.444801,1.906738,0.067034,-0.083493,-0.014034,0.938143,-0.335737,1.390294,1.782225,0.95913,jog
81,0.675,0.147429,-0.008862,-0.882752,0.446022,1.566579,1.690994,0.107064,-0.041525,0.042822,-0.993592,0.096004,1.444707,1.906809,0.066804,-0.08565,-0.011447,0.937778,-0.336311,1.387067,1.780709,0.959281,jog
82,0.683333,0.147854,-0.002003,-0.881781,0.447881,1.556612,1.690512,0.109896,-0.041092,0.035208,-0.99375,0.097633,1.444132,1.906786,0.06599,-0.087878,-0.007025,0.937496,-0.336645,1.383573,1.778993,0.959904,jog
83,0.691667,0.149769,-0.001598,-0.882204,0.446411,1.546187,1.68995,0.111969,-0.039182,0.035918,-0.993782,0.097832,1.443945,1.906896,0.065664,-0.090548,-0.004045,0.93706,-0.337198,1.380048,1.777466,0.960239,jog
84,0.7,0.14837,0.004157,-0.882221,0.446828,1.534518,1.688713,0.113647,-0.042301,0.037028,-0.993258,0.10138,1.444401,1.907552,0.065285,-0.094797,-0.005764,0.936415,-0.337796,1.376658,1.775879,0.959589,jog
85,0.708333,0.147878,0.006849,-0.882353,0.446698,1.522221,1.687171,0.114858,-0.041591,0.037637,-0.9931,0.102982,1.444084,1.907706,0.064997,-0.097354,-0.006568,0.936022,-0.338144,1.373194,1.774108,0.959463,jog
86,0.716667,0.145787,0.010128,-0.882068,0.447884,1.510333,1.685303,0.115299,-0.039069,0.043608,-0.992988,0.1027,1.444213,1.907957,0.065179,-0.099995,-0.006785,0.935651,-0.338396,1.369578,1.772346,0.959096,jog
87,0.725,0.14237,0.006017,-0.882447,0.448309,1.498667,1.683202,0.115047,-0.036995,0.043371,-0.993288,0.100643,1.443999,1.908153,0.064776,-0.102563,-0.006084,0.935348,-0.338479,1.365771,1.770351,0.959045,jog
88,0.733333,0.137641,0.014828,-0.882263,0.449941,1.482555,1.678294,0.115965,-0.038408,0.040891,-0.993586,0.098178,1.44409,1.908122,0.063795,-0.103878,-0.006449,0.935249,-0.338344,1.362147,1.768403,0.958516,jog
89,0.741667,0.127796,0.039554,-0.876732,0.462,1.466951,1.673203,0.116761,-0.038463,0.04308,-0.993629,0.096785,1.444038,1.908136,0.06326,-0.109776,-0.001678,0.935283,-0.336442,1.357504,1.76587,0.95899,jog
90,0.75,0.118557,0.031705,-0.874723,0.468828,1.452311,1.669117,0.114823,-0.036942,0.044073,-0.993637,0.096843,1.443987,1.908014,0.063251,-0.11092,-0.003506,0.934982,-0.336887,1.354004,1.763998,0.9581,jog
91,0.758333,0.105067,0.048007,-0.87054,0.478347,1.435928,1.664204,0.113071,-0.032658,0.038688,-0.993823,0.098759,1.443938,1.908156,0.063339,-0.111738,-0.000487,0.934786,-0.337178,1.350059,1.761894,0.958021,jog
92,0.766667,0.093205,0.051157,-0.867166,0.486539,1.420335,1.658286,0.111408,-0.030721,0.039601,-0.994091,0.096289,1.443823,1.908432,0.063048,-0.114898,-0.001537,0.934328,-0.337382,1.346013,1.759772,0.956796,jog
93,0.775,0.090433,0.04632,-0.867724,0.486551,1.405669,1.650799,0.110236,-0.027554,0.043625,-0.99407,0.095724,1.443341,1.908118,0.063352,-0.115478,-0.00457,0.933801,-0.338614,1.342013,1.757583,0.955085,jog
94,0.783333,0.085977,0.035295,-0.872296,0.480065,1.39151,1.642954,0.108043,-0.022368,0.051715,-0.99404,0.093329,1.442999,1.907453,0.063629,-0.117978,-0.003268,0.93365,-0.338183,1.337625,1.754865,0.954186,jog
95,0.791667,0.077762,0.025192,-0.876265,0.474846,1.376325,1.634981,0.105723,-0.017927,0.056843,-0.994009,0.091618,1.442577,1.907207,0.064005,-0.117201,-0.006317,0.93334,-0.339266,1.333568,1.752163,0.952224,jog
96,0.8,0.076567,0.02225,-0.877279,0.473311,1.360334,1.625484,0.104823,-0.016302,0.060791,-0.994126,0.088043,1.443173,1.907251,0.063828,-0.120517,-0.004247,0.932635,-0.340074,1.328762,1.749619,0.95116,jog
97,0.808333,0.061576,0.021889,-0.87399,0.48153,1.343247,1.617023,0.102461,-0.012928,0.062306,-0.994415,0.084197,1.443245,1.907154,0.063905,-0.116713,0.000288,0.932786,-0.341012,1.324076,1.746766,0.950237,jog
98,0.816667,0.050766,0.02368,-0.874259,0.482217,1.327504,1.608323,0.100752,-0.011464,0.059338,-0.994618,0.084159,1.443104,1.90651,0.063696,-0.118744,-0.004341,0.931929,-0.342622,1.319558,1.743577,0.947948,jog
99,0.825,0.036567,0.024607,-0.874358,0.483277,1.311062,1.599567,0.09834,-0.008192,0.060625,-0.994641,0.083347,1.442832,1.906129,0.063772,-0.120254,-0.003657,0.93143,-0.343459,1.314348,1.740541,0.94615,jog
100,0.833333,0.027226,0.028537,-0.874381,0.483635,1.29553,1.589877,0.097362,-0.00593,0.062547,-0.994641,0.082114,1.442724,1.905934,0.063974,-0.122542,-0.012542,0.931088,-0.343367,1.310188,1.736945,0.943402,jog
101,0.841667,0.016087,0.031052,-0.875403,0.482128,1.278989,1.579863,0.095807,-0.003082,0.065191,-0.994639,0.080218,1.442809,1.905681,0.06412,-0.122359,-0.014646,0.93073,-0.344319,1.30505,1.733,0.941358,jog
102,0.85,0.00564,0.033023,-0.877128,0.479087,1.263258,1.569634,0.09456,-0.000626,0.066769,-0.994644,0.078902,1.442913,1.905496,0.064242,-0.12332,-0.020538,0.930482,-0.344346,1.299704,1.728998,0.938443,jog
103,0.858333,-0.006147,0.05521,-0.876447,0.478284,1.245761,1.557617,0.095631,0.001817,0.067443,-0.994671,0.077965,1.443023,1.905352,0.064365,-0.128556,-0.016361,0.930914,-0.341474,1.293144,1.724301,0.938235,jog
104,0.866667,-0.015606,0.056367,-0.874469,0.481543,1.229927,1.546502,0.094875,0.003854,0.067986,-0.99468,0.077298,1.44308,1.905182,0.064465,-0.122523,-0.021475,0.929874,-0.34621,1.289403,1.721123,0.934745,jog
105,0.875,-0.026331,0.055966,-0.875717,0.478847,1.215264,1.535914,0.094136,0.005649,0.068197,-0.994677,0.077041,1.443118,1.904976,0.064539,-0.128433,-0.016907,0.930255,-0.343285,1.282209,1.71758,0.933827,jog
106,0.883333,-0.03641,0.062082,-0.876835,0.475374,1.200189,1.524932,0.094082,0.008563,0.069086,-0.994459,0.07877,1.443101,1.905453,0.064959,-0.12273,-0.022379,0.929612,-0.346782,1.278082,1.714161,0.930108,jog
107,0.891667,-0.044334,0.064745,-0.87823,0.471756,1.185737,1.513986,0.09397,0.010127,0.070368,-0.99441,0.07807,1.443292,1.905197,0.064957,-0.130123,-0.018188,0.929811,-0.343786,1.270855,1.710168,0.929035,jog
108,0.9,-0.052677,0.044259,-0.879053,0.471734,1.171903,1.502016,0.092795,0.012431,0.071684,-0.994208,0.079102,1.44326,1.905345,0.065234,-0.126715,-0.022415,0.929717,-0.345062,1.265944,1.705352,0.925734,jog
109,0.908333,-0.061747,0.041642,-0.879907,0.469274,1.158079,1.490772,0.092641,0.015376,0.071859,-0.993921,0.081983,1.443047,1.90602,0.065388,-0.131476,-0.021421,0.929823,-0.343053,1.259149,1.702014,0.923404,jog
110,0.916667,-0.068805,0.037866,-0.880713,0.467094,1.145426,1.479601,0.092449,0.017876,0.073209,-0.993634,0.083743,1.443002,1.906392,0.065694,-0.129128,-0.012321,0.931075,-0.340988,1.252774,1.698264,0.922408,jog
111,0.925,-0.074812,0.032714,-0.881827,0.46445,1.132603,1.468507,0.092151,0.020598,0.075014,-0.993271,0.085798,1.442955,1.906834,0.066008,-0.132591,-0.006569,0.931768,-0.337912,1.246085,1.69389,0.921297,jog
112,0.933333,-0.079472,0.028927,-0.883097,0.461504,1.120074,1.457544,0.092149,0.023867,0.077712,-0.99273,0.088761,1.442976,1.907442,0.06634,-0.135017,-0.003909,0.932074,-0.336144,1.239274,1.689284,0.91997,jog
113,0.941667,-0.08184,0.02301,-0.885639,0.456527,1.107807,1.446996,0.092204,0.028349,0.082586,-0.991897,0.092281,1.442312,1.907864,0.067056,-0.137472,-0.005392,0.933167,-0.332073,1.2327,1.684427,0.916901,jog
114,0.95,-0.086351,0.02958,-0.888816,0.449082,1.095808,1.436843,0.092758,0.03168,0.080975,-0.991749,0.094199,1.441914,1.908551,0.067602,-0.142501,-0.003843,0.9338,-0.328172,1.225733,1.679749,0.915154,jog
115,0.958333,-0.093353,0.036541,-0.891299,0.442195,1.084028,1.427161,0.093072,0.034017,0.082765,-0.991304,0.096483,1.441345,1.909104,0.068146,-0.1452,-0.006029,0.93436,-0.325349,1.21861,1.674276,0.913455,jog
116,0.966667,-0.100434,0.037715,-0.893048,0.436984,1.073006,1.417028,0.093387,0.037879,0.083302,-0.990855,0.099155,1.440793,1.909524,0.068883,-0.153524,-0.002029,0.935192,-0.319126,1.211178,1.669554,0.91231,jog
117,0.975,-0.105497,0.035203,-0.896235,0.429411,1.062161,1.407643,0.093103,0.04228,0.082564,-0.990757,0.09898,1.441122,1.910054,0.069077,-0.150996,-0.001229,0.937404,-0.313803,1.204542,1.664244,0.910599,jog
118,0.983333,-0.10801,0.035699,-0.899446,0.421966,1.05161,1.398671,0.093055,0.050477,0.083149,-0.990061,0.101579,1.440446,1.910577,0.070477,-0.153967,0.000109,0.93873,-0.308352,1.197044,1.658929,0.909883,jog
119,0.991667,-0.113514,0.03534,-0.900492,0.418306,1.041306,1.390282,0.092423,0.058758,0.083384,-0.989395,0.103403,1.439713,1.910912,0.071874,-0.159036,0.000371,0.939323,-0.303942,1.189665,1.653491,0.908384,jog
120,1.0,-0.11372,0.033387,-0.903518,0.411835,1.031465,1.382505,0.091414,0.066199,0.085019,-0.988747,0.103775,1.438941,1.911003,0.073326,-0.163005,-0.00037,0.939911,-0.299995,1.182369,1.64801,0.907457,jog
121,1.008333,-0.115057,0.030628,-0.906753,0.404502,1.022539,1.374768,0.090298,0.077228,0.085826,-0.98771,0.105353,1.437976,1.91118,0.075098,-0.162263,-0.0062,0.940491,-0.298512,1.174341,1.640133,0.907286,jog
122,1.016667,-0.116916,0.026887,-0.909721,0.397512,1.01414,1.36761,0.088842,0.088457,0.079995,-0.987312,0.104838,1.436935,1.910909,0.076316,-0.164,0.000568,0.942115,-0.292444,1.165929,1.634532,0.906007,jog
123,1.025,-0.118073,0.026544,-0.910678,0.394993,1.006234,1.361113,0.087231,0.103641,0.078236,-0.985987,0.10472,1.436029,1.91093,0.078311,-0.165976,0.001946,0.941357,-0.293761,1.155981,1.627476,0.907912,jog
124,1.033333,-0.118914,0.025518,-0.91219,0.391304,0.999103,1.355163,0.085236,0.120383,0.075821,-0.984161,0.105767,1.434877,1.910984,0.080336,-0.163417,0.014936,0.942786,-0.290217,1.146151,1.620461,0.911101,jog
125,1.041667,-0.117253,0.021562,-0.913518,0.388936,0.992652,1.349978,0.082751,0.134531,0.071523,-0.982745,0.104876,1.43353,1.910638,0.082133,-0.176995,-0.000469,0.940934,-0.288644,1.138697,1.612733,0.907321,jog
126,1.05,-0.113641,0.019429,-0.914675,0.387399,0.987247,1.345535,0.080123,0.149506,0.070033,-0.980954,0.102335,1.432288,1.910332,0.084554,-0.183917,-0.007781,0.940754,-0.284774,1.13109,1.603906,0.904993,jog
127,1.058333,-0.102753,0.013974,-0.915228,0.389364,0.982942,1.342765,0.076883,0.168839,0.07328,-0.977565,0.102417,1.430728,1.910024,0.087543,-0.187665,-0.012164,0.940129,-0.28424,1.121694,1.595614,0.904522,jog
128,1.066667,-0.088277,0.011494,-0.916857,0.389164,0.979921,1.341641,0.073658,0.192253,0.071947,-0.973586,0.099959,1.429386,1.909762,0.090414,-0.193393,-0.01306,0.939075,-0.283842,1.112295,1.586411,0.905145,jog
129,1.075,-0.071224,0.003217,-0.918701,0.388466,0.978542,1.343553,0.07027,0.213475,0.071771,-0.969386,0.097818,1.427653,1.909277,0.093597,-0.194524,-0.015404,0.939523,-0.281459,1.103299,1.57712,0.904943,jog
130,1.083333,-0.048533,-0.00186,-0.919284,0.390587,0.978518,1.346188,0.06772,0.241746,0.061261,-0.964724,0.084338,1.426228,1.907557,0.096903,-0.18363,-0.008592,0.942929,-0.277652,1.091702,1.567693,0.906291,jog
131,1.091667,-0.039084,-7.6e-05,-0.920251,0.389372,0.979832,1.349619,0.066105,0.263223,0.063198,-0.959258,0.080899,1.423614,1.906613,0.099917,-0.192303,-0.008879,0.941808,-0.27557,1.08129,1.559466,0.90678,jog
132,1.1,-0.030289,-3.6e-05,-0.921881,0.386287,0.981073,1.353167,0.064249,0.28329,0.065256,-0.953668,0.077502,1.420853,1.90561,0.102761,-0.194936,-0.010856,0.941242,-0.275583,1.072053,1.550405,0.906495,jog
133,1.108333,-0.021819,-0.001838,-0.923652,0.382606,0.981983,1.355967,0.062026,0.309881,0.061923,-0.946069,0.071361,1.418205,1.904413,0.105366,-0.195728,-0.0126,0.941113,-0.275387,1.062702,1.541333,0.906151,jog
134,1.116667,-0.012774,-0.003135,-0.925636,0.378186,0.982326,1.35748,0.060171,0.33255,0.065591,-0.93836,0.067745,1.414776,1.902783,0.10821,-0.190145,-0.010283,0.942107,-0.275995,1.053416,1.532675,0.906144,jog
135,1.125,-0.005465,-0.017139,-0.927159,0.374237,0.98183,1.357204,0.058436,0.355858,0.068783,-0.929931,0.062147,1.411318,1.900752,0.111134,-0.186929,-0.008894,0.94249,-0.276933,1.044192,1.523909,0.906238,jog
136,1.133333,0.000884,-0.018543,-0.927622,0.37306,0.980613,1.356396,0.057696,0.386112,0.074718,-0.918313,0.045119,1.408019,1.897611,0.114368,-0.188112,-0.012196,0.941644,-0.278876,1.034894,1.514768,0.905506,jog
137,1.141667,0.007611,-0.020832,-0.927553,0.373032,0.9793,1.355398,0.057144,0.410345,0.079147,-0.907736,0.036991,1.403913,1.894891,0.117198,-0.186618,-0.012681,0.941308,-0.280985,1.025832,1.505979,0.905282,jog
138,1.15,0.015824,-0.026001,-0.927668,0.372164,0.978237,1.355371,0.056333,0.43532,0.083478,-0.895999,0.026716,1.399837,1.891873,0.120358,-0.187486,-0.015079,0.940802,-0.281983,1.016601,1.496457,0.904875,jog
139,1.158333,0.022181,-0.028731,-0.927954,0.370922,0.977421,1.355635,0.05589,0.467646,0.081701,-0.880029,0.013464,1.395502,1.888875,0.123081,-0.192,-0.021519,0.94017,-0.280629,1.006694,1.486564,0.903285,jog
140,1.166667,0.024513,-0.030878,-0.927399,0.37199,0.977396,1.356109,0.055634,0.494624,0.081289,-0.865295,-0.001981,1.390806,1.885034,0.127819,-0.191241,-0.018411,0.94001,-0.281901,0.997249,1.477282,0.903724,jog
141,1.175,0.024155,-0.031718,-0.925704,0.376142,0.977722,1.356527,0.055434,0.520305,0.078844,-0.850252,-0.011732,1.385122,1.880223,0.133728,-0.189965,-0.017763,0.938318,-0.28837,0.990097,1.469139,0.903578,jog
142,1.183333,0.025154,-0.030837,-0.927378,0.372004,0.979032,1.356022,0.056016,0.541177,0.078594,-0.837016,-0.018839,1.378216,1.873955,0.140805,-0.191578,-0.018046,0.937272,-0.290676,0.981098,1.460015,0.903118,jog
143,1.191667,0.026277,-0.032412,-0.92706,0.372584,0.978975,1.356231,0.055919,0.549856,0.082894,-0.8307,-0.026898,1.369563,1.865556,0.149374,-0.182401,-0.002943,0.939178,-0.290973,0.971177,1.451577,0.904975,jog
144,1.2,0.02727,-0.032684,-0.92691,0.372863,0.978645,1.356264,0.055749,0.541178,0.097183,-0.834369,-0.038859,1.358748,1.855758,0.159286,-0.183522,0.002606,0.938787,-0.291533,0.961418,1.44219,0.905207,jog
145,1.208333,0.028467,-0.03264,-0.926983,0.372594,0.978462,1.35602,0.055674,0.556945,0.097777,-0.822838,-0.056479,1.345753,1.843769,0.167221,-0.185438,0.001393,0.937682,-0.293876,0.953514,1.433036,0.903909,jog
146,1.216667,0.029472,-0.032732,-0.927076,0.372277,0.978617,1.355683,0.055716,0.574035,0.105457,-0.81045,-0.050341,1.328339,1.829207,0.17356,-0.184096,0.008004,0.937693,-0.294577,0.94446,1.424371,0.903351,jog
147,1.225,0.030591,-0.032158,-0.927062,0.372271,0.978863,1.355544,0.055778,0.559389,0.110027,-0.820508,-0.041766,1.309067,1.812626,0.179311,-0.183351,0.013552,0.937306,-0.296068,0.935264,1.415063,0.903069,jog
148,1.233333,0.031591,-0.032661,-0.926482,0.373586,0.978973,1.35541,0.055817,0.561135,0.101975,-0.820394,-0.041022,1.288663,1.79491,0.183257,-0.183974,0.017997,0.93707,-0.296193,0.926225,1.406006,0.902115,jog
149,1.241667,0.033155,-0.023948,-0.926406,0.3743,0.978924,1.35594,0.056404,0.565049,0.121642,-0.815489,-0.030007,1.263746,1.775694,0.187425,-0.189319,0.024231,0.93537,-0.297747,0.916953,1.396913,0.901351,jog
150,1.25,0.034087,-0.021526,-0.926371,0.374449,0.978901,1.355867,0.056609,0.567901,0.102947,-0.816075,-0.030214,1.24077,1.756245,0.187808,-0.182865,0.022624,0.935564,-0.301278,0.908613,1.388277,0.899893,jog
151,1.258333,0.034199,-0.018058,-0.926154,0.375158,0.978871,1.355757,0.056842,0.557432,0.107881,-0.822957,-0.019326,1.214118,1.736218,0.189085,-0.177139,0.018408,0.933951,-0.30987,0.898874,1.37913,0.897796,jog
152,1.266667,0.035065,-0.015032,-0.925776,0.376143,0.978874,1.355544,0.05696,0.550168,0.130279,-0.824748,0.011566,1.181977,1.713512,0.191311,-0.158921,0.019059,0.935583,-0.314747,0.890894,1.370414,0.894815,jog
153,1.275,0.036632,-0.009154,-0.925583,0.376658,0.978861,1.355487,0.057275,0.525611,0.183101,-0.829087,0.053118,1.148877,1.68769,0.193577,-0.159901,0.020207,0.934576,-0.317161,0.881659,1.361698,0.89349,jog
154,1.283333,0.036671,0.001852,-0.925247,0.377585,0.97879,1.355863,0.057933,0.509127,0.197392,-0.83487,0.069421,1.117249,1.664637,0.193039,-0.154576,0.025118,0.934939,-0.318378,0.87188,1.352445,0.893646,jog
155,1.291667,0.037857,0.004971,-0.924609,0.379,0.978528,1.355903,0.058131,0.494601,0.192685,-0.844604,0.069911,1.087068,1.641923,0.191529,-0.15161,0.024078,0.93402,-0.322554,0.861097,1.342808,0.89398,jog
156,1.3,0.041398,0.011047,-0.925105,0.377287,0.978783,1.355821,0.058664,0.484227,0.179255,-0.854506,0.056678,1.058111,1.621293,0.188685,-0.159722,0.01485,0.930866,-0.328264,0.851748,1.334719,0.892059,jog
157,1.308333,0.042669,0.011187,-0.923918,0.380039,0.97846,1.35584,0.058419,0.454827,0.209577,-0.861607,0.082717,1.023245,1.593816,0.188159,-0.151689,-0.001333,0.926381,-0.344684,0.840711,1.324473,0.894022,jog
158,1.316667,0.044368,0.011772,-0.923139,0.381715,0.978171,1.355941,0.058441,0.434188,0.211678,-0.871866,0.080771,0.992733,1.571325,0.183991,-0.150147,-0.007809,0.924612,-0.349982,0.830713,1.315394,0.894643,jog
159,1.325,0.045144,0.017385,-0.921504,0.385343,0.977471,1.355657,0.058723,0.427079,0.23319,-0.868601,0.093584,0.954513,1.543216,0.182998,-0.146583,-0.015578,0.922047,-0.357911,0.821385,1.305847,0.89471,jog
160,1.333333,0.046747,0.010307,-0.922558,0.382877,0.978134,1.356162,0.058647,0.404249,0.233535,-0.878855,0.098276,0.920833,1.518409,0.179349,-0.150991,-0.020659,0.919657,-0.361947,0.81202,1.297402,0.894065,jog
161,1.341667,0.049584,0.006268,-0.922931,0.381707,0.978569,1.356575,0.058572,0.384898,0.229397,-0.888739,0.096818,0.887086,1.493413,0.174879,-0.144419,-0.023896,0.918223,-0.36802,0.800825,1.286558,0.895379,jog
162,1.35,0.051059,0.008353,-0.922524,0.382456,0.978529,1.356693,0.058833,0.361863,0.220556,-0.900434,0.098129,0.852822,1.467329,0.169779,-0.145143,-0.03136,0.916685,-0.370998,0.790484,1.277545,0.896242,jog
163,1.358333,0.055075,0.007346,-0.922822,0.381198,0.978702,1.357052,0.058871,0.333735,0.216945,-0.911539,0.103214,0.818106,1.441405,0.164104,-0.145504,-0.03817,0.913877,-0.377095,0.779029,1.266751,0.897078,jog
164,1.366667,0.060648,0.007755,-0.922278,0.381662,0.97853,1.356681,0.059088,0.308092,0.204316,-0.923099,0.105935,0.783304,1.413893,0.158556,-0.144273,-0.04438,0.912161,-0.381023,0.767126,1.256042,0.899302,jog
165,1.375,0.066428,0.007132,-0.921849,0.381747,0.978351,1.356192,0.059654,0.279289,0.198914,-0.932625,0.112435,0.749195,1.387408,0.151912,-0.141438,-0.049968,0.910945,-0.38429,0.754311,1.245358,0.901857,jog
166,1.383333,0.073151,0.006182,-0.921209,0.38208,0.978048,1.355448,0.060477,0.259033,0.188694,-0.940579,0.112281,0.713829,1.359598,0.145901,-0.140282,-0.055917,0.909435,-0.387455,0.741386,1.234097,0.905128,jog
167,1.391667,0.081188,0.004839,-0.920551,0.38206,0.977811,1.354495,0.062246,0.233445,0.170251,-0.949692,0.12084,0.678225,1.330055,0.140237,-0.137702,-0.060532,0.908947,-0.388831,0.728202,1.222794,0.908726,jog
168,1.4,0.09433,0.012671,-0.919245,0.382008,0.977195,1.353969,0.064804,0.21478,0.149941,-0.956563,0.127965,0.64314,1.300444,0.134749,-0.13533,-0.064621,0.908572,-0.389881,0.714703,1.211178,0.913004,jog
169,1.408333,0.11457,0.062476,-0.915655,0.380192,0.977013,1.35465,0.070589,0.194107,0.139713,-0.96153,0.135142,0.607461,1.271626,0.128277,-0.131012,-0.068229,0.908445,-0.391035,0.700816,1.19931,0.917841,jog
170,1.416667,0.133586,0.076263,-0.911595,0.381226,0.975696,1.353582,0.07469,0.168099,0.116837,-0.968049,0.144822,0.572845,1.242,0.122192,-0.131144,-0.070774,0.907388,-0.392987,0.686484,1.18715,0.922388,jog
171,1.425,0.155394,0.092837,-0.905946,0.382748,0.97415,1.352411,0.079401,0.154195,0.108125,-0.97031,0.15176,0.537881,1.211236,0.117091,-0.127042,-0.075081,0.907723,-0.392762,0.672287,1.175283,0.927677,jog
172,1.433333,0.181489,0.10901,-0.898131,0.385408,0.972333,1.350877,0.085086,0.130765,0.089077,-0.974299,0.160336,0.504067,1.180764,0.112266,-0.128251,-0.078932,0.907736,-0.391583,0.657846,1.163455,0.933241,jog
173,1.441667,0.212406,0.127403,-0.887708,0.388107,0.96999,1.349414,0.090328,0.113646,0.071562,-0.976715,0.167307,0.470647,1.151236,0.107121,-0.122606,-0.081732,0.908272,-0.391575,0.642762,1.150945,0.938616,jog
174,1.45,0.246217,0.142856,-0.875302,0.390917,0.967379,1.347545,0.09621,0.103817,0.055016,-0.978171,0.171398,0.438006,1.121992,0.102905,-0.121894,-0.08397,0.908815,-0.39006,0.627488,1.138446,0.944501,jog
175,1.458333,0.281695,0.153203,-0.862841,0.390745,0.964992,1.34559,0.102755,0.098193,0.032177,-0.978838,0.176633,0.40595,1.092917,0.098946,-0.120358,-0.086748,0.908175,-0.391418,0.611545,1.124866,0.95049,jog
176,1.466667,0.31729,0.167735,-0.846265,0.393734,0.96243,1.344061,0.109826,0.095478,0.013449,-0.978217,0.183835,0.375155,1.064879,0.095271,-0.11976,-0.087822,0.908763,-0.389992,0.59587,1.11211,0.955805,jog
177,1.475,0.361478,0.185379,-0.824532,0.393846,0.960852,1.343908,0.11661,0.095248,-0.003997,-0.976756,0.19199,0.345786,1.037679,0.09181,-0.119501,-0.088421,0.909474,-0.388275,0.58028,1.099161,0.960874,jog
178,1.483333,0.400649,0.203866,-0.801086,0.395197,0.958899,1.343247,0.125937,0.097244,-0.019911,-0.974899,0.199296,0.31804,1.011538,0.088898,-0.119147,-0.085725,0.910602,-0.386341,0.564444,1.086337,0.965036,jog
179,1.491667,0.432503,0.217076,-0.780709,0.395365,0.956831,1.342658,0.136938,0.097082,-0.045522,-0.972652,0.206038,0.2922,0.986182,0.085557,-0.118878,-0.083785,0.911755,-0.384123,0.548513,1.073348,0.9691,jog
180,1.5,0.460756,0.225452,-0.761734,0.395774,0.954348,1.341934,0.149565,0.101624,-0.064843,-0.970107,0.21062,0.269123,0.962697,0.083456,-0.119359,-0.082885,0.912917,-0.381401,0.532643,1.060354,0.972606,jog
181,1.508333,0.486804,0.223522,-0.745588,0.396432,0.951411,1.339833,0.163717,0.104004,-0.081861,-0.967871,0.213795,0.248141,0.94128,0.082191,-0.11998,-0.080994,0.914256,-0.378393,0.516877,1.047517,0.97526,jog
182,1.516667,0.517562,0.242183,-0.717669,0.398031,0.947771,1.338275,0.176999,0.105269,-0.097238,-0.96602,0.2151,0.229395,0.921643,0.081106,-0.120907,-0.079306,0.915547,-0.375322,0.501087,1.03462,0.97737,jog
183,1.525,0.545341,0.244612,-0.697783,0.394801,0.94365,1.335452,0.191514,0.103794,-0.109287,-0.965212,0.213657,0.212871,0.904205,0.080175,-0.120482,-0.07697,0.917264,-0.371734,0.485476,1.021833,0.978814,jog
184,1.533333,0.566683,0.24945,-0.678922,0.3946,0.938079,1.330918,0.207296,0.100278,-0.117937,-0.96521,0.210723,0.198345,0.888821,0.078819,-0.119198,-0.075042,0.919067,-0.368071,0.469842,1.009102,0.980027,jog
185,1.541667,0.585221,0.255994,-0.664087,0.388551,0.930529,1.325619,0.224537,0.094511,-0.126287,-0.965811,0.205739,0.185879,0.875677,0.076687,-0.118754,-0.073887,0.92051,-0.364828,0.454136,0.996287,0.980348,jog
186,1.55,0.607785,0.243653,-0.658998,0.370071,0.921746,1.319622,0.24208,0.088881,-0.133718,-0.966832,0.198635,0.175449,0.864737,0.073676,-0.116899,-0.072229,0.922229,-0.361403,0.438733,0.983695,0.979568,jog
187,1.558333,0.616705,0.23673,-0.658207,0.361105,0.910776,1.311727,0.260014,0.092035,-0.128707,-0.967932,0.19512,0.166932,0.855903,0.069904,-0.114951,-0.069856,0.923943,-0.358099,0.423282,0.971239,0.977999,jog
188,1.566667,0.63275,0.235463,-0.647569,0.353326,0.898923,1.302442,0.27753,0.087512,-0.102189,-0.971956,0.192874,0.159658,0.849019,0.065731,-0.110247,-0.06787,0.925886,-0.354928,0.408216,0.958754,0.975569,jog
189,1.575,0.646592,0.241579,-0.632543,0.351353,0.885645,1.291569,0.294644,0.075679,-0.072134,-0.975552,0.193309,0.154017,0.843801,0.061531,-0.105765,-0.065933,0.927566,-0.352262,0.393035,0.946385,0.972492,jog
190,1.583333,0.659612,0.247966,-0.617704,0.349094,0.870682,1.279373,0.311465,0.058015,-0.042181,-0.978905,0.191314,0.15005,0.839985,0.057267,-0.10173,-0.063809,0.929244,-0.349407,0.378164,0.934441,0.968452,jog
191,1.591667,0.667977,0.258159,-0.604405,0.349078,0.853824,1.266061,0.32799,0.044154,-0.025577,-0.981081,0.186754,0.148866,0.837572,0.054175,-0.096666,-0.061503,0.93096,-0.346679,0.363469,0.922767,0.963394,jog
192,1.6,0.676181,0.266483,-0.591934,0.348397,0.835889,1.251347,0.343792,0.035273,-0.017838,-0.983028,0.179148,0.150497,0.836153,0.051543,-0.090701,-0.059036,0.932484,-0.344617,0.348762,0.911013,0.957878,jog
193,1.608333,0.685714,0.277549,-0.579611,0.341781,0.816603,1.235735,0.358764,0.025232,-0.011682,-0.984317,0.174205,0.153477,0.835125,0.049321,-0.082918,-0.055029,0.934105,-0.342848,0.334188,0.899712,0.951701,jog
194,1.616667,0.698281,0.285782,-0.565223,0.333551,0.796755,1.218758,0.372315,0.017765,0.006921,-0.984602,0.17377,0.15614,0.834273,0.048209,-0.076036,-0.051519,0.93557,-0.340989,0.319937,0.88868,0.945093,jog
195,1.625,0.711579,0.278147,-0.563485,0.314284,0.77655,1.201061,0.385161,0.013583,0.027776,-0.984721,0.171372,0.157316,0.832938,0.047823,-0.068135,-0.048229,0.936965,-0.339304,0.306008,0.878173,0.937977,jog
196,1.633333,0.725088,0.277068,-0.55454,0.299943,0.755804,1.181882,0.396222,0.009561,0.046835,-0.984323,0.169771,0.157352,0.831541,0.047546,-0.057997,-0.044446,0.938148,-0.338436,0.29216,0.867537,0.930392,jog
197,1.641667,0.739038,0.269858,-0.550394,0.279403,0.733935,1.161998,0.405832,0.005767,0.054883,-0.984211,0.168175,0.157345,0.830254,0.047186,-0.044611,-0.037076,0.93921,-0.338407,0.278434,0.855988,0.922344,jog
198,1.65,0.738687,0.277926,-0.548327,0.276472,0.709529,1.13987,0.414983,0.005356,0.062105,-0.983875,0.167643,0.157621,0.829616,0.04725,-0.035341,-0.036663,0.940038,-0.337247,0.265688,0.846405,0.915114,jog
199,1.658333,0.74187,0.282608,-0.544512,0.270681,0.68487,1.117822,0.422899,0.005814,0.067222,-0.983629,0.167098,0.157671,0.829179,0.04685,-0.026676,-0.038487,0.940482,-0.336602,0.253189,0.837062,0.90802,jog
200,1.666667,0.739352,0.283824,-0.553311,0.258166,0.659426,1.094426,0.428686,0.005421,0.073308,-0.983289,0.166551,0.157701,0.828764,0.046571,-0.023283,-0.04326,0.940857,-0.335222,0.240817,0.828066,0.901681,jog
201,1.675,0.73701,0.283902,-0.560476,0.249164,0.633388,1.0709,0.43174,0.004305,0.079981,-0.98289,0.165866,0.157875,0.828364,0.046407,-0.02508,-0.049161,0.941057,-0.333716,0.228878,0.818409,0.895695,jog
202,1.683333,0.731641,0.290213,-0.563064,0.251866,0.606991,1.045894,0.432835,0.003885,0.086608,-0.982409,0.165396,0.158021,0.828124,0.046291,-0.028771,-0.054611,0.941161,-0.332274,0.216778,0.808946,0.890596,jog
203,1.691667,0.725883,0.29629,-0.567725,0.250987,0.580211,1.020723,0.432582,0.004081,0.091123,-0.982221,0.164077,0.158269,0.827859,0.046134,-0.0303,-0.057847,0.941052,-0.331899,0.204516,0.799354,0.886445,jog
204,1.7,0.720141,0.29199,-0.579413,0.245804,0.553913,0.99652,0.431123,0.00299,0.093302,-0.982329,0.162219,0.158497,0.82754,0.045743,-0.034632,-0.066928,0.940818,-0.330427,0.193021,0.788883,0.883711,jog
205,1.708333,0.707588,0.296151,-0.590314,0.251282,0.526828,0.971126,0.42752,0.003075,0.096821,-0.982212,0.160861,0.158674,0.827381,0.045583,-0.036881,-0.070949,0.940964,-0.328926,0.180905,0.779469,0.88143,jog
206,1.716667,0.695931,0.295713,-0.60437,0.250942,0.50021,0.946362,0.422317,0.004299,0.098281,-0.982213,0.159935,0.158808,0.827351,0.045612,-0.037877,-0.07044,0.9411,-0.328533,0.168679,0.769809,0.879637,jog
207,1.725,0.682639,0.287651,-0.621255,0.255545,0.473788,0.921641,0.414563,0.005396,0.099516,-0.982227,0.159053,0.158923,0.827347,0.045601,-0.042226,-0.069356,0.940915,-0.328765,0.156316,0.759784,0.878199,jog
208,1.733333,0.666809,0.279845,-0.638616,0.2631,0.447231,0.896725,0.405017,0.006223,0.101263,-0.982192,0.158134,0.158981,0.827297,0.045571,-0.041605,-0.067217,0.941363,-0.328003,0.143828,0.749816,0.878028,jog
209,1.741667,0.648279,0.267212,-0.659446,0.271041,0.420771,0.872472,0.394012,0.007568,0.103079,-0.982184,0.156944,0.159039,0.827217,0.045628,-0.044417,-0.065966,0.941967,-0.32615,0.131368,0.740226,0.877866,jog
210,1.75,0.62671,0.278531,-0.664676,0.296413,0.391555,0.846115,0.380173,0.010438,0.103328,-0.982371,0.155441,0.159225,0.827154,0.045897,-0.044586,-0.060126,0.943036,-0.324161,0.118808,0.729805,0.879478,jog
211,1.758333,0.597026,0.274028,-0.684373,0.316389,0.363599,0.820377,0.365915,0.013698,0.103839,-0.982592,0.153439,0.159499,0.82695,0.046216,-0.047917,-0.057019,0.944825,-0.318996,0.105435,0.719756,0.881106,jog
212,1.766667,0.567265,0.267859,-0.704544,0.331782,0.335388,0.794237,0.351502,0.018741,0.104219,-0.982703,0.151925,0.15983,0.826773,0.046778,-0.052677,-0.053676,0.946035,-0.315217,0.092571,0.709508,0.883165,jog
213,1.775,0.539338,0.258714,-0.725864,0.339563,0.306786,0.76849,0.335766,0.026355,0.102023,-0.982978,0.150502,0.160285,0.826532,0.04769,-0.055306,-0.047108,0.947859,-0.3103,0.079267,0.698775,0.886591,jog
214,1.783333,0.515051,0.245662,-0.747035,0.341044,0.278421,0.742879,0.319583,0.034491,0.103038,-0.982846,0.149019,0.160751,0.82633,0.048802,-0.058177,-0.041832,0.9494,-0.305785,0.06569,0.687659,0.890854,jog
215,1.791667,0.487164,0.235358,-0.76445,0.350562,0.248265,0.715725,0.302206,0.046042,0.101469,-0.982663,0.148179,0.161095,0.826116,0.050645,-0.061733,-0.039295,0.950429,-0.302208,0.051849,0.676103,0.896558,jog
216,1.8,0.457575,0.223417,-0.786499,0.34947,0.21831,0.688454,0.284613,0.058176,0.103958,-0.981825,0.147744,0.161106,0.825776,0.052676,-0.068626,-0.035486,0.951241,-0.298616,0.03837,0.664716,0.901721,jog
217,1.808333,0.418322,0.224154,-0.806268,0.353119,0.185464,0.660411,0.267258,0.074236,0.095263,-0.981717,0.147128,0.160439,0.824898,0.055404,-0.073973,-0.035542,0.952439,-0.29347,0.023709,0.6526,0.906749,jog
218,1.816667,0.381618,0.216969,-0.826836,0.351617,0.152182,0.632298,0.249299,0.095776,0.097052,-0.979576,0.147779,0.159689,0.824301,0.05864,-0.075373,-0.030499,0.954067,-0.28835,0.008632,0.639973,0.912997,jog
219,1.825,0.345803,0.220502,-0.842967,0.348146,0.118508,0.60258,0.232771,0.121032,0.100242,-0.976452,0.147798,0.158392,0.823506,0.062118,-0.077592,-0.032852,0.953856,-0.288199,-0.004744,0.626658,0.919047,jog
220,1.833333,0.312312,0.209146,-0.861524,0.341315,0.084633,0.572706,0.215655,0.142846,0.106892,-0.972954,0.146729,0.156697,0.822546,0.06627,-0.074006,-0.025032,0.956002,-0.282765,-0.0204,0.614163,0.926526,jog
221,1.841667,0.279237,0.202823,-0.876802,0.334826,0.04932,0.542507,0.199057,0.171097,0.112196,-0.968107,0.144592,0.154806,0.821354,0.070897,-0.077303,-0.023095,0.956663,-0.279797,-0.035029,0.601227,0.933188,jog
222,1.85,0.243732,0.197901,-0.889843,0.331072,0.013341,0.512398,0.183112,0.205735,0.111653,-0.961957,0.140871,0.152341,0.819756,0.075915,-0.07594,-0.020074,0.956633,-0.280505,-0.048592,0.588144,0.938788,jog
223,1.858333,0.210061,0.189343,-0.901822,0.326711,-0.0225,0.481526,0.167945,0.240587,0.112082,-0.954497,0.135981,0.149106,0.817634,0.08112,-0.071957,-0.020539,0.957728,-0.277772,-0.063512,0.574447,0.944282,jog
224,1.866667,0.179656,0.181208,-0.909844,0.327216,-0.058381,0.449707,0.153592,0.272711,0.116369,-0.946147,0.129975,0.145234,0.814982,0.086368,-0.077567,-0.020274,0.957741,-0.276233,-0.078001,0.560731,0.950379,jog
225,1.875,0.152504,0.171642,-0.915256,0.331041,-0.094696,0.417069,0.140224,0.303062,0.121499,-0.93704,0.123889,0.140741,0.812121,0.091593,-0.08812,-0.028311,0.95684,-0.275482,-0.092693,0.546542,0.955511,jog
226,1.883333,0.124493,0.16614,-0.917466,0.339345,-0.130874,0.383599,0.127863,0.331294,0.130982,-0.927101,0.116501,0.136358,0.809106,0.096854,-0.089061,-0.02843,0.956875,-0.275045,-0.107313,0.53214,0.96185,jog
227,1.891667,0.098346,0.157526,-0.918898,0.348051,-0.167336,0.349657,0.11731,0.367768,0.140339,-0.912963,0.107475,0.131393,0.805627,0.101619,-0.092288,-0.029278,0.956622,-0.274774,-0.122151,0.517764,0.967096,jog
228,1.9,0.074952,0.158221,-0.916408,0.359922,-0.203506,0.315587,0.108556,0.396522,0.14986,-0.900314,0.098728,0.125338,0.80169,0.107561,-0.093106,-0.020826,0.957251,-0.273071,-0.137322,0.502458,0.97503,jog
229,1.908333,0.057547,0.159356,-0.91337,0.370202,-0.238815,0.28245,0.101426,0.412906,0.15297,-0.893098,0.092109,0.119064,0.797338,0.114237,-0.10129,-0.024866,0.956104,-0.273838,-0.152368,0.487934,0.979817,jog
230,1.916667,0.046034,0.15834,-0.910838,0.378395,-0.272659,0.250592,0.096634,0.42913,0.157983,-0.884972,0.087825,0.112414,0.792451,0.122191,-0.105991,-0.026936,0.955288,-0.27471,-0.167591,0.473454,0.983597,jog
231,1.925,0.028065,0.157356,-0.908912,0.385137,-0.304953,0.221112,0.093594,0.440657,0.167789,-0.877666,0.085848,0.106245,0.787615,0.130367,-0.107668,-0.027837,0.954891,-0.275346,-0.183079,0.459175,0.986754,jog
232,1.933333,0.012981,0.151174,-0.909269,0.387565,-0.335581,0.193888,0.092756,0.443412,0.175375,-0.875515,0.078122,0.100403,0.782806,0.139248,-0.109577,-0.025848,0.954171,-0.277275,-0.198424,0.445411,0.989662,jog
233,1.941667,-0.004239,0.142671,-0.910884,0.387191,-0.364061,0.16902,0.093779,0.45759,0.183973,-0.867802,0.060708,0.094148,0.77771,0.147967,-0.111278,-0.029578,0.953038,-0.280108,-0.213629,0.431213,0.991264,jog
234,1.95,-0.021831,0.138376,-0.911719,0.386192,-0.390084,0.146924,0.095065,0.458608,0.198835,-0.865057,0.042653,0.087392,0.772816,0.156947,-0.113223,-0.035619,0.951633,-0.283384,-0.228594,0.417034,0.991308,jog
235,1.958333,-0.035023,0.135232,-0.911402,0.387081,-0.413227,0.127356,0.095795,0.456694,0.215307,-0.862852,0.023678,0.079725,0.767729,0.166629,-0.110933,-0.032068,0.950657,-0.287953,-0.243978,0.404272,0.991622,jog
236,1.966667,-0.043645,0.131896,-0.910421,0.389657,-0.433265,0.110198,0.096003,0.454746,0.231762,-0.85991,0.006908,0.071483,0.762159,0.176759,-0.117465,-0.045814,0.949012,-0.288926,-0.258711,0.388846,0.989482,jog
237,1.975,-0.048903,0.131548,-0.908883,0.392728,-0.450145,0.095701,0.094918,0.45295,0.250326,-0.85567,-0.001567,0.062599,0.756111,0.186794,-0.119375,-0.047867,0.948381,-0.289881,-0.273982,0.374097,0.987898,jog
238,1.983333,-0.04957,0.133688,-0.907837,0.394339,-0.464584,0.083682,0.092036,0.453081,0.267041,-0.8505,-0.007557,0.052898,0.749265,0.196737,-0.115122,-0.047452,0.947155,-0.295622,-0.288245,0.360237,0.985429,jog
239,1.991667,-0.042061,0.136725,-0.908064,0.393645,-0.477055,0.073625,0.086967,0.455933,0.281824,-0.844146,-0.010817,0.042341,0.741324,0.206531,-0.111747,-0.051758,0.946077,-0.299621,-0.302273,0.346575,0.981169,jog
240,2.0,-0.030364,0.148878,-0.907972,0.390512,-0.488326,0.065576,0.078775,0.458134,0.295179,-0.838392,-0.009043,0.031363,0.732318,0.216003,-0.1043,-0.040258,0.946954,-0.301295,-0.317568,0.333297,0.979634,jog
241,2.008333,-0.017093,0.154008,-0.907886,0.38953,-0.496871,0.059994,0.070621,0.460459,0.303771,-0.834071,-0.005151,0.019685,0.722223,0.225208,-0.080099,-0.025959,0.948853,-0.304284,-0.332447,0.320834,0.976353,jog
242,2.016667,-0.002223,0.163567,-0.906458,0.389326,-0.503747,0.056175,0.061248,0.465575,0.311741,-0.828285,0.001021,0.00697,0.710928,0.234102,-0.070951,-0.024398,0.948785,-0.306884,-0.346844,0.307312,0.970727,jog
243,2.025,0.017084,0.165484,-0.906088,0.389009,-0.508395,0.054196,0.051569,0.471181,0.316658,-0.823181,0.009483,-0.006567,0.698417,0.242515,-0.06555,-0.02059,0.948764,-0.308426,-0.361006,0.293889,0.964459,jog
244,2.033333,0.028579,0.137652,-0.913991,0.380598,-0.510208,0.05327,0.044771,0.483885,0.322535,-0.813215,0.022554,-0.021735,0.684843,0.249889,-0.057039,-0.017556,0.948678,-0.31056,-0.37513,0.280608,0.957137,jog
245,2.041667,0.019223,0.091553,-0.922412,0.374707,-0.511734,0.053489,0.040277,0.495395,0.324528,-0.805123,0.032269,-0.036989,0.669235,0.25682,-0.046944,-0.01472,0.948725,-0.31225,-0.389133,0.267358,0.949101,jog
246,2.05,0.008683,0.058973,-0.927442,0.369186,-0.511545,0.056149,0.037739,0.506167,0.324047,-0.798037,0.043881,-0.054266,0.653374,0.263547,-0.033751,-0.010069,0.948839,-0.313791,-0.402909,0.254286,0.94024,jog
247,2.058333,0.001623,0.044967,-0.929394,0.366335,-0.511196,0.059338,0.035596,0.51733,0.321979,-0.791001,0.054929,-0.073105,0.636552,0.269564,-0.021767,-0.003289,0.948956,-0.314638,-0.415993,0.241055,0.931077,jog
248,2.066667,0.009336,0.022436,-0.928619,0.370239,-0.512557,0.060939,0.034305,0.526455,0.320213,-0.784787,0.066462,-0.093327,0.618984,0.274857,-0.016705,0.002871,0.948743,-0.315593,-0.428302,0.228133,0.921715,jog
249,2.075,0.018175,0.00236,-0.926676,0.375413,-0.514342,0.061382,0.033621,0.536337,0.318761,-0.777656,0.077362,-0.115217,0.600609,0.279487,-0.019866,0.005486,0.947957,-0.31773,-0.440694,0.215048,0.91347,jog
250,2.083333,0.024629,-0.003445,-0.926089,0.376485,-0.515815,0.06178,0.03337,0.542358,0.317465,-0.772904,0.087654,-0.13842,0.581276,0.282981,-0.014759,0.017271,0.947147,-0.319995,-0.452398,0.202923,0.904112,jog
251,2.091667,0.029699,-0.006851,-0.925577,0.37733,-0.516531,0.062099,0.033411,0.546696,0.313442,-0.770317,0.097418,-0.162708,0.561246,0.285469,-0.01723,0.025706,0.945418,-0.324389,-0.463514,0.191303,0.895759,jog
252,2.1,0.032541,-0.008705,-0.924851,0.378835,-0.516811,0.061909,0.033458,0.549877,0.313233,-0.767236,0.104261,-0.18856,0.540629,0.286913,-0.021075,0.039432,0.943488,-0.328377,-0.475342,0.180442,0.889768,jog
253,2.108333,0.034558,-0.008029,-0.925236,0.377731,-0.516989,0.061664,0.033252,0.551493,0.308809,-0.767141,0.109489,-0.215403,0.519516,0.287262,-0.026409,0.045871,0.94118,-0.333734,-0.487131,0.169658,0.884188,jog
254,2.116667,0.035511,-0.006584,-0.925617,0.376735,-0.517015,0.061586,0.032911,0.550042,0.308181,-0.767617,0.115081,-0.243099,0.498188,0.28647,-0.027509,0.05229,0.938839,-0.33925,-0.498791,0.15885,0.880688,jog
255,2.125,0.036197,-0.00763,-0.925615,0.376654,-0.516831,0.061552,0.032764,0.547876,0.305456,-0.769809,0.117993,-0.271919,0.47618,0.284339,-0.038859,0.043669,0.936946,-0.34455,-0.509891,0.148478,0.874636,jog
256,2.133333,0.037785,-0.00953,-0.925121,0.377667,-0.516985,0.061697,0.032717,0.540599,0.303969,-0.774699,0.123276,-0.30137,0.453971,0.281066,-0.038829,0.045841,0.935318,-0.348672,-0.521029,0.137847,0.872456,jog
257,2.141667,0.040138,-0.010973,-0.924663,0.378507,-0.517271,0.061859,0.032638,0.532473,0.302269,-0.78041,0.126752,-0.331556,0.431308,0.276362,-0.037578,0.048688,0.934202,-0.351403,-0.531749,0.127186,0.871495,jog
258,2.15,0.042027,-0.010991,-0.924093,0.37969,-0.517348,0.062049,0.032674,0.521096,0.299329,-0.788629,0.130094,-0.362204,0.408215,0.270586,-0.034397,0.055542,0.933363,-0.352938,-0.542706,0.116847,0.871966,jog
259,2.158333,0.043159,-0.010121,-0.923547,0.380915,-0.517313,0.062146,0.032789,0.506297,0.29666,-0.79852,0.134248,-0.393248,0.385109,0.263449,-0.033585,0.048963,0.932386,-0.356554,-0.553496,0.10635,0.871185,jog
260,2.166667,0.044426,-0.008437,-0.92318,0.3817,-0.517385,0.062182,0.032889,0.485943,0.291665,-0.812663,0.135537,-0.425062,0.361718,0.255247,-0.031244,0.04846,0.931821,-0.358309,-0.564656,0.095419,0.872377,jog
261,2.175,0.046236,-0.005281,-0.922725,0.382639,-0.517597,0.062317,0.03313,0.464505,0.288567,-0.825766,0.13811,-0.457166,0.337927,0.24593,-0.026799,0.046469,0.930968,-0.361139,-0.575428,0.08483,0.873518,jog
262,2.183333,0.048946,-0.002233,-0.921879,0.384368,-0.517732,0.062459,0.033495,0.441033,0.283312,-0.839902,0.140674,-0.489928,0.313882,0.236035,-0.025973,0.042632,0.929958,-0.364262,-0.58665,0.074442,0.874841,jog
263,2.191667,0.051257,0.000261,-0.92099,0.386199,-0.517978,0.062743,0.033905,0.413411,0.275794,-0.856161,0.141485,-0.522954,0.28885,0.225126,-0.02529,0.03714,0.928207,-0.36934,-0.597562,0.063921,0.876773,jog
264,2.2,0.054537,0.005511,-0.919811,0.388515,-0.518393,0.063139,0.034562,0.385511,0.272434,-0.869637,0.144543,-0.557113,0.263717,0.213694,-0.024235,0.03158,0.925478,-0.376705,-0.607819,0.053061,0.879599,jog
265,2.208333,0.057791,0.012221,-0.918616,0.390711,-0.518898,0.063692,0.035413,0.360869,0.25556,-0.884374,0.149483,-0.590893,0.236905,0.202475,-0.023588,0.0274,0.924138,-0.380345,-0.619892,0.041732,0.883592,jog
266,2.216667,0.063188,0.018581,-0.91736,0.392571,-0.519283,0.064113,0.036603,0.331106,0.24869,-0.896451,0.157788,-0.625448,0.210098,0.190523,-0.023571,0.022496,0.922511,-0.384594,-0.631526,0.031013,0.888114,jog
267,2.225,0.066855,0.031969,-0.915752,0.394851,-0.520026,0.064833,0.038342,0.307252,0.222094,-0.911831,0.15759,-0.66087,0.181231,0.179574,-0.022882,0.019862,0.921317,-0.387631,-0.643884,0.019794,0.893813,jog
268,2.233333,0.072082,0.04577,-0.912557,0.399935,-0.521045,0.065179,0.040682,0.282276,0.204824,-0.922871,0.163327,-0.695946,0.15234,0.168021,-0.021839,0.016032,0.919734,-0.391607,-0.656124,0.00893,0.900111,jog
269,2.241667,0.081768,0.054875,-0.910481,0.401655,-0.521771,0.064975,0.043051,0.252483,0.197814,-0.931293,0.17267,-0.730473,0.123305,0.156687,-0.018777,0.013526,0.91905,-0.39346,-0.669182,-0.002791,0.906856,jog
270,2.25,0.096146,0.062704,-0.90841,0.402015,-0.522536,0.064443,0.045774,0.230601,0.184943,-0.938426,0.178821,-0.76605,0.092855,0.145856,-0.023283,0.008714,0.918001,-0.395799,-0.682084,-0.013465,0.913048,jog
271,2.258333,0.110085,0.074732,-0.90493,0.404226,-0.523213,0.063426,0.049354,0.208877,0.167408,-0.945814,0.183795,-0.801392,0.062046,0.135413,-0.026448,0.004071,0.916935,-0.398137,-0.694634,-0.023974,0.919635,jog
272,2.266667,0.126863,0.088786,-0.901943,0.403141,-0.524366,0.062249,0.05328,0.185503,0.144578,-0.953028,0.190849,-0.837091,0.030441,0.125906,-0.028909,-0.000132,0.91647,-0.399058,-0.707549,-0.034423,0.926232,jog
273,2.275,0.148024,0.103974,-0.898043,0.400996,-0.525575,0.06122,0.057087,0.165537,0.125631,-0.959168,0.191861,-0.872174,-0.00169,0.116588,-0.029055,-0.003374,0.915551,-0.401137,-0.721375,-0.045801,0.933456,jog
274,2.283333,0.16622,0.115289,-0.892991,0.402053,-0.527405,0.059373,0.061593,0.15167,0.107692,-0.963384,0.193106,-0.907078,-0.033193,0.10828,-0.028465,-0.007262,0.915259,-0.401794,-0.735368,-0.057116,0.941269,jog
275,2.291667,0.189013,0.128511,-0.886086,0.40325,-0.529444,0.057533,0.065826,0.142568,0.089257,-0.965909,0.196792,-0.941548,-0.064502,0.100827,-0.029192,-0.010286,0.915768,-0.400513,-0.749431,-0.067814,0.948849,jog
276,2.3,0.210916,0.139892,-0.878496,0.405203,-0.532066,0.054989,0.070441,0.139989,0.070863,-0.966995,0.200754,-0.97526,-0.095132,0.094566,-0.032258,-0.012202,0.916082,-0.399506,-0.763452,-0.078836,0.955591,jog
277,2.308333,0.233318,0.150327,-0.870017,0.407473,-0.53534,0.052276,0.075326,0.136683,0.058673,-0.968326,0.200549,-1.007735,-0.125262,0.088987,-0.033452,-0.015357,0.915615,-0.400368,-0.778557,-0.091108,0.962297,jog
278,2.316667,0.255308,0.16249,-0.860156,0.410544,-0.539115,0.049531,0.080378,0.133183,0.052177,-0.968684,0.202957,-1.039159,-0.154411,0.08496,-0.036218,-0.016563,0.915713,-0.399854,-0.792883,-0.102958,0.96859,jog
279,2.325,0.277714,0.171211,-0.850147,0.413294,-0.543313,0.046526,0.085743,0.127946,0.039522,-0.969269,0.206363,-1.069301,-0.183644,0.08202,-0.038627,-0.017781,0.915492,-0.400084,-0.80673,-0.114923,0.974289,jog
280,2.333333,0.295335,0.179279,-0.840775,0.416814,-0.547768,0.043513,0.091776,0.125812,0.026234,-0.969103,0.210529,-1.098016,-0.212689,0.080894,-0.039067,-0.017659,0.915408,-0.400237,-0.820935,-0.127529,0.979916,jog
281,2.341667,0.305501,0.186841,-0.832501,0.422731,-0.55252,0.04055,0.099154,0.122707,0.016289,-0.968805,0.214695,-1.124744,-0.240217,0.080899,-0.036095,-0.017629,0.915881,-0.399436,-0.834806,-0.139738,0.985063,jog
282,2.35,0.317442,0.190978,-0.824072,0.428559,-0.557205,0.038519,0.107055,0.121062,0.007644,-0.968881,0.215769,-1.149639,-0.267603,0.081368,-0.041888,-0.017679,0.916235,-0.398054,-0.849023,-0.151569,0.989195,jog
283,2.358333,0.333368,0.194681,-0.813605,0.434755,-0.562248,0.036872,0.114923,0.122633,-0.005073,-0.968479,0.21676,-1.172361,-0.293164,0.082536,-0.046911,-0.017651,0.91633,-0.397276,-0.863222,-0.163647,0.992591,jog
284,2.366667,0.349849,0.198915,-0.800388,0.444317,-0.567198,0.035227,0.123103,0.119859,-0.01788,-0.967616,0.221434,-1.193494,-0.317524,0.083497,-0.049616,-0.016917,0.91682,-0.395844,-0.877665,-0.175814,0.99534,jog
285,2.375,0.36977,0.201993,-0.784988,0.454162,-0.572604,0.033026,0.130967,0.118924,-0.033298,-0.966721,0.224049,-1.21281,-0.339535,0.084303,-0.051722,-0.016242,0.91743,-0.394187,-0.892241,-0.188094,0.997429,jog
286,2.383333,0.379602,0.201708,-0.771061,0.469766,-0.577803,0.030337,0.139878,0.124364,-0.054127,-0.964815,0.225247,-1.230422,-0.359882,0.085182,-0.052476,-0.014458,0.918182,-0.392402,-0.906742,-0.200028,0.998538,jog
287,2.391667,0.389081,0.198003,-0.757323,0.485666,-0.583181,0.026891,0.149518,0.138489,-0.088944,-0.960856,0.222858,-1.247122,-0.378946,0.086732,-0.051935,-0.012618,0.919289,-0.389938,-0.921006,-0.211859,0.998899,jog
288,2.4,0.400997,0.191159,-0.742784,0.500932,-0.588883,0.023055,0.159426,0.143221,-0.119855,-0.956621,0.223603,-1.261451,-0.395896,0.086783,-0.053767,-0.013655,0.920909,-0.38581,-0.934794,-0.222733,0.998746,jog
289,2.408333,0.408222,0.185389,-0.732285,0.512585,-0.595328,0.018781,0.169372,0.150182,-0.135484,-0.953245,0.224528,-1.274285,-0.410523,0.085615,-0.053489,-0.010718,0.920973,-0.385788,-0.949417,-0.233432,0.997247,jog
290,2.416667,0.418455,0.177557,-0.722419,0.521037,-0.602715,0.013341,0.17928,0.153753,-0.117287,-0.953592,0.230795,-1.285997,-0.424241,0.081971,-0.054956,-0.009854,0.922444,-0.382072,-0.963591,-0.244731,0.994623,jog
291,2.425,0.434744,0.166621,-0.713357,0.52379,-0.610583,0.0075,0.188772,0.155833,-0.105526,-0.95406,0.23313,-1.295794,-0.435805,0.076649,-0.05085,-0.001946,0.923395,-0.380462,-0.977981,-0.257445,0.990052,jog
292,2.433333,0.448573,0.156484,-0.707092,0.523752,-0.619662,0.000669,0.198116,0.159363,-0.104656,-0.953707,0.23258,-1.304115,-0.445525,0.070279,-0.048531,0.001779,0.924581,-0.377877,-0.992179,-0.268947,0.985587,jog
293,2.441667,0.45912,0.158558,-0.699273,0.524485,-0.629907,-0.007027,0.20736,0.168706,-0.103169,-0.953262,0.228442,-1.311322,-0.453956,0.062637,-0.043346,0.001042,0.923811,-0.380386,-1.006923,-0.28112,0.981556,jog
294,2.45,0.468526,0.161801,-0.694548,0.521447,-0.640574,-0.015313,0.215858,0.175628,-0.083196,-0.955638,0.221337,-1.316779,-0.460354,0.054536,-0.039585,0.005111,0.92487,-0.378183,-1.020986,-0.292382,0.975362,jog
295,2.458333,0.479911,0.163319,-0.692151,0.513751,-0.652024,-0.023994,0.223669,0.168423,-0.070644,-0.957986,0.221144,-1.321219,-0.463999,0.048739,-0.033129,0.007392,0.925233,-0.377879,-1.035107,-0.303921,0.969302,jog
296,2.466667,0.488784,0.16927,-0.691221,0.50463,-0.664803,-0.033223,0.231101,0.135076,-0.065114,-0.961878,0.228701,-1.324708,-0.467964,0.042739,-0.026013,0.011425,0.925382,-0.37797,-1.049408,-0.315324,0.96235,jog
297,2.475,0.499603,0.179568,-0.688327,0.494326,-0.677943,-0.043218,0.237673,0.09711,-0.043393,-0.967196,0.230693,-1.326388,-0.470438,0.037808,-0.019051,0.015687,0.925717,-0.37741,-1.063042,-0.326262,0.954714,jog
298,2.483333,0.507831,0.191368,-0.685893,0.484806,-0.691361,-0.054183,0.243934,0.063291,-0.023532,-0.970575,0.231138,-1.325565,-0.47144,0.03374,-0.010057,0.018797,0.925954,-0.377034,-1.076925,-0.337163,0.946891,jog
299,2.491667,0.510441,0.206165,-0.684474,0.477955,-0.705423,-0.066698,0.249747,0.041689,-0.013647,-0.972139,0.230265,-1.323751,-0.471819,0.030355,-0.002059,0.022038,0.926217,-0.37634,-1.090577,-0.347711,0.938382,jog
300,2.5,0.510546,0.221784,-0.684251,0.471121,-0.720282,-0.080262,0.254848,0.025299,-0.00056,-0.973415,0.227646,-1.321378,-0.472328,0.027884,0.007115,0.029117,0.925033,-0.378702,-1.103294,-0.359409,0.928936,jog
301,2.508333,0.508577,0.237803,-0.685169,0.46405,-0.735995,-0.095066,0.258837,0.012256,0.010503,-0.974338,0.224512,-1.319833,-0.473332,0.026337,0.015332,0.031584,0.925261,-0.377703,-1.116059,-0.369169,0.919655,jog
302,2.516667,0.506567,0.251087,-0.686468,0.457282,-0.752378,-0.111275,0.262091,0.003589,0.031318,-0.974091,0.22395,-1.318581,-0.475196,0.024788,0.023515,0.033542,0.925966,-0.375379,-1.128164,-0.378226,0.909978,jog
303,2.525,0.499902,0.264926,-0.693882,0.445466,-0.771661,-0.12844,0.265048,0.001526,0.052328,-0.97401,0.220371,-1.318591,-0.477672,0.024196,0.033244,0.034033,0.92695,-0.372156,-1.139809,-0.387233,0.900527,jog
304,2.533333,0.501701,0.270228,-0.694743,0.438869,-0.788888,-0.146954,0.266437,0.001621,0.06311,-0.974526,0.215207,-1.318704,-0.479475,0.023949,0.038953,0.02926,0.92849,-0.368148,-1.150846,-0.395385,0.891771,jog
305,2.541667,0.502063,0.27231,-0.698202,0.431618,-0.807146,-0.166468,0.266972,0.002791,0.069736,-0.974591,0.212843,-1.318756,-0.480333,0.023934,0.039893,0.019685,0.931099,-0.362045,-1.16095,-0.403362,0.884276,jog
306,2.55,0.501895,0.271126,-0.702089,0.426219,-0.825791,-0.187123,0.266617,0.002078,0.07951,-0.973595,0.213978,-1.31897,-0.480117,0.023172,0.0384,0.009591,0.933936,-0.355243,-1.171208,-0.410816,0.87806,jog
307,2.558333,0.500683,0.266956,-0.706736,0.422581,-0.844691,-0.208722,0.265176,0.000672,0.080663,-0.97342,0.214354,-1.319089,-0.480304,0.023069,0.041693,0.00091,0.936064,-0.349351,-1.181278,-0.418538,0.873167,jog
308,2.566667,0.498198,0.260372,-0.712745,0.419523,-0.864163,-0.230938,0.262681,0.000387,0.083093,-0.973216,0.214351,-1.319054,-0.480411,0.022994,0.040816,-0.0069,0.938224,-0.343544,-1.192015,-0.425709,0.869668,jog
309,2.575,0.498139,0.247467,-0.720899,0.413427,-0.884452,-0.253748,0.259048,0.000443,0.087657,-0.972894,0.213994,-1.318915,-0.480478,0.022962,0.039914,-0.010287,0.939312,-0.340578,-1.201719,-0.433327,0.8668,jog
310,2.583333,0.487498,0.242617,-0.728916,0.414926,-0.905045,-0.277746,0.254515,0.00143,0.090904,-0.972771,0.213193,-1.318856,-0.480555,0.022916,0.035997,-0.00978,0.940414,-0.337979,-1.212127,-0.439796,0.864613,jog
311,2.591667,0.48159,0.22742,-0.740072,0.410664,-0.926181,-0.301355,0.248726,0.001915,0.093461,-0.972831,0.211805,-1.318755,-0.480718,0.022847,0.036615,-0.007862,0.941153,-0.335899,-1.22116,-0.446703,0.863545,jog
312,2.6,0.471178,0.226121,-0.743836,0.416616,-0.945818,-0.325662,0.24065,0.002698,0.094104,-0.97306,0.210455,-1.318659,-0.480856,0.022818,0.040661,-0.004845,0.94124,-0.335248,-1.230358,-0.453345,0.863457,jog
313,2.608333,0.460897,0.213169,-0.756322,0.412445,-0.968683,-0.35022,0.232228,0.004154,0.093629,-0.973344,0.209328,-1.31862,-0.480921,0.022807,0.041521,4.7e-05,0.941802,-0.333594,-1.240706,-0.459812,0.86379,jog
314,2.616667,0.447621,0.20789,-0.767436,0.409219,-0.991411,-0.373625,0.22217,0.004234,0.094005,-0.973854,0.20677,-1.31849,-0.481246,0.022747,0.040991,-0.000287,0.941683,-0.333995,-1.25009,-0.466413,0.863746,jog
315,2.625,0.436988,0.185053,-0.781487,0.405062,-1.014673,-0.399092,0.212987,0.006353,0.092907,-0.974317,0.205025,-1.3184,-0.481387,0.022937,0.042312,-0.000717,0.941886,-0.333257,-1.259276,-0.472672,0.864529,jog
316,2.633333,0.414199,0.163942,-0.797826,0.406245,-1.038265,-0.42466,0.203021,0.009105,0.090718,-0.974825,0.203477,-1.318296,-0.481609,0.023291,0.04565,-0.003683,0.941541,-0.333771,-1.267824,-0.47951,0.866216,jog
317,2.641667,0.390483,0.145225,-0.81372,0.40533,-1.063434,-0.45039,0.191558,0.014749,0.086003,-0.975237,0.20322,-1.318357,-0.481619,0.023869,0.044495,-0.004858,0.941802,-0.333177,-1.276249,-0.486372,0.868412,jog
318,2.65,0.369008,0.142167,-0.824619,0.404506,-1.089095,-0.474348,0.179461,0.019564,0.082839,-0.975814,0.201351,-1.318152,-0.482054,0.024525,0.038702,-0.002951,0.943895,-0.327958,-1.284658,-0.491921,0.869766,jog
319,2.658333,0.344797,0.139353,-0.836395,0.402664,-1.115167,-0.498556,0.16765,0.025042,0.075382,-0.976623,0.199743,-1.318113,-0.482705,0.025478,0.034914,-0.001187,0.944957,-0.325326,-1.293049,-0.498851,0.872718,jog
320,2.666667,0.315256,0.122391,-0.851057,0.401666,-1.142325,-0.523609,0.156159,0.029937,0.073168,-0.977089,0.197605,-1.318035,-0.483296,0.026251,0.031352,-0.001077,0.946364,-0.321576,-1.301967,-0.505723,0.875952,jog
321,2.675,0.287029,0.108557,-0.863841,0.399509,-1.171052,-0.549535,0.143813,0.037076,0.068665,-0.977481,0.196066,-1.317908,-0.483848,0.02746,0.028454,-0.000694,0.947596,-0.318201,-1.310588,-0.512668,0.879855,jog
322,2.683333,0.25766,0.124382,-0.872354,0.396408,-1.201114,-0.573973,0.130337,0.044373,0.069842,-0.977472,0.194171,-1.317917,-0.484069,0.028341,0.028258,0.000839,0.948655,-0.315048,-1.319263,-0.5201,0.884783,jog
323,2.691667,0.227397,0.107221,-0.889375,0.381847,-1.231949,-0.598785,0.118308,0.056467,0.068446,-0.976639,0.19571,-1.317577,-0.483782,0.029697,0.025302,0.000624,0.950386,-0.310043,-1.328148,-0.527111,0.888964,jog
324,2.7,0.197319,0.099249,-0.903471,0.367363,-1.262556,-0.6231,0.106032,0.064943,0.057634,-0.976886,0.195334,-1.317845,-0.484032,0.031786,0.024973,0.002914,0.951733,-0.305896,-1.337421,-0.534333,0.893809,jog
325,2.708333,0.16391,0.095276,-0.913942,0.35884,-1.293934,-0.648068,0.09505,0.069984,0.061044,-0.976587,0.194047,-1.31844,-0.483812,0.033239,0.021777,0.003766,0.953428,-0.30081,-1.346501,-0.541266,0.899724,jog
326,2.716667,0.133429,0.127625,-0.917737,0.351664,-1.326668,-0.672606,0.085532,0.080979,0.057861,-0.975735,0.195029,-1.318858,-0.48366,0.035232,0.018464,0.005026,0.954589,-0.297311,-1.355474,-0.548671,0.904868,jog
327,2.725,0.092093,0.136628,-0.923484,0.346452,-1.359226,-0.696719,0.076847,0.089749,0.058014,-0.974879,0.195423,-1.319568,-0.483625,0.036934,0.027112,0.015675,0.955725,-0.292592,-1.365027,-0.556208,0.911657,jog
328,2.733333,0.065536,0.156967,-0.926212,0.336448,-1.390896,-0.718791,0.066946,0.10192,0.057442,-0.973648,0.195761,-1.320369,-0.483685,0.03878,0.021735,0.008439,0.957154,-0.288639,-1.374444,-0.563568,0.915655,jog
329,2.741667,0.04586,0.143015,-0.926988,0.343709,-1.421474,-0.746216,0.058889,0.115556,0.055684,-0.972265,0.195567,-1.321182,-0.483791,0.040784,0.018329,0.009868,0.957843,-0.286535,-1.383334,-0.570966,0.920888,jog
330,2.75,0.02977,0.164502,-0.924436,0.342741,-1.451953,-0.768626,0.050962,0.128631,0.058751,-0.970853,0.193513,-1.322206,-0.484651,0.04259,0.018448,0.011239,0.958454,-0.284429,-1.392596,-0.578648,0.925858,jog
331,2.758333,0.016934,0.183491,-0.920896,0.343505,-1.482114,-0.791563,0.045122,0.140535,0.061884,-0.968898,0.194054,-1.322748,-0.485401,0.044418,0.021448,0.017096,0.958703,-0.283083,-1.401435,-0.586546,0.931813,jog
332,2.766667,0.003841,0.18414,-0.9203,0.345147,-1.511697,-0.814455,0.041886,0.150934,0.069444,-0.967193,0.192183,-1.324109,-0.486362,0.046154,0.022078,0.019023,0.959134,-0.281448,-1.410901,-0.594364,0.936535,jog
333,2.775,-0.007768,0.186613,-0.918539,0.348426,-1.540359,-0.836853,0.042139,0.164585,0.073171,-0.965191,0.189641,-1.325205,-0.487093,0.048128,0.021996,0.016251,0.959557,-0.280184,-1.420487,-0.602067,0.942222,jog
334,2.783333,-0.023043,0.23022,-0.907513,0.350553,-1.568063,-0.8541,0.041364,0.175638,0.078359,-0.962994,0.188825,-1.326311,-0.488144,0.050257,0.018696,0.017144,0.95991,-0.27916,-1.430098,-0.610017,0.945612,jog
335,2.791667,-0.03597,0.208506,-0.907967,0.361701,-1.593523,-0.873878,0.043369,0.190258,0.081501,-0.960333,0.186868,-1.327381,-0.489356,0.052423,0.014812,0.02095,0.959995,-0.278839,-1.440002,-0.618182,0.947185,jog
336,2.8,-0.047645,0.21512,-0.902248,0.370677,-1.618112,-0.890572,0.04526,0.205759,0.083777,-0.957454,0.184193,-1.328908,-0.490957,0.054037,0.010488,0.026788,0.959742,-0.279407,-1.450558,-0.626156,0.949089,jog
337,2.808333,-0.050997,0.158928,-0.909375,0.381022,-1.641443,-0.910242,0.052124,0.218758,0.08553,-0.954808,0.182132,-1.330319,-0.492219,0.056116,0.007877,0.021091,0.959692,-0.280151,-1.459853,-0.633897,0.949804,jog
338,2.816667,-0.053182,0.130331,-0.908762,0.392857,-1.662263,-0.925465,0.057638,0.232533,0.086368,-0.951881,0.179977,-1.331873,-0.493515,0.058204,-6.6e-05,0.01612,0.959934,-0.279762,-1.470361,-0.64141,0.951331,jog
339,2.825,-0.072268,0.16209,-0.89855,0.401389,-1.683327,-0.940443,0.062868,0.244008,0.089307,-0.949382,0.176519,-1.33358,-0.494601,0.060345,0.004776,0.017799,0.959729,-0.280322,-1.479235,-0.650458,0.952469,jog
340,2.833333,-0.082103,0.171217,-0.890628,0.413189,-1.701022,-0.953431,0.065385,0.256825,0.091216,-0.946384,0.173431,-1.335125,-0.495743,0.062451,-2.6e-05,0.010781,0.959605,-0.281143,-1.488793,-0.658579,0.95213,jog
341,2.841667,-0.090721,0.186471,-0.881759,0.423674,-1.716534,-0.964299,0.067207,0.267832,0.087535,-0.944351,0.169719,-1.336707,-0.49735,0.064176,-0.002454,0.007,0.959352,-0.282116,-1.498517,-0.666676,0.951593,jog
342,2.85,-0.098811,0.203602,-0.872648,0.432745,-1.730287,-0.974445,0.067967,0.283851,0.083897,-0.940404,0.167422,-1.339115,-0.498882,0.065726,-0.00518,0.002902,0.959392,-0.282012,-1.508027,-0.674759,0.95104,jog
343,2.858333,-0.079569,0.227935,-0.866922,0.436075,-1.744197,-0.983393,0.063307,0.288546,0.089255,-0.939063,0.164123,-1.340748,-0.499538,0.068223,-0.009026,-3.2e-05,0.959132,-0.282816,-1.517504,-0.682881,0.94957,jog
344,2.866667,-0.071181,0.232323,-0.866085,0.436871,-1.755126,-0.989491,0.061336,0.298685,0.091563,-0.936201,0.161033,-1.34297,-0.500568,0.069859,-0.012082,-0.003415,0.958785,-0.283854,-1.52695,-0.691276,0.947506,jog
345,2.875,-0.048199,0.224299,-0.87282,0.430757,-1.765515,-0.991942,0.057157,0.31116,0.091312,-0.932602,0.158415,-1.345099,-0.501746,0.071468,-0.011812,-0.009516,0.958793,-0.283702,-1.536325,-0.699273,0.944706,jog
346,2.883333,-0.027438,0.234287,-0.874724,0.423337,-1.774545,-0.995191,0.050706,0.329942,0.101032,-0.925482,0.156252,-1.34749,-0.50297,0.072463,-0.014707,-0.012684,0.958943,-0.282932,-1.546874,-0.706484,0.941201,jog
347,2.891667,-0.011816,0.22971,-0.879956,0.415658,-1.781354,-0.995756,0.044091,0.34149,0.102854,-0.921442,0.15411,-1.349774,-0.504088,0.073927,-0.014294,-0.018593,0.959264,-0.281535,-1.556066,-0.713595,0.937789,jog
348,2.9,0.00257,0.219664,-0.886601,0.407037,-1.786239,-0.99443,0.036463,0.352041,0.102966,-0.917826,0.151858,-1.35208,-0.505219,0.075467,-0.011126,-0.023394,0.959573,-0.280267,-1.565014,-0.72069,0.934232,jog
349,2.908333,0.014332,0.187905,-0.898241,0.397052,-1.788591,-0.992005,0.028918,0.361851,0.105741,-0.913778,0.151304,-1.353839,-0.506208,0.076924,-0.010951,-0.027521,0.959713,-0.279416,-1.574139,-0.728209,0.929831,jog
350,2.916667,0.022652,0.126885,-0.914535,0.383423,-1.790164,-0.987631,0.022712,0.3725,0.108162,-0.909443,0.149863,-1.355806,-0.507164,0.07859,-0.010102,-0.03006,0.960154,-0.277666,-1.583316,-0.735508,0.924979,jog
351,2.925,-0.000513,0.085681,-0.919753,0.383033,-1.790335,-0.986184,0.020117,0.384679,0.109978,-0.904495,0.147703,-1.357723,-0.50802,0.080576,-0.009089,-0.031901,0.96047,-0.276399,-1.592189,-0.742954,0.919619,jog
352,2.933333,-0.006505,0.046707,-0.923801,0.379957,-1.791605,-0.983079,0.017297,0.398696,0.113036,-0.898449,0.145098,-1.360032,-0.508959,0.083118,-0.00635,-0.032031,0.960954,-0.274776,-1.600789,-0.75021,0.913945,jog
353,2.941667,-0.007332,0.024251,-0.924779,0.379661,-1.793376,-0.980819,0.015484,0.415355,0.115224,-0.891227,0.141135,-1.362507,-0.509934,0.0859,-0.001417,-0.031377,0.961552,-0.272822,-1.608863,-0.756938,0.90817,jog
354,2.95,-0.005391,0.007933,-0.926173,0.376977,-1.796983,-0.979999,0.014517,0.431807,0.11844,-0.883414,0.138183,-1.365706,-0.511155,0.089161,0.003254,-0.029684,0.962041,-0.271265,-1.616538,-0.763663,0.902098,jog
355,2.958333,0.002911,-0.00766,-0.927353,0.374099,-1.799381,-0.979047,0.014647,0.450149,0.121205,-0.874092,0.136525,-1.369517,-0.51286,0.092808,0.003743,-0.027161,0.962045,-0.27151,-1.623678,-0.770423,0.896649,jog
356,2.966667,0.011947,-0.005705,-0.926663,0.37566,-1.800234,-0.9789,0.014826,0.463958,0.118832,-0.867509,0.134349,-1.374584,-0.514697,0.097233,0.00556,-0.022695,0.96168,-0.273177,-1.629689,-0.776885,0.891069,jog
357,2.975,0.012891,0.000666,-0.927931,0.372528,-1.80052,-0.979098,0.014822,0.47777,0.124574,-0.858863,0.13628,-1.380519,-0.517501,0.101954,0.00464,-0.01716,0.961063,-0.275758,-1.636146,-0.782621,0.885587,jog
358,2.983333,0.011275,0.010509,-0.929188,0.369286,-1.800507,-0.979192,0.014467,0.486849,0.128866,-0.852465,0.140269,-1.387095,-0.520817,0.106935,-0.002619,-0.013545,0.959794,-0.280367,-1.642805,-0.787955,0.881455,jog
359,2.991667,0.011054,0.016994,-0.929186,0.369056,-1.800062,-0.979865,0.014358,0.497507,0.135024,-0.844552,0.144871,-1.394149,-0.524515,0.112425,-0.00803,-0.008072,0.958529,-0.284767,-1.64932,-0.792659,0.877694,jog
360,3.0,0.009916,0.01369,-0.929258,0.369046,-1.799835,-0.980049,0.01484,0.494884,0.142536,-0.844359,0.147755,-1.403062,-0.528733,0.116386,-0.010175,-0.000345,0.957546,-0.2881,-1.655959,-0.797141,0.875625,jog
361,3.008333,0.010906,0.019286,-0.928507,0.370655,-1.799243,-0.980034,0.014801,0.499648,0.149436,-0.841425,0.141509,-1.4134,-0.533756,0.121098,-0.014777,0.003369,0.956702,-0.290674,-1.662104,-0.801239,0.873602,jog
362,3.016667,0.012419,0.019981,-0.928134,0.371503,-1.79915,-0.980054,0.014652,0.495544,0.151079,-0.844778,0.134018,-1.424646,-0.539607,0.125362,-0.014233,0.00565,0.956018,-0.292909,-1.667917,-0.806095,0.872685,jog
363,3.025,0.012896,0.016041,-0.92795,0.372136,-1.799164,-0.980361,0.014291,0.485342,0.160481,-0.850154,0.126198,-1.437889,-0.545642,0.128273,-0.012757,0.008415,0.955605,-0.294253,-1.672987,-0.811038,0.872212,jog
364,3.033333,0.013853,0.013486,-0.927362,0.373665,-1.799177,-0.98009,0.014287,0.476118,0.165281,-0.855563,0.118349,-1.451879,-0.551579,0.129644,-0.017081,0.009936,0.955156,-0.295445,-1.678059,-0.816647,0.872126,jog
365,3.041667,0.013553,0.013644,-0.926663,0.375401,-1.79908,-0.980007,0.014281,0.467463,0.17047,-0.85977,0.114953,-1.466035,-0.557802,0.13127,-0.015485,0.009989,0.955425,-0.294658,-1.682686,-0.821628,0.872431,jog
366,3.05,0.013093,0.012359,-0.926375,0.376171,-1.799011,-0.980053,0.014196,0.455547,0.178775,-0.864317,0.116068,-1.480702,-0.56474,0.131412,-0.013087,0.009643,0.955825,-0.293486,-1.687003,-0.826674,0.873028,jog
367,3.058333,0.013837,0.009183,-0.926369,0.376252,-1.799112,-0.980195,0.014183,0.444698,0.188154,-0.868271,0.113784,-1.496591,-0.57213,0.131143,-0.011291,0.009765,0.956104,-0.292648,-1.690968,-0.831333,0.873843,jog
368,3.066667,0.014762,0.007795,-0.92647,0.375999,-1.799121,-0.98039,0.014098,0.431558,0.192508,-0.874128,0.11224,-1.512775,-0.580446,0.129975,-0.00973,0.008778,0.956416,-0.291714,-1.695176,-0.835949,0.875081,jog
369,3.075,0.015711,0.006954,-0.926419,0.376101,-1.799184,-0.980531,0.01412,0.416672,0.190254,-0.881689,0.113192,-1.529021,-0.588824,0.128342,-0.008637,0.007875,0.956532,-0.291394,-1.699154,-0.840184,0.876622,jog
370,3.083333,0.016657,0.006474,-0.926506,0.375855,-1.79948,-0.980761,0.013964,0.400733,0.187595,-0.889246,0.116028,-1.547948,-0.598289,0.125759,-0.008521,0.006906,0.95653,-0.291429,-1.703153,-0.844229,0.878555,jog
371,3.091667,0.018293,0.005178,-0.926451,0.375934,-1.799534,-0.980978,0.01398,0.385904,0.183969,-0.896928,0.112932,-1.566278,-0.608173,0.122205,-0.010899,0.006589,0.956249,-0.292276,-1.707017,-0.847686,0.880869,jog
372,3.1,0.020074,0.003254,-0.926301,0.376236,-1.799389,-0.981063,0.014166,0.369518,0.179186,-0.904346,0.116219,-1.584384,-0.618323,0.118816,-0.013852,0.006403,0.955774,-0.293705,-1.710721,-0.850872,0.883427,jog
373,3.108333,0.022756,0.002031,-0.926116,0.376547,-1.799285,-0.981127,0.01435,0.35638,0.172457,-0.91063,0.118346,-1.602103,-0.628876,0.115048,-0.017415,0.004291,0.955185,-0.295465,-1.714508,-0.85415,0.886303,jog
374,3.116667,0.023701,0.002995,-0.926033,0.376687,-1.799123,-0.98133,0.014511,0.335655,0.1701,-0.91892,0.118268,-1.620784,-0.639121,0.110483,-0.020423,0.001879,0.954563,-0.297304,-1.718285,-0.857233,0.889349,jog
375,3.125,0.02443,0.004795,-0.925821,0.377141,-1.799034,-0.981482,0.01477,0.319477,0.163483,-0.925345,0.122249,-1.63961,-0.649763,0.105751,-0.021353,-0.000288,0.954128,-0.298638,-1.722103,-0.860345,0.892648,jog
376,3.133333,0.023845,0.010119,-0.925606,0.377601,-1.799429,-0.981777,0.014743,0.304476,0.156728,-0.930695,0.128599,-1.657964,-0.661015,0.100905,-0.022202,-0.002922,0.953715,-0.299877,-1.725912,-0.86338,0.896142,jog
377,3.141667,0.023877,0.0115,-0.925526,0.377756,-1.799345,-0.982201,0.015021,0.287313,0.140602,-0.938461,0.130281,-1.677204,-0.671593,0.096186,-0.022212,-0.005992,0.953178,-0.301535,-1.729744,-0.866318,0.899948,jog
378,3.15,0.021888,0.014282,-0.925882,0.376908,-1.799312,-0.981962,0.015909,0.259709,0.128435,-0.947868,0.132675,-1.697709,-0.683317,0.091746,-0.020366,-0.008866,0.953016,-0.302103,-1.733736,-0.869442,0.90376,jog
379,3.158333,0.024166,0.017872,-0.925422,0.377744,-1.799616,-0.98194,0.015996,0.237787,0.127529,-0.954176,0.129392,-1.71684,-0.693916,0.087908,-0.019033,-0.011564,0.952732,-0.302994,-1.737571,-0.872358,0.907617,jog
380,3.166667,0.023979,0.025177,-0.923941,0.380952,-1.800008,-0.982112,0.016611,0.219761,0.119332,-0.959283,0.131308,-1.736663,-0.702881,0.083511,-0.017269,-0.013927,0.952422,-0.303973,-1.741365,-0.874925,0.911585,jog
381,3.175,0.02639,0.025408,-0.924177,0.380204,-1.800327,-0.98137,0.017511,0.201146,0.11014,-0.964316,0.132304,-1.755967,-0.713269,0.07968,-0.014682,-0.014798,0.952184,-0.304813,-1.745167,-0.877457,0.915743,jog
382,3.183333,0.027469,0.029621,-0.92396,0.380351,-1.800435,-0.981186,0.018132,0.180979,0.100336,-0.968916,0.13558,-1.776662,-0.723018,0.075444,-0.012356,-0.016337,0.951775,-0.306113,-1.748957,-0.879715,0.919811,jog
383,3.191667,0.029177,0.031392,-0.923958,0.380086,-1.800516,-0.980715,0.018724,0.162672,0.088035,-0.973137,0.137085,-1.796824,-0.733078,0.071085,-0.01102,-0.01757,0.951214,-0.307833,-1.752608,-0.881687,0.923782,jog
384,3.2,0.031518,0.03241,-0.923662,0.380533,-1.800672,-0.98044,0.019245,0.142191,0.080748,-0.977381,0.13412,-1.816754,-0.743346,0.067781,-0.009466,-0.018858,0.950783,-0.309138,-1.756497,-0.883595,0.927685,jog
385,3.208333,0.033236,0.034183,-0.923351,0.380986,-1.800867,-0.980377,0.019765,0.12098,0.073276,-0.980726,0.134803,-1.836128,-0.752626,0.064555,-0.008432,-0.020531,0.950368,-0.310336,-1.760443,-0.885425,0.931212,jog
386,3.216667,0.03529,0.038809,-0.922183,0.383181,-1.801438,-0.980438,0.020402,0.110812,0.050983,-0.982253,0.142477,-1.855534,-0.765179,0.059535,-0.007447,-0.021822,0.949812,-0.311972,-1.764273,-0.887256,0.934509,jog
387,3.225,0.038242,0.033851,-0.92261,0.382337,-1.801423,-0.980308,0.020386,0.098053,0.063963,-0.982554,0.144506,-1.874383,-0.778045,0.055276,-0.006115,-0.023422,0.949213,-0.3137,-1.768134,-0.888977,0.937308,jog
388,3.233333,0.03962,0.037654,-0.921919,0.383508,-1.801761,-0.980571,0.020805,0.083328,0.054324,-0.984241,0.146202,-1.892876,-0.787312,0.05254,-0.005465,-0.024752,0.948536,-0.315654,-1.771918,-0.890702,0.939852,jog
389,3.241667,0.042503,0.039953,-0.921499,0.383976,-1.801975,-0.980005,0.021163,0.069939,0.050649,-0.984938,0.149799,-1.910704,-0.796415,0.049996,-0.004155,-0.029095,0.947616,-0.318056,-1.775938,-0.892492,0.941351,jog
390,3.25,0.041792,0.046802,-0.921034,0.384395,-1.802081,-0.980185,0.021704,0.056767,0.048254,-0.985193,0.154415,-1.926854,-0.803904,0.048021,-0.004695,-0.03124,0.946501,-0.32115,-1.779634,-0.893964,0.942948,jog
391,3.258333,0.035288,0.054534,-0.920468,0.385382,-1.80235,-0.980433,0.022529,0.046643,0.049873,-0.984862,0.159322,-1.942121,-0.810688,0.046228,-0.005981,-0.033465,0.945384,-0.324182,-1.783448,-0.895461,0.944182,jog
392,3.266667,0.032395,0.054639,-0.921513,0.383118,-1.802332,-0.979487,0.02334,0.033204,0.04619,-0.984673,0.164876,-1.95674,-0.817819,0.044989,-0.007449,-0.036004,0.944244,-0.327188,-1.787248,-0.896925,0.945065,jog
393,3.275,0.032674,0.056023,-0.9196,0.387466,-1.802057,-0.980085,0.023195,0.021507,0.049462,-0.984329,0.167893,-1.970172,-0.823602,0.043817,-0.009217,-0.038066,0.943181,-0.329964,-1.791023,-0.898291,0.945633,jog
394,3.283333,0.032473,0.055478,-0.919366,0.388117,-1.802119,-0.979933,0.023263,0.005021,0.050512,-0.984404,0.168438,-1.981586,-0.829159,0.042496,-0.010794,-0.039773,0.94227,-0.332309,-1.794888,-0.899629,0.945882,jog
395,3.291667,0.032384,0.054692,-0.918992,0.389119,-1.802108,-0.979837,0.023174,0.001334,0.044777,-0.982533,0.180617,-1.992572,-0.834748,0.040976,-0.010555,-0.040071,0.941704,-0.333881,-1.798804,-0.900326,0.94664,jog
396,3.3,0.032239,0.053028,-0.917901,0.391926,-1.801779,-0.979824,0.022988,0.001229,0.039853,-0.980173,0.19409,-2.002439,-0.84052,0.039271,-0.012118,-0.039675,0.941103,-0.335564,-1.802558,-0.901227,0.946725,jog
397,3.308333,0.032219,0.051409,-0.918113,0.391648,-1.80195,-0.979772,0.022784,-0.000121,0.034673,-0.977634,0.207435,-2.011395,-0.845639,0.037702,-0.013653,-0.04072,0.94052,-0.337012,-1.806375,-0.90234,0.946173,jog
398,3.316667,0.036388,0.047766,-0.91832,0.391258,-1.801869,-0.979484,0.022182,-0.001013,0.025078,-0.97461,0.222497,-2.01939,-0.850389,0.036331,-0.01387,-0.040078,0.940166,-0.338067,-1.81031,-0.903194,0.94595,jog
399,3.325,0.036333,0.045094,-0.918588,0.39095,-1.801915,-0.979361,0.021895,0.001628,0.023224,-0.971856,0.234425,-2.02622,-0.8538,0.035042,-0.014074,-0.039506,0.939852,-0.338999,-1.814171,-0.903902,0.945383,jog
400,3.333333,0.035896,0.043147,-0.918776,0.390769,-1.801933,-0.979267,0.021527,0.002545,0.016449,-0.96966,0.243891,-2.032386,-0.856087,0.033876,-0.0079,-0.031005,0.940239,-0.339009,-1.818352,-0.904568,0.947173,jog
401,3.341667,0.035096,0.04132,-0.918938,0.390659,-1.801961,-0.979159,0.02112,0.012943,0.012919,-0.965467,0.259883,-2.037636,-0.858532,0.031482,-0.00647,-0.028598,0.940205,-0.339346,-1.822306,-0.905075,0.94695,jog
402,3.35,0.034111,0.03921,-0.919086,0.390614,-1.80201,-0.979038,0.020751,0.018961,0.013279,-0.962427,0.270552,-2.041262,-0.86057,0.028863,-0.005241,-0.026505,0.940279,-0.339332,-1.826223,-0.905417,0.946432,jog
403,3.358333,0.032965,0.037007,-0.919249,0.390544,-1.802065,-0.978887,0.020345,0.024335,0.022341,-0.958448,0.283348,-2.043937,-0.862747,0.026732,-0.004052,-0.024226,0.940452,-0.339037,-1.830189,-0.905725,0.946047,jog
404,3.366667,0.031514,0.034803,-0.919341,0.39065,-1.802147,-0.978774,0.020014,0.028414,0.025834,-0.954806,0.294739,-2.046022,-0.865087,0.023992,-0.002846,-0.021946,0.940729,-0.338437,-1.834258,-0.905897,0.945475,jog
405,3.375,0.030247,0.032809,-0.919592,0.390332,-1.802094,-0.978603,0.019675,0.02738,0.033279,-0.952482,0.30153,-2.047642,-0.866265,0.021927,-0.002626,-0.020594,0.941082,-0.337542,-1.838287,-0.905996,0.944683,jog
406,3.383333,0.028316,0.030662,-0.919833,0.390083,-1.802086,-0.978442,0.019325,0.024911,0.035162,-0.953265,0.299046,-2.048498,-0.865383,0.020058,-0.00309,-0.019448,0.941555,-0.336283,-1.842444,-0.906058,0.943835,jog
407,3.391667,0.026232,0.028994,-0.920032,0.389887,-1.802041,-0.978287,0.018971,0.022747,0.039649,-0.953721,0.297199,-2.048311,-0.863939,0.018751,-0.00426,-0.018768,0.941994,-0.335079,-1.846511,-0.906076,0.942878,jog
408,3.4,0.023457,0.027204,-0.920263,0.389647,-1.801975,-0.978143,0.018685,0.019254,0.04868,-0.95275,0.299209,-2.046928,-0.862495,0.017651,-0.006005,-0.018032,0.942465,-0.333764,-1.850425,-0.906029,0.941867,jog
409,3.408333,0.020947,0.025687,-0.920233,0.389964,-1.801906,-0.978082,0.018322,0.013277,0.041463,-0.953501,0.29823,-2.045536,-0.86288,0.016261,-0.007616,-0.017697,0.942887,-0.332556,-1.854347,-0.906008,0.940962,jog
410,3.416667,0.019306,0.022648,-0.920038,0.390697,-1.801764,-0.978195,0.017892,0.009843,0.043819,-0.953546,0.29788,-2.044506,-0.863155,0.015778,-0.009745,-0.01778,0.943281,-0.331376,-1.858196,-0.905991,0.940073,jog
411,3.425,0.018208,0.018633,-0.919724,0.3917,-1.801763,-0.978475,0.017294,0.00347,0.049181,-0.953872,0.296139,-2.043787,-0.863425,0.015756,-0.011967,-0.018396,0.943574,-0.330435,-1.861877,-0.905977,0.939216,jog
412,3.433333,0.017462,0.012235,-0.920572,0.389992,-1.80186,-0.978058,0.017108,-0.002636,0.053236,-0.95394,0.295223,-2.043227,-0.863777,0.015778,-0.014044,-0.018996,0.943772,-0.329753,-1.865308,-0.90599,0.938507,jog
413,3.441667,0.017038,0.009106,-0.920504,0.390255,-1.801899,-0.977944,0.016935,-0.007202,0.056558,-0.954066,0.29412,-2.043008,-0.863923,0.015733,-0.015749,-0.02007,0.943901,-0.329241,-1.868718,-0.906043,0.937916,jog
414,3.45,0.015364,0.004909,-0.920505,0.390398,-1.802059,-0.977814,0.017142,-0.011549,0.062922,-0.954066,0.292686,-2.042372,-0.864246,0.015507,-0.017556,-0.021929,0.94388,-0.329091,-1.871789,-0.906096,0.937281,jog
415,3.458333,0.016619,0.007032,-0.91965,0.392324,-1.801984,-0.977916,0.016576,-0.013424,0.066408,-0.954197,0.291406,-2.042201,-0.86374,0.015664,-0.019065,-0.023882,0.944407,-0.327355,-1.875624,-0.906226,0.93671,jog
416,3.466667,0.019207,0.007808,-0.918882,0.393987,-1.802018,-0.97776,0.016237,-0.014305,0.071804,-0.954373,0.289504,-2.042215,-0.863503,0.015626,-0.020491,-0.025763,0.944453,-0.326993,-1.878345,-0.906401,0.93649,jog
417,3.475,0.019043,0.003131,-0.918652,0.394595,-1.80226,-0.977545,0.016932,-0.01481,0.074934,-0.954485,0.288313,-2.042152,-0.863168,0.015614,-0.02166,-0.027475,0.944541,-0.326524,-1.880868,-0.906661,0.936542,jog
418,3.483333,0.021828,0.003997,-0.917601,0.396882,-1.80219,-0.977692,0.01667,-0.015068,0.075909,-0.954623,0.287585,-2.042151,-0.862869,0.015657,-0.022514,-0.028889,0.944669,-0.325974,-1.883229,-0.906983,0.936814,jog
419,3.491667,0.024122,0.00363,-0.916936,0.398289,-1.802205,-0.977674,0.016655,-0.015612,0.075137,-0.954777,0.287248,-2.042053,-0.862667,0.015783,-0.024001,-0.030653,0.944772,-0.325407,-1.885287,-0.9073,0.93705,jog
420,3.5,0.02627,0.003147,-0.916419,0.399344,-1.802162,-0.977535,0.016665,-0.01525,0.072628,-0.954909,0.287474,-2.042109,-0.86244,0.015856,-0.025097,-0.030673,0.945051,-0.324512,-1.887341,-0.907721,0.937833,jog
421,3.508333,0.028115,0.004611,-0.915922,0.400344,-1.802067,-0.97769,0.016633,-0.014152,0.069931,-0.955138,0.28744,-2.042219,-0.862231,0.015941,-0.026691,-0.031598,0.945316,-0.323522,-1.889196,-0.908072,0.938332,jog
422,3.516667,0.029026,0.003265,-0.915451,0.401368,-1.802045,-0.977606,0.016694,-0.012635,0.067492,-0.955286,0.287599,-2.042406,-0.862031,0.016008,-0.027763,-0.032158,0.945531,-0.322747,-1.890835,-0.908412,0.938898,jog
423,3.525,0.029263,0.003193,-0.91491,0.402582,-1.802045,-0.977571,0.016824,-0.011496,0.065092,-0.955351,0.287984,-2.042514,-0.861901,0.016065,-0.029687,-0.032314,0.945796,-0.321785,-1.892557,-0.908752,0.939519,jog
424,3.533333,0.028986,0.003276,-0.914419,0.403718,-1.802065,-0.97749,0.016996,-0.010706,0.062988,-0.955343,0.288509,-2.042557,-0.861841,0.016102,-0.031109,-0.032387,0.945997,-0.321051,-1.894129,-0.909058,0.940096,jog
425,3.541667,0.028661,0.003525,-0.913985,0.40472,-1.802104,-0.977342,0.017159,-0.010161,0.061517,-0.955252,0.289147,-2.042575,-0.86185,0.016107,-0.032486,-0.032856,0.946144,-0.320431,-1.89571,-0.909289,0.940451,jog
426,3.55,0.028156,0.003642,-0.913523,0.405794,-1.80217,-0.977133,0.017258,-0.009871,0.060276,-0.955174,0.289676,-2.042535,-0.861881,0.016102,-0.034401,-0.032806,0.946316,-0.319727,-1.897343,-0.909505,0.940838,jog
427,3.558333,0.027618,0.003633,-0.913013,0.406978,-1.802269,-0.976864,0.017353,-0.009827,0.060149,-0.955001,0.290273,-2.042428,-0.86231,0.016,-0.036056,-0.033399,0.946392,-0.319259,-1.89895,-0.909642,0.940987,jog
428,3.566667,0.027915,0.003045,-0.912528,0.408049,-1.802366,-0.976542,0.017278,-0.009513,0.060133,-0.954941,0.290484,-2.042395,-0.862408,0.015906,-0.03807,-0.034701,0.946345,-0.319027,-1.900479,-0.909636,0.940733,jog
429,3.575,0.027752,0.002758,-0.911945,0.409364,-1.802454,-0.976289,0.017287,-0.009586,0.060507,-0.954788,0.290908,-2.042347,-0.862538,0.015792,-0.038259,-0.03491,0.946607,-0.318202,-1.902072,-0.909726,0.94073,jog
430,3.583333,0.025273,0.00213,-0.910955,0.411726,-1.802323,-0.975993,0.017455,-0.010203,0.063687,-0.955139,0.289048,-2.04278,-0.862812,0.015421,-0.040073,-0.036057,0.946583,-0.317921,-1.903576,-0.909638,0.940282,jog
431,3.591667,0.027038,-0.002076,-0.910744,0.412081,-1.802534,-0.975402,0.017352,-0.008449,0.06277,-0.953718,0.293955,-2.042695,-0.863474,0.015198,-0.04204,-0.037343,0.946568,-0.317564,-1.905188,-0.909453,0.939568,jog
432,3.6,0.027173,-0.00492,-0.91056,0.412453,-1.802664,-0.975234,0.017184,-0.008402,0.06147,-0.953683,0.294346,-2.042476,-0.863398,0.015174,-0.043876,-0.038177,0.946513,-0.317381,-1.906714,-0.909252,0.938905,jog
433,3.608333,0.026897,-0.005635,-0.910105,0.413465,-1.802738,-0.975038,0.017073,-0.008221,0.060339,-0.953566,0.294965,-2.042314,-0.863315,0.015153,-0.045832,-0.039452,0.946584,-0.316735,-1.908342,-0.908937,0.937898,jog
434,3.616667,0.026981,-0.007594,-0.909706,0.414307,-1.802833,-0.974821,0.016902,-0.009003,0.061629,-0.953394,0.29523,-2.042408,-0.863394,0.015047,-0.047437,-0.04107,0.946536,-0.316437,-1.909824,-0.908589,0.936832,jog
435,3.625,0.027145,-0.009787,-0.909344,0.415043,-1.802942,-0.974628,0.016617,-0.00911,0.063557,-0.953406,0.29478,-2.04235,-0.863396,0.014804,-0.072734,-0.0888,0.940229,-0.320615,-1.909653,-0.905246,0.923354,jog
436,3.633333,0.027545,-0.011836,-0.909035,0.41564,-1.803034,-0.974463,0.016322,-0.008994,0.064202,-0.953434,0.294552,-2.042332,-0.863347,0.014663,-0.073546,-0.090525,0.939945,-0.32078,-1.911067,-0.905145,0.922438,jog
437,3.641667,0.026188,-0.009633,-0.908674,0.416572,-1.802977,-0.974524,0.016009,-0.009251,0.064163,-0.953414,0.294616,-2.042286,-0.863297,0.014624,-0.078931,-0.102469,0.93923,-0.317989,-1.913805,-0.904021,0.918614,jog
438,3.65,0.027866,-0.01376,-0.909048,0.41553,-1.803195,-0.97415,0.015853,-0.009572,0.06418,-0.953393,0.294671,-2.042295,-0.863231,0.014611,-0.07821,-0.102347,0.93958,-0.317171,-1.915396,-0.904034,0.918305,jog
439,3.658333,0.028598,-0.015636,-0.909023,0.41547,-1.80328,-0.974115,0.015754,-0.010178,0.063664,-0.953371,0.294833,-2.042275,-0.863147,0.014679,-0.077841,-0.102173,0.93991,-0.316338,-1.916996,-0.904076,0.918119,jog
440,3.666667,0.028609,-0.016846,-0.90896,0.415559,-1.803306,-0.9741,0.015697,-0.010672,0.062697,-0.953359,0.295062,-2.042288,-0.863054,0.014771,-0.077504,-0.101821,0.940301,-0.315371,-1.918489,-0.904147,0.918044,jog
441,3.675,0.028282,-0.017442,-0.908924,0.415635,-1.80331,-0.974096,0.01564,-0.011031,0.061363,-0.953491,0.294904,-2.042287,-0.86291,0.014878,-0.077502,-0.1015,0.940602,-0.314577,-1.920069,-0.904237,0.918013,jog
442,3.683333,0.027237,-0.017583,-0.908868,0.415821,-1.803249,-0.974087,0.015627,-0.011097,0.059944,-0.953584,0.294892,-2.042252,-0.862765,0.014963,-0.077355,-0.101236,0.940894,-0.313825,-1.921634,-0.904327,0.918054,jog
443,3.691667,0.026077,-0.016554,-0.908614,0.416493,-1.803112,-0.974214,0.015664,-0.010956,0.058497,-0.953672,0.294904,-2.042196,-0.862638,0.015013,-0.077378,-0.100829,0.941102,-0.313326,-1.923235,-0.904435,0.918174,jog
444,3.7,0.026747,-0.015632,-0.908336,0.417093,-1.803072,-0.974403,0.015512,-0.01081,0.057418,-0.953727,0.294941,-2.042206,-0.862533,0.015052,-0.077512,-0.100678,0.941316,-0.312696,-1.924822,-0.904502,0.918198,jog
445,3.708333,0.027984,-0.015473,-0.908144,0.417436,-1.803087,-0.974526,0.015357,-0.010688,0.054018,-0.954031,0.294605,-2.042174,-0.862516,0.014992,-0.077592,-0.100323,0.941498,-0.312244,-1.92646,-0.904592,0.918306,jog
446,3.716667,0.02886,-0.015625,-0.907918,0.417862,-1.803091,-0.974617,0.015298,-0.01054,0.052724,-0.95402,0.294882,-2.042211,-0.862423,0.014958,-0.077738,-0.100075,0.941698,-0.311684,-1.928038,-0.904642,0.918322,jog
447,3.725,0.029556,-0.016228,-0.907666,0.418336,-1.803101,-0.974667,0.01522,-0.010582,0.051493,-0.953986,0.295209,-2.042244,-0.862361,0.01493,-0.077854,-0.09983,0.941833,-0.311326,-1.92973,-0.904705,0.918383,jog
448,3.733333,0.031021,-0.021148,-0.907424,0.418536,-1.803257,-0.974534,0.015398,-0.010465,0.050835,-0.95397,0.295378,-2.042261,-0.862326,0.014913,-0.078015,-0.099746,0.941998,-0.310813,-1.931261,-0.904736,0.918378,jog
449,3.741667,0.03081,-0.018587,-0.907122,0.419327,-1.803109,-0.974704,0.015188,-0.010217,0.050666,-0.953934,0.295532,-2.042287,-0.862313,0.01492,-0.078109,-0.099465,0.942092,-0.310593,-1.932896,-0.904773,0.918394,jog
450,3.75,0.031394,-0.023561,-0.906869,0.41958,-1.803228,-0.974454,0.015292,-0.01,0.050471,-0.953898,0.295687,-2.042308,-0.862332,0.01492,-0.078035,-0.099371,0.942273,-0.310093,-1.934377,-0.904797,0.918401,jog
451,3.758333,0.031589,-0.0249,-0.906707,0.419839,-1.803255,-0.974413,0.015316,-0.009931,0.050413,-0.953856,0.295837,-2.042295,-0.862342,0.014929,-0.077906,-0.099174,0.942391,-0.30983,-1.935903,-0.904833,0.918441,jog
452,3.766667,0.031705,-0.026199,-0.906564,0.420061,-1.803282,-0.974329,0.015326,-0.009972,0.050522,-0.953838,0.295874,-2.04229,-0.862349,0.014919,-0.07789,-0.098999,0.942551,-0.309402,-1.937275,-0.904857,0.918467,jog
453,3.775,0.031614,-0.026862,-0.906473,0.420221,-1.803288,-0.974295,0.015387,-0.009904,0.050457,-0.953834,0.295899,-2.042269,-0.86237,0.014912,-0.077705,-0.098903,0.942663,-0.309137,-1.938672,-0.904882,0.918496,jog
454,3.783333,0.031419,-0.027491,-0.906384,0.420386,-1.803264,-0.974229,0.015399,-0.010035,0.050485,-0.953815,0.29595,-2.042243,-0.862369,0.014909,-0.077735,-0.098761,0.942834,-0.308655,-1.939876,-0.904907,0.918546,jog
455,3.791667,0.031515,-0.028144,-0.906319,0.420478,-1.803263,-0.974133,0.015362,-0.010009,0.050473,-0.95381,0.29597,-2.042227,-0.862373,0.014896,-0.077593,-0.098617,0.94295,-0.308383,-1.941187,-0.904927,0.918584,jog
456,3.8,0.031344,-0.028296,-0.906287,0.420548,-1.803234,-0.974069,0.01533,-0.010064,0.050369,-0.953783,0.296075,-2.042215,-0.862367,0.01489,-0.077552,-0.098485,0.943094,-0.307992,-1.942306,-0.904923,0.918572,jog
457,3.808333,0.030876,-0.028419,-0.906233,0.420691,-1.803192,-0.973992,0.015307,-0.010222,0.050297,-0.953776,0.296104,-2.042188,-0.862354,0.014886,-0.07739,-0.098426,0.943217,-0.307677,-1.943491,-0.904923,0.918578,jog
